CustomerKey,Recency,Frequency,Monetary,R_Score,F_Score,M_Score,RFM_Score,Customer_Segment
11000,238,2,4656.3896,2,4,5,11,At Risk
11001,18,2,2821.2122,5,4,5,14,Champions
11002,307,2,4466.812400000001,1,4,5,10,At Risk
11003,231,2,4532.9866,2,4,5,11,At Risk
11004,240,2,4568.0838,2,4,5,11,At Risk
11005,239,2,4502.7596,2,4,5,11,At Risk
11007,283,2,4590.742399999999,1,4,5,10,At Risk
11008,300,2,4502.6982,1,4,5,10,At Risk
11009,232,2,4471.392400000001,2,4,5,11,At Risk
11010,218,2,4459.1008,2,4,5,11,At Risk
11011,283,2,4487.1582,1,4,5,10,At Risk
11012,74,2,91.1842,4,4,2,10,Potential Loyalists
11013,258,1,41.6242,1,1,1,3,Lost Customers
11014,241,2,190.8927,2,4,3,9,At Risk
11015,343,1,2274.3796,1,1,4,6,Can't Lose Them
11016,321,1,2088.6782,1,1,4,6,Can't Lose Them
11017,75,2,2835.4082,4,4,5,13,Champions
11018,65,2,2919.3338000000003,4,4,5,13,Champions
11019,18,15,961.9158,5,5,3,13,Loyal Customers
11020,363,1,2093.0582,1,1,4,6,Can't Lose Them
11021,338,1,2148.0481999999997,1,1,4,6,Can't Lose Them
11022,341,1,2073.7096,1,1,4,6,Can't Lose Them
11023,313,1,142.93,1,1,3,5,Can't Lose Them
11024,154,2,78.02000000000001,3,4,2,9,Potential Loyalists
11025,64,2,2975.2196000000004,4,4,5,13,Champions
11026,74,2,2988.8058,4,4,5,13,Champions
11027,65,2,2998.9008,4,4,5,13,Champions
11028,82,2,2853.3496,4,4,5,13,Champions
11029,47,2,2929.3638000000005,5,4,5,14,Champions
11030,49,2,2831.058,5,4,5,14,Champions
11031,45,2,2839.0296000000003,5,4,5,14,Champions
11032,50,2,2954.5380000000005,5,4,5,14,Champions
11033,53,2,2892.6622,4,4,5,13,Champions
11034,48,2,2845.4382,5,4,5,14,Champions
11035,43,2,2832.7396000000003,5,4,5,14,Champions
11036,339,1,2105.0638000000004,1,1,4,6,Can't Lose Them
11037,341,1,2182.2781999999997,1,1,4,6,Can't Lose Them
11038,46,2,2813.7696,5,4,5,14,Champions
11039,47,2,3040.8864,5,4,5,14,Champions
11040,268,1,2133.3596000000002,1,1,4,6,Can't Lose Them
11041,347,1,2134.5782,1,1,4,6,Can't Lose Them
11042,72,2,2861.8369000000002,4,4,5,13,Champions
11043,131,2,60.2684,3,4,2,9,Potential Loyalists
11044,50,2,2908.3982,5,4,5,14,Champions
11045,60,2,141.6715,4,4,3,11,Loyal Customers
11046,46,2,3015.8558000000003,5,4,5,14,Champions
11047,39,2,2933.7696,5,4,5,14,Champions
11048,3,2,2908.5865999999996,5,4,5,14,Champions
11049,60,2,96.52000000000001,4,4,2,10,Potential Loyalists
11050,39,2,1652.9442,5,4,4,13,Champions
11052,214,2,4519.0724,2,4,5,11,At Risk
11053,344,1,2082.7424,1,1,4,6,Can't Lose Them
11054,211,2,4577.138199999999,2,4,5,11,At Risk
11055,203,2,4557.0838,2,4,5,11,At Risk
11056,210,2,4596.6319,2,4,5,11,At Risk
11057,220,2,4464.479600000001,2,4,5,11,At Risk
11058,206,2,4598.113800000001,2,4,5,11,At Risk
11059,286,3,179.1784,1,5,3,9,At Risk
11060,185,2,4523.4296,2,4,5,11,At Risk
11061,196,2,4520.4396,2,4,5,11,At Risk
11062,354,1,2126.7024,1,1,4,6,Can't Lose Them
11063,349,1,2155.3266,1,1,4,6,Can't Lose Them
11064,336,1,2069.0782,1,1,4,6,Can't Lose Them
11065,320,1,198.58,1,1,3,5,Can't Lose Them
11066,100,2,87.1942,4,4,2,10,Potential Loyalists
11067,131,1,10.27,3,1,1,5,Potential Loyalists
11068,81,3,204.83620000000002,4,5,3,12,Loyal Customers
11069,206,2,4455.489600000001,2,4,5,11,At Risk
11070,184,2,4547.1682,2,4,5,11,At Risk
11071,27,3,168.76,5,5,3,13,Loyal Customers
11072,195,2,4581.399600000001,2,4,5,11,At Risk
11073,128,3,231.4568,3,5,3,11,Loyal Customers
11074,214,3,139.1042,2,5,3,10,At Risk
11075,186,2,4470.1182,2,4,5,11,At Risk
11076,189,2,4510.479600000001,2,4,5,11,At Risk
11077,198,2,4545.4696,2,4,5,11,At Risk
11078,3,16,991.2692,5,5,3,13,Loyal Customers
11079,119,2,84.2084,3,4,2,9,Potential Loyalists
11080,187,2,4582.1811,2,4,5,11,At Risk
11081,258,2,116.5484,1,4,2,7,Potential Loyalists
11082,52,2,2896.5144,4,4,5,13,Champions
11083,50,2,2887.4038000000005,5,4,5,14,Champions
11084,37,2,2846.3096,5,4,5,14,Champions
11085,22,1,78.6242,5,1,2,8,New Customers
11086,7,2,185.7577,5,4,3,12,Loyal Customers
11087,140,2,206.56,3,4,3,10,Loyal Customers
11089,40,2,2968.7438999999995,5,4,5,14,Champions
11090,37,3,6497.737,5,5,5,15,Champions
11091,7,26,1513.1358,5,5,4,14,Champions
11092,189,2,4517.4296,2,4,5,11,At Risk
11093,202,2,4572.7324,2,4,5,11,At Risk
11094,128,2,198.82,3,4,3,10,Loyal Customers
11095,185,2,4550.7624,2,4,5,11,At Risk
11096,150,2,4441.812400000001,3,4,5,12,Loyal Customers
11097,156,2,4488.138199999999,3,4,5,12,Loyal Customers
11098,73,3,148.92,4,5,3,12,Loyal Customers
11099,179,2,4595.0682,3,4,5,12,Loyal Customers
11100,142,2,4585.5358,3,4,5,12,Loyal Customers
11101,181,2,4674.0939,2,4,5,11,At Risk
11102,19,3,150.82999999999998,5,5,3,13,Loyal Customers
11103,204,2,4599.2044000000005,2,4,5,11,At Risk
11104,195,2,4537.128199999999,2,4,5,11,At Risk
11105,205,2,4458.0581999999995,2,4,5,11,At Risk
11106,195,2,4433.1682,2,4,5,11,At Risk
11107,189,2,4588.718000000001,2,4,5,11,At Risk
11108,187,2,4501.812400000001,2,4,5,11,At Risk
11109,186,2,4659.3966,2,4,5,11,At Risk
11110,129,2,4456.138199999999,3,4,5,12,Loyal Customers
11111,127,2,4544.722400000001,3,4,5,12,Loyal Customers
11112,117,2,4693.4396,3,4,5,12,Loyal Customers
11113,250,3,161.4442,2,5,3,10,At Risk
11114,2,3,170.8,5,5,3,13,Loyal Customers
11115,6,2,70.46,5,4,2,11,Potential Loyalists
11116,73,3,158.94,4,5,3,12,Loyal Customers
11117,185,2,4571.698,2,4,5,11,At Risk
11118,48,2,196.7,5,4,3,12,Loyal Customers
11119,35,2,126.4773,5,4,3,12,Loyal Customers
11121,54,3,88.37,4,5,2,11,Potential Loyalists
11122,127,3,85.85999999999999,3,5,2,10,Potential Loyalists
11123,74,2,99.71000000000001,4,4,2,10,Potential Loyalists
11124,192,2,4496.7724,2,4,5,11,At Risk
11125,177,3,141.8981,3,5,3,11,Loyal Customers
11126,55,2,1625.6399999999999,4,4,4,12,Champions
11127,88,2,52.96,4,4,1,9,Potential Loyalists
11128,137,2,164.63150000000002,3,4,3,10,Loyal Customers
11129,352,2,5627.3682,1,4,5,10,At Risk
11130,19,1,37.29,5,1,1,7,New Customers
11131,6,4,211.7926,5,5,3,13,Loyal Customers
11132,262,1,2189.9782,1,1,4,6,Can't Lose Them
11134,55,2,1511.8400000000001,4,4,4,12,Champions
11135,253,1,2101.3796,2,1,4,7,Can't Lose Them
11136,358,1,2156.5582,1,1,4,6,Can't Lose Them
11137,149,1,198.58,3,1,3,7,Potential Loyalists
11138,100,1,37.6342,4,1,1,6,New Customers
11139,72,2,115.3357,4,4,2,10,Potential Loyalists
11140,283,1,44.980000000000004,1,1,1,3,Lost Customers
11141,91,2,126.58420000000001,4,4,3,11,Loyal Customers
11142,12,15,1117.2504,5,5,4,14,Champions
11143,9,2,67.11,5,4,2,11,Potential Loyalists
11144,336,1,2152.1555,1,1,4,6,Can't Lose Them
11145,336,1,2079.0582,1,1,4,6,Can't Lose Them
11146,104,3,171.1784,4,5,3,12,Loyal Customers
11147,73,2,4615.18,4,4,5,13,Champions
11148,25,3,183.5,5,5,3,13,Loyal Customers
11149,29,3,101.82839999999999,5,5,2,12,Potential Loyalists
11150,165,3,256.9488,3,5,3,11,Loyal Customers
11151,69,2,4498.9966,4,4,5,13,Champions
11152,352,1,2049.0982,1,1,4,6,Can't Lose Them
11153,273,2,126.03,1,4,3,8,At Risk
11154,351,1,2071.4196,1,1,4,6,Can't Lose Them
11155,355,1,2071.4196,1,1,4,6,Can't Lose Them
11156,353,1,2144.0782,1,1,4,6,Can't Lose Them
11157,108,2,47.56,4,4,1,9,Potential Loyalists
11158,342,1,2169.3696,1,1,4,6,Can't Lose Them
11159,51,2,60.42,5,4,2,11,Potential Loyalists
11160,309,1,2073.7096,1,1,4,6,Can't Lose Them
11161,47,2,116.5642,5,4,2,11,Potential Loyalists
11162,312,1,2082.7424,1,1,4,6,Can't Lose Them
11163,144,2,62.53,3,4,2,9,Potential Loyalists
11164,144,2,156.03,3,4,3,10,Loyal Customers
11165,205,2,106.48,2,4,2,8,Potential Loyalists
11166,22,2,95.5942,5,4,2,11,Potential Loyalists
11167,30,2,2880.4382,5,4,5,14,Champions
11168,42,2,2942.8824,5,4,5,14,Champions
11169,95,2,91.1842,4,4,2,10,Potential Loyalists
11170,123,1,83.53999999999999,3,1,2,6,Potential Loyalists
11171,51,3,6534.5882,5,5,5,15,Champions
11172,238,1,45.6142,2,1,1,4,Lost Customers
11173,4,2,106.48,5,4,2,11,Potential Loyalists
11174,155,2,62.120000000000005,3,4,2,9,Potential Loyalists
11175,55,3,6536.9096,4,5,5,14,Champions
11176,37,24,1526.0318,5,5,4,14,Champions
11177,75,2,142.53,4,4,3,11,Loyal Customers
11178,215,2,152.9842,2,4,3,9,At Risk
11179,290,1,93.93,1,1,2,4,Lost Customers
11180,94,2,168.6904,4,4,3,11,Loyal Customers
11181,169,2,49.26,3,4,1,8,Potential Loyalists
11182,121,1,49.56,3,1,1,5,Potential Loyalists
11183,197,2,57.54,2,4,1,7,Potential Loyalists
11184,80,2,99.21,4,4,2,10,Potential Loyalists
11185,15,25,1716.7586,5,5,4,14,Champions
11186,71,1,7.98,4,1,1,6,New Customers
11187,143,2,111.47,3,4,2,9,Potential Loyalists
11188,57,1,79.97,4,1,2,7,New Customers
11190,121,1,8.57,3,1,1,5,Potential Loyalists
11191,52,3,6508.298000000001,4,5,5,14,Champions
11192,94,2,121.2484,4,4,2,10,Potential Loyalists
11193,131,2,47.56,3,4,1,8,Potential Loyalists
11194,20,2,137.33620000000002,5,4,3,12,Loyal Customers
11195,67,2,138.2804,4,4,3,11,Loyal Customers
11196,95,2,169.56,4,4,3,11,Loyal Customers
11197,160,2,216.13,3,4,3,10,Loyal Customers
11198,317,2,123.7204,1,4,3,8,At Risk
11199,72,2,165.0,4,4,3,11,Loyal Customers
11200,10,25,1613.8803,5,5,4,14,Champions
11201,110,2,203.6415,4,4,3,11,Loyal Customers
11202,98,2,72.63419999999999,4,4,2,10,Potential Loyalists
11203,17,17,1002.0515,5,5,3,13,Loyal Customers
11205,81,2,39.58,4,4,1,9,Potential Loyalists
11206,211,2,83.2042,2,4,2,8,Potential Loyalists
11207,71,2,88.1942,4,4,2,10,Potential Loyalists
11208,102,2,158.78,4,4,3,11,Loyal Customers
11209,277,1,2.29,1,1,1,3,Lost Customers
11210,113,2,104.6362,3,4,2,9,Potential Loyalists
11211,27,16,947.9645,5,5,3,13,Loyal Customers
11212,15,15,969.7831,5,5,3,13,Loyal Customers
11213,110,2,84.55000000000001,4,4,2,10,Potential Loyalists
11214,39,2,171.85,5,4,3,12,Loyal Customers
11215,13,17,1335.8495,5,5,4,14,Champions
11216,325,2,5707.3382,1,4,5,10,At Risk
11217,316,2,5704.6796,1,4,5,10,At Risk
11218,302,1,4.58,1,1,1,3,Lost Customers
11219,60,1,39.58,4,1,1,6,New Customers
11220,15,2,67.75,5,4,2,11,Potential Loyalists
11221,72,2,53.55,4,4,1,9,Potential Loyalists
11222,30,2,223.89260000000002,5,4,3,12,Loyal Customers
11223,16,26,1615.6584,5,5,4,14,Champions
11224,25,3,6438.3524,5,5,5,15,Champions
11226,271,2,39.58,1,4,1,6,Potential Loyalists
11227,320,2,5701.2882,1,4,5,10,At Risk
11228,64,1,4.58,4,1,1,6,New Customers
11229,153,1,49.56,3,1,1,5,Potential Loyalists
11230,19,2,72.77000000000001,5,4,2,11,Potential Loyalists
11231,46,2,88.53,5,4,2,11,Potential Loyalists
11232,45,2,41.87,5,4,1,10,Potential Loyalists
11233,202,2,224.3919,2,4,3,9,At Risk
11234,100,2,81.2042,4,4,2,10,Potential Loyalists
11235,176,1,78.6242,3,1,2,6,Potential Loyalists
11236,86,1,78.6242,4,1,2,7,New Customers
11237,33,4,10065.0121,5,5,5,15,Champions
11238,241,3,3908.8308,2,5,5,12,At Risk
11239,213,3,3940.3707999999997,2,5,5,12,At Risk
11240,228,3,4011.86,2,5,5,12,At Risk
11241,60,7,11330.4494,4,5,5,14,Champions
11242,24,7,10852.034,5,5,5,15,Champions
11243,201,3,3535.9923999999996,2,5,5,12,At Risk
11244,161,3,3594.9480000000003,3,5,5,13,Loyal Customers
11245,17,4,10165.9221,5,5,5,15,Champions
11247,132,3,3527.9439,3,5,5,13,Loyal Customers
11248,166,1,75.0562,3,1,2,6,Potential Loyalists
11249,104,4,9668.0239,4,5,5,14,Champions
11250,143,3,3562.2227999999996,3,5,5,13,Loyal Customers
11251,71,1,2096.3466,4,1,4,9,Potential Loyalists
11252,10,3,6481.2480000000005,5,5,5,15,Champions
11253,25,16,904.526,5,5,3,13,Loyal Customers
11254,14,2,264.5623,5,4,3,12,Loyal Customers
11255,271,2,117.6042,1,4,2,7,Potential Loyalists
11256,73,2,98.4642,4,4,2,10,Potential Loyalists
11257,14,3,6458.6744,5,5,5,15,Champions
11258,165,2,61.17,3,4,2,9,Potential Loyalists
11259,8,3,6523.3624,5,5,5,15,Champions
11260,187,2,91.1842,2,4,2,8,Potential Loyalists
11261,5,3,6403.3624,5,5,5,15,Champions
11262,12,24,1464.7873,5,5,4,14,Champions
11263,18,3,6522.1719,5,5,5,15,Champions
11264,28,2,2971.8012,5,4,5,14,Champions
11265,358,1,2104.7224,1,1,4,6,Can't Lose Them
11266,341,2,5696.938,1,4,5,10,At Risk
11267,354,2,5717.3081999999995,1,4,5,10,At Risk
11268,42,2,125.1642,5,4,3,12,Loyal Customers
11269,109,2,51.85,4,4,1,9,Potential Loyalists
11270,354,2,5758.9624,1,4,5,10,At Risk
11271,339,2,5729.6596,1,4,5,10,At Risk
11272,348,2,5748.6396,1,4,5,10,At Risk
11273,218,2,316.1242,2,4,3,9,At Risk
11274,306,2,5647.3382,1,4,5,10,At Risk
11275,349,2,5749.2738,1,4,5,10,At Risk
11276,4,23,1111.2256,5,5,4,14,Champions
11277,35,24,1776.6914,5,5,4,14,Champions
11278,358,2,5661.0124,1,4,5,10,At Risk
11279,188,2,56.43,2,4,1,7,Potential Loyalists
11280,141,2,77.27000000000001,3,4,2,9,Potential Loyalists
11281,350,2,5695.5496,1,4,5,10,At Risk
11282,359,2,5779.8081999999995,1,4,5,10,At Risk
11283,121,2,51.44,3,4,1,8,Potential Loyalists
11284,239,2,68.00999999999999,2,4,2,8,Potential Loyalists
11285,63,2,162.01,4,4,3,11,Loyal Customers
11286,341,2,5736.6839,1,4,5,10,At Risk
11287,26,24,1442.9618,5,5,4,14,Champions
11288,128,2,79.56,3,4,2,9,Potential Loyalists
11289,345,2,5713.7882,1,4,5,10,At Risk
11290,334,2,5684.6795999999995,1,4,5,10,At Risk
11291,342,2,5627.3682,1,4,5,10,At Risk
11292,361,2,5733.2582,1,4,5,10,At Risk
11293,287,2,99.1042,1,4,2,7,Potential Loyalists
11294,94,1,4.58,4,1,1,6,New Customers
11295,352,2,5814.6696,1,4,5,10,At Risk
11296,332,2,5678.1982,1,4,5,10,At Risk
11297,310,2,5705.9924,1,4,5,10,At Risk
11298,309,2,5701.928,1,4,5,10,At Risk
11299,306,2,5791.3282,1,4,5,10,At Risk
11300,9,26,1839.0095000000001,5,5,4,14,Champions
11301,78,2,137.1942,4,4,3,11,Loyal Customers
11302,328,2,5722.2282,1,4,5,10,At Risk
11303,307,2,5631.9482,1,4,5,10,At Risk
11304,249,2,154.43,2,4,3,9,At Risk
11305,145,2,80.9142,3,4,2,9,Potential Loyalists
11306,112,2,47.269999999999996,3,4,1,8,Potential Loyalists
11307,322,2,5755.6096,1,4,5,10,At Risk
11308,112,1,113.95,3,1,2,6,Potential Loyalists
11309,171,1,44.980000000000004,3,1,1,5,Potential Loyalists
11310,4,2,84.55000000000001,5,4,2,11,Potential Loyalists
11311,106,2,83.2042,4,4,2,10,Potential Loyalists
11312,208,2,49.56,2,4,1,7,Potential Loyalists
11313,32,2,59.13,5,4,1,10,Potential Loyalists
11315,11,2,44.57,5,4,1,10,Potential Loyalists
11316,349,1,2104.0881999999997,1,1,4,6,Can't Lose Them
11317,312,2,5627.3682,1,4,5,10,At Risk
11318,50,2,56.43,5,4,1,10,Potential Loyalists
11319,306,2,5704.972400000001,1,4,5,10,At Risk
11320,130,2,109.42,3,4,2,9,Potential Loyalists
11321,213,2,39.58,2,4,1,7,Potential Loyalists
11322,220,2,51.85,2,4,1,7,Potential Loyalists
11323,331,2,5835.9282,1,4,5,10,At Risk
11324,325,2,5719.3955000000005,1,4,5,10,At Risk
11325,330,2,5859.5596,1,4,5,10,At Risk
11326,310,2,5707.3382,1,4,5,10,At Risk
11327,329,2,5676.9282,1,4,5,10,At Risk
11328,264,2,4483.4496,1,4,5,10,At Risk
11329,320,2,5649.6896,1,4,5,10,At Risk
11330,14,26,1596.6127,5,5,4,14,Champions
11331,25,26,1739.5752,5,5,4,14,Champions
11332,355,2,5505.0538,1,4,5,10,At Risk
11333,166,2,4537.6738000000005,3,4,5,12,Loyal Customers
11334,153,2,4519.093800000001,3,4,5,12,Loyal Customers
11335,357,2,5519.9496,1,4,5,10,At Risk
11336,356,2,4216.4334,1,4,5,10,At Risk
11337,161,2,4552.4196,3,4,5,12,Loyal Customers
11338,362,2,5511.3596,1,4,5,10,At Risk
11339,336,2,4133.1864,1,4,5,10,At Risk
11340,359,2,4182.1464,1,4,5,10,At Risk
11341,161,2,4606.0508,3,4,5,12,Loyal Customers
11342,168,1,61.6042,3,1,2,6,Potential Loyalists
11343,156,2,4595.1181,3,4,5,12,Loyal Customers
11344,157,2,4512.8044,3,4,5,12,Loyal Customers
11345,361,2,4155.5178,1,4,5,10,At Risk
11346,319,2,4265.1893,1,4,5,10,At Risk
11347,286,1,36.95,1,1,1,3,Lost Customers
11348,271,1,72.96000000000001,1,1,2,4,Lost Customers
11350,325,1,98.6043,1,1,2,4,Lost Customers
11351,121,2,4470.1182,3,4,5,12,Loyal Customers
11352,240,1,27.96,2,1,1,4,Lost Customers
11353,141,2,4481.108200000001,3,4,5,12,Loyal Customers
11354,25,1,36.2584,5,1,1,7,New Customers
11355,93,1,27.96,4,1,1,6,New Customers
11356,58,2,1713.27,4,4,4,12,Champions
11357,60,2,1590.79,4,4,4,12,Champions
11358,44,2,1690.7126,5,4,4,13,Champions
11359,24,2,1637.31,5,4,4,13,Champions
11360,6,2,1632.7626,5,4,4,13,Champions
11361,34,2,141.6715,5,4,3,12,Loyal Customers
11362,95,2,129.90730000000002,4,4,3,11,Loyal Customers
11363,10,2,1635.8200000000002,5,4,4,13,Champions
11365,6,2,1654.79,5,4,4,13,Champions
11366,134,2,102.62729999999999,3,4,2,9,Potential Loyalists
11367,33,2,120.60730000000001,5,4,2,11,Potential Loyalists
11368,27,2,1842.8735000000001,5,4,4,13,Champions
11369,1,2,150.32569999999998,5,4,3,12,Loyal Customers
11370,88,2,108.0273,4,4,2,10,Potential Loyalists
11371,0,2,98.0473,5,4,2,11,Potential Loyalists
11372,14,2,1599.81,5,4,4,13,Champions
11373,122,1,98.6043,3,1,2,6,Potential Loyalists
11374,256,1,102.95,2,1,2,5,Lost Customers
11375,72,1,36.95,4,1,1,6,New Customers
11376,74,1,101.0862,4,1,2,7,New Customers
11377,302,1,116.0273,1,1,2,4,Lost Customers
11378,316,2,4196.463400000001,1,4,5,10,At Risk
11379,304,2,4220.102,1,4,5,10,At Risk
11380,327,2,5622.8982,1,4,5,10,At Risk
11381,131,2,4555.0738,3,4,5,12,Loyal Customers
11382,314,2,4098.1964,1,4,5,10,At Risk
11384,147,1,70.5942,3,1,2,6,Potential Loyalists
11385,174,1,27.96,3,1,1,5,Potential Loyalists
11387,270,3,6719.219599999999,1,5,5,11,At Risk
11388,245,3,6761.1096,2,5,5,12,At Risk
11389,41,1,102.95,5,1,2,8,New Customers
11390,51,1,57.6042,5,1,1,7,New Customers
11391,63,1,67.96,4,1,2,7,New Customers
11392,273,1,57.98,1,1,1,3,Lost Customers
11393,164,1,27.96,3,1,1,5,Potential Loyalists
11394,147,3,7936.3296,3,5,5,13,Loyal Customers
11395,310,2,5491.3896,1,4,5,10,At Risk
11396,63,1,57.98,4,1,1,6,New Customers
11397,173,1,46.518100000000004,3,1,1,5,Potential Loyalists
11398,147,3,7866.8024000000005,3,5,5,13,Loyal Customers
11399,258,1,32.95,1,1,1,3,Lost Customers
11400,161,3,6756.5323,3,5,5,13,Loyal Customers
11401,294,3,4796.2382,1,5,5,11,At Risk
11402,269,3,4841.6818,1,5,5,11,At Risk
11403,213,3,4826.6376,2,5,5,12,At Risk
11404,320,1,67.96,1,1,2,4,Lost Customers
11405,271,1,53.99,1,1,1,3,Lost Customers
11406,321,2,4211.7262,1,4,5,10,At Risk
11407,187,1,53.99,2,1,1,4,Lost Customers
11408,297,1,68.2484,1,1,2,4,Lost Customers
11409,333,2,4200.4878,1,4,5,10,At Risk
11410,326,2,4216.253699999999,1,4,5,10,At Risk
11411,145,1,60.4981,3,1,2,6,Potential Loyalists
11412,78,4,9706.9134,4,5,5,14,Champions
11413,114,4,7020.4579,3,5,5,13,Loyal Customers
11414,104,4,6962.998,4,5,5,14,Champions
11415,133,1,27.96,3,1,1,5,Potential Loyalists
11416,236,3,4689.8106,2,5,5,12,At Risk
11417,13,7,11085.7504,5,5,5,15,Champions
11418,11,1,38.6342,5,1,1,7,New Customers
11419,183,2,244.3842,2,4,3,9,At Risk
11420,29,7,11022.4002,5,5,5,15,Champions
11421,80,4,9534.1482,4,5,5,14,Champions
11422,55,4,6874.270799999999,4,5,5,14,Champions
11423,69,4,9716.9908,4,5,5,14,Champions
11424,250,1,50.932599999999994,2,1,1,4,Lost Customers
11425,7,6,10391.430400000001,5,5,5,15,Champions
11426,262,1,34.99,1,1,1,3,Lost Customers
11427,69,4,9717.6506,4,5,5,14,Champions
11428,67,4,9761.602200000001,4,5,5,14,Champions
11429,4,6,10289.6862,5,5,5,15,Champions
11430,283,1,81.7115,1,1,2,4,Lost Customers
11431,89,4,9687.3666,4,5,5,14,Champions
11432,3,6,9180.9349,5,5,5,15,Champions
11433,105,6,12407.9545,4,5,5,14,Champions
11434,165,2,105.93,3,4,2,9,Potential Loyalists
11436,191,2,109.53,2,4,2,8,Potential Loyalists
11437,9,1,53.99,5,1,1,7,New Customers
11438,325,1,33.6442,1,1,1,3,Lost Customers
11439,69,6,12015.402900000001,4,5,5,14,Champions
11440,275,1,101.0862,1,1,2,4,Lost Customers
11442,90,1,33.6442,4,1,1,6,New Customers
11443,88,2,4634.752399999999,4,4,5,13,Champions
11444,208,2,4533.093800000001,2,4,5,11,At Risk
11445,182,2,4471.1282,2,4,5,11,At Risk
11446,189,2,4602.7006,2,4,5,11,At Risk
11447,210,2,4490.4066,2,4,5,11,At Risk
11448,189,2,4534.4066,2,4,5,11,At Risk
11449,186,2,4524.628000000001,2,4,5,11,At Risk
11450,193,2,4572.5738,2,4,5,11,At Risk
11451,205,3,8044.2024,2,5,5,12,At Risk
11452,198,3,7945.446599999999,2,5,5,12,At Risk
11453,191,3,7935.013800000001,2,5,5,12,At Risk
11454,192,3,7841.8024000000005,2,5,5,12,At Risk
11455,210,3,7901.758,2,5,5,12,At Risk
11456,210,3,8063.758599999999,2,5,5,12,At Risk
11457,209,3,7982.6936000000005,2,5,5,12,At Risk
11458,155,2,68.1384,3,4,2,9,Potential Loyalists
11459,192,3,7891.4138,2,5,5,12,At Risk
11460,200,3,7953.2044,2,5,5,12,At Risk
11461,159,3,7841.8024000000005,3,5,5,13,Loyal Customers
11462,155,3,7870.0496,3,5,5,13,Loyal Customers
11463,15,3,70.85,5,5,2,12,Potential Loyalists
11464,179,3,7920.2044,3,5,5,13,Loyal Customers
11465,167,3,7909.4696,3,5,5,13,Loyal Customers
11466,128,3,145.39000000000001,3,5,3,11,Loyal Customers
11467,69,2,103.78999999999999,4,4,2,10,Potential Loyalists
11468,128,3,6709.3269,3,5,5,13,Loyal Customers
11469,140,1,54.949999999999996,3,1,1,5,Potential Loyalists
11470,309,2,4098.1964,1,4,5,10,At Risk
11471,224,1,53.99,2,1,1,4,Lost Customers
11472,63,3,7940.8,4,5,5,14,Champions
11473,208,1,79.9226,2,1,2,5,Lost Customers
11474,93,1,98.0562,4,1,2,7,New Customers
11475,248,1,67.7684,2,1,2,5,Lost Customers
11476,57,1,53.99,4,1,1,6,New Customers
11477,94,1,34.99,4,1,1,6,New Customers
11478,252,1,53.99,2,1,1,4,Lost Customers
11479,217,3,4751.6378,2,5,5,12,At Risk
11480,155,3,4718.4278,3,5,5,13,Loyal Customers
11481,250,3,4743.4578,2,5,5,12,At Risk
11482,109,3,7922.103800000001,4,5,5,14,Champions
11483,161,3,4717.8192,3,5,5,13,Loyal Customers
11484,272,3,4756.122,1,5,5,11,At Risk
11485,107,3,6813.3638,4,5,5,14,Champions
11486,34,1,33.6442,5,1,1,7,New Customers
11487,13,1,53.99,5,1,1,7,New Customers
11488,120,3,7850.058,3,5,5,13,Loyal Customers
11489,91,3,7924.8242,4,5,5,14,Champions
11490,267,1,53.99,1,1,1,3,Lost Customers
11491,112,3,7952.0638,3,5,5,13,Loyal Customers
11492,311,2,4154.162,1,4,5,10,At Risk
11493,107,3,6725.5424,4,5,5,14,Champions
11495,63,1,18.97,4,1,1,6,New Customers
11496,53,3,6784.2639,4,5,5,14,Champions
11497,54,1,34.99,4,1,1,6,New Customers
11499,181,2,231.71,2,4,3,9,At Risk
11500,1,15,848.9118,5,5,3,13,Loyal Customers
11501,1,13,844.6333999999999,5,5,3,13,Loyal Customers
11502,37,13,1051.4949,5,5,4,14,Champions
11503,20,2,86.67620000000001,5,4,2,11,Potential Loyalists
11504,238,2,54.14,2,4,1,7,Potential Loyalists
11505,4,16,1103.5171,5,5,4,14,Champions
11506,66,15,934.2776,4,5,3,12,Loyal Customers
11507,11,15,859.4621999999999,5,5,3,13,Loyal Customers
11508,227,2,83.2042,2,4,2,8,Potential Loyalists
11509,151,1,198.58,3,1,3,7,Potential Loyalists
11510,2,5,389.2839,5,5,3,13,Loyal Customers
11511,289,1,35.0,1,1,1,3,Lost Customers
11512,0,1,2071.4196,5,1,4,10,Potential Loyalists
11513,202,1,915.2004,2,1,3,6,Can't Lose Them
11514,186,1,44.980000000000004,2,1,1,4,Lost Customers
11515,251,2,5704.972400000001,2,4,5,11,At Risk
11516,194,2,5676.9282,2,4,5,11,At Risk
11517,126,2,130.3004,3,4,3,10,Loyal Customers
11518,47,2,121.45,5,4,2,11,Potential Loyalists
11520,4,15,1022.8072,5,5,3,13,Loyal Customers
11521,51,2,56.84,5,4,1,10,Potential Loyalists
11522,329,2,5657.3282,1,4,5,10,At Risk
11523,315,1,2149.0238,1,1,4,6,Can't Lose Them
11524,72,2,47.27,4,4,1,9,Potential Loyalists
11525,308,2,5689.2696,1,4,5,10,At Risk
11526,327,1,2149.0238,1,1,4,6,Can't Lose Them
11527,57,2,44.16,4,4,1,9,Potential Loyalists
11528,311,2,5804.2438999999995,1,4,5,10,At Risk
11529,326,2,5732.2538,1,4,5,10,At Risk
11530,79,15,757.5879,4,5,3,12,Loyal Customers
11531,322,2,5631.9482,1,4,5,10,At Risk
11532,1,2,54.14,5,4,1,10,Potential Loyalists
11533,227,1,6.87,2,1,1,4,Lost Customers
11534,316,2,5740.404399999999,1,4,5,10,At Risk
11535,287,2,5710.2782,1,4,5,10,At Risk
11536,281,2,5676.9282,1,4,5,10,At Risk
11537,278,2,5627.3682,1,4,5,10,At Risk
11538,301,2,5693.3081999999995,1,4,5,10,At Risk
11539,277,2,5770.42,1,4,5,10,At Risk
11540,281,2,5742.2182,1,4,5,10,At Risk
11541,258,2,5723.3238,1,4,5,10,At Risk
11542,230,1,68.94,2,1,2,5,Lost Customers
11543,7,1,53.99,5,1,1,7,New Customers
11544,121,1,88.98,3,1,2,6,Potential Loyalists
11545,167,1,53.99,3,1,1,5,Potential Loyalists
11546,290,2,4221.7992,1,4,5,10,At Risk
11547,152,3,4727.796200000001,3,5,5,13,Loyal Customers
11549,16,3,6795.925499999999,5,5,5,15,Champions
11550,286,3,4994.1906,1,5,5,11,At Risk
11551,301,1,53.99,1,1,1,3,Lost Customers
11553,127,1,42.98,3,1,1,5,Potential Loyalists
11554,233,1,34.99,2,1,1,4,Lost Customers
11555,233,1,33.6442,2,1,1,4,Lost Customers
11556,7,1,21.49,5,1,1,7,New Customers
11557,141,1,42.98,3,1,1,5,Potential Loyalists
11558,28,1,42.98,5,1,1,7,New Customers
11559,29,1,33.6442,5,1,1,7,New Customers
11560,25,1,53.99,5,1,1,7,New Customers
11561,291,2,4098.1964,1,4,5,10,At Risk
11562,184,1,81.7115,2,1,2,5,Lost Customers
11563,175,1,53.99,3,1,1,5,Potential Loyalists
11564,284,2,4120.5178,1,4,5,10,At Risk
11565,111,1,33.6442,3,1,1,5,Potential Loyalists
11566,23,24,1424.487,5,5,4,14,Champions
11567,287,1,53.99,1,1,1,3,Lost Customers
11568,99,3,6554.869200000001,4,5,5,14,Champions
11569,38,1,33.6442,5,1,1,7,New Customers
11570,288,2,4142.8392,1,4,5,10,At Risk
11571,282,2,4169.0578000000005,1,4,5,10,At Risk
11572,294,2,4225.0776000000005,1,4,5,10,At Risk
11573,153,1,34.99,3,1,1,5,Potential Loyalists
11574,287,1,33.6442,1,1,1,3,Lost Customers
11575,103,3,6601.159,4,5,5,14,Champions
11576,279,2,4240.5178,1,4,5,10,At Risk
11577,290,2,4098.1964,1,4,5,10,At Risk
11578,290,2,4172.7992,1,4,5,10,At Risk
11579,149,1,52.278400000000005,3,1,1,5,Potential Loyalists
11580,255,1,33.6442,2,1,1,4,Lost Customers
11581,36,5,271.69100000000003,5,5,3,13,Loyal Customers
11582,279,2,4131.8405999999995,1,4,5,10,At Risk
11583,263,2,4165.4578,1,4,5,10,At Risk
11584,103,1,17.2884,4,1,1,6,New Customers
11586,61,1,17.2884,4,1,1,6,New Customers
11587,262,2,4296.7764,1,4,5,10,At Risk
11588,229,2,4120.5178,2,4,5,11,At Risk
11589,206,1,39.95,2,1,1,4,Lost Customers
11590,218,2,4150.477800000001,2,4,5,11,At Risk
11591,218,1,2115.0382,2,1,4,7,Can't Lose Them
11592,229,1,2053.6782,2,1,4,7,Can't Lose Them
11593,191,1,2091.3996,2,1,4,7,Can't Lose Them
11594,132,1,87.63419999999999,3,1,2,6,Potential Loyalists
11596,88,1,64.95,4,1,2,7,New Customers
11598,278,2,4302.4192,1,4,5,10,At Risk
11599,198,1,2152.3122000000003,2,1,4,7,Can't Lose Them
11600,235,1,33.6442,2,1,1,4,Lost Customers
11601,203,1,2129.9908,2,1,4,7,Can't Lose Them
11602,170,1,33.6442,3,1,1,5,Potential Loyalists
11603,81,3,6532.5478,4,5,5,14,Champions
11604,73,3,6564.8261999999995,4,5,5,14,Champions
11605,302,2,4098.1964,1,4,5,10,At Risk
11606,182,1,2118.668,2,1,4,7,Can't Lose Them
11607,200,1,2101.3796,2,1,4,7,Can't Lose Them
11608,15,1,33.6442,5,1,1,7,New Customers
11609,35,3,6663.8405999999995,5,5,5,15,Champions
11610,57,3,6576.5078,4,5,5,14,Champions
11611,181,1,2049.0982,2,1,4,7,Can't Lose Them
11612,40,3,6593.1864000000005,5,5,5,15,Champions
11613,247,2,4150.477800000001,2,4,5,11,At Risk
11614,266,2,4204.4678,1,4,5,10,At Risk
11615,258,3,5004.0892,1,5,5,11,At Risk
11616,256,3,5083.9218,2,5,5,12,At Risk
11617,264,2,5689.2696,1,4,5,10,At Risk
11618,321,1,2146.3596000000002,1,1,4,6,Can't Lose Them
11619,26,16,813.306,5,5,3,13,Loyal Customers
11620,153,2,54.14,3,4,1,8,Potential Loyalists
11621,59,2,178.5657,4,4,3,11,Loyal Customers
11622,195,2,178.70350000000002,2,4,3,9,At Risk
11623,245,2,5705.9924,2,4,5,11,At Risk
11624,247,2,5649.6896,2,4,5,11,At Risk
11625,248,2,5672.3482,2,4,5,11,At Risk
11626,264,2,5734.8282,1,4,5,10,At Risk
11627,49,2,63.17,5,4,2,11,Potential Loyalists
11628,271,2,5634.2382,1,4,5,10,At Risk
11629,253,2,5706.3182,2,4,5,11,At Risk
11630,244,2,5684.6896,2,4,5,11,At Risk
11631,3,16,1001.3815,5,5,3,13,Loyal Customers
11633,45,1,6.87,5,1,1,7,New Customers
11634,245,2,41.87,2,4,1,7,Potential Loyalists
11635,98,2,49.56,4,4,1,9,Potential Loyalists
11636,108,1,83.6142,4,1,2,7,New Customers
11637,315,2,41.87,1,4,1,6,Potential Loyalists
11638,70,2,83.2042,4,4,2,10,Potential Loyalists
11639,49,1,121.70150000000001,5,1,2,8,New Customers
11640,39,4,451.4761,5,5,3,13,Loyal Customers
11641,131,5,436.2677,3,5,3,11,Loyal Customers
11642,4,4,479.89,5,5,3,13,Loyal Customers
11643,176,2,113.52730000000001,3,4,2,9,Potential Loyalists
11644,224,1,44.980000000000004,2,1,1,4,Lost Customers
11645,48,1,53.99,5,1,1,7,New Customers
11646,155,2,112.5381,3,4,2,9,Potential Loyalists
11647,315,1,2162.628,1,1,4,6,Can't Lose Them
11648,117,2,88.99000000000001,3,4,2,9,Potential Loyalists
11649,248,2,93.57,2,4,2,8,Potential Loyalists
11650,11,2,132.6142,5,4,3,12,Loyal Customers
11651,71,5,311.5342,4,5,3,12,Loyal Customers
11652,10,5,458.111,5,5,3,13,Loyal Customers
11653,77,2,175.69150000000002,4,4,3,11,Loyal Customers
11654,247,2,5727.2938,2,4,5,11,At Risk
11655,26,2,65.46000000000001,5,4,2,11,Potential Loyalists
11656,108,1,78.6242,4,1,2,7,New Customers
11657,216,1,126.6915,2,1,3,6,Can't Lose Them
11658,156,2,139.2284,3,4,3,10,Loyal Customers
11659,28,4,285.2942,5,5,3,13,Loyal Customers
11660,133,5,449.9504,3,5,3,11,Loyal Customers
11661,14,5,380.5257,5,5,3,13,Loyal Customers
11662,174,2,110.8584,3,4,2,9,Potential Loyalists
11663,315,2,5705.9924,1,4,5,10,At Risk
11664,309,2,5705.9924,1,4,5,10,At Risk
11665,316,2,5706.3182,1,4,5,10,At Risk
11666,323,2,5707.3382,1,4,5,10,At Risk
11667,9,2,93.57,5,4,2,11,Potential Loyalists
11668,12,1,83.6142,5,1,2,8,New Customers
11669,130,2,139.0284,3,4,3,10,Loyal Customers
11670,101,2,110.85839999999999,4,4,2,10,Potential Loyalists
11671,263,2,5741.7169,1,4,5,10,At Risk
11672,101,2,136.08620000000002,4,4,3,11,Loyal Customers
11673,299,2,203.89260000000002,1,4,3,8,At Risk
11674,131,2,101.26,3,4,2,9,Potential Loyalists
11675,321,2,5649.6896,1,4,5,10,At Risk
11676,19,2,93.57,5,4,2,11,Potential Loyalists
11677,28,5,372.6535,5,5,3,13,Loyal Customers
11678,325,2,5654.2696,1,4,5,10,At Risk
11679,29,2,166.5942,5,4,3,12,Loyal Customers
11680,118,1,44.980000000000004,3,1,1,5,Potential Loyalists
11681,33,2,144.9126,5,4,3,12,Loyal Customers
11682,19,2,252.98000000000002,5,4,3,12,Loyal Customers
11683,323,2,5684.6066,1,4,5,10,At Risk
11684,16,2,98.97,5,4,2,11,Potential Loyalists
11685,15,2,140.10840000000002,5,4,3,12,Loyal Customers
11687,189,2,106.2784,2,4,2,8,Potential Loyalists
11688,316,2,5726.3681,1,4,5,10,At Risk
11689,117,2,88.99000000000001,3,4,2,9,Potential Loyalists
11690,245,2,5689.3081999999995,2,4,5,11,At Risk
11691,222,2,172.91,2,4,3,9,At Risk
11692,173,1,39.99,3,1,1,5,Potential Loyalists
11693,333,1,2049.0982,1,1,4,6,Can't Lose Them
11694,91,2,132.6142,4,4,3,11,Loyal Customers
11695,130,2,132.6142,3,4,3,10,Loyal Customers
11696,242,2,5627.3682,2,4,5,11,At Risk
11697,85,2,169.3157,4,4,3,11,Loyal Customers
11698,77,4,293.1135,4,5,3,12,Loyal Customers
11699,140,2,176.79840000000002,3,4,3,10,Loyal Customers
11700,201,2,149.9026,2,4,3,9,At Risk
11701,237,2,132.61419999999998,2,4,3,9,At Risk
11702,44,2,103.55000000000001,5,4,2,11,Potential Loyalists
11703,42,2,110.85839999999999,5,4,2,11,Potential Loyalists
11705,214,2,5701.5396,2,4,5,11,At Risk
11706,85,2,88.99000000000001,4,4,2,10,Potential Loyalists
11707,217,2,5774.726900000001,2,4,5,11,At Risk
11708,213,2,5670.1696,2,4,5,11,At Risk
11709,75,5,443.5804,4,5,3,12,Loyal Customers
11710,16,2,106.2784,5,4,2,11,Potential Loyalists
11711,3,24,1403.8506,5,5,4,14,Champions
11712,60,5,195.95,4,5,3,12,Loyal Customers
11713,37,2,205.2384,5,4,3,12,Loyal Customers
11714,227,2,98.97,2,4,2,8,Potential Loyalists
11715,2,1,93.0473,5,1,2,8,New Customers
11716,210,1,49.56,2,1,1,4,Lost Customers
11717,0,2,191.1242,5,4,3,12,Loyal Customers
11718,281,2,117.21260000000001,1,4,2,7,Potential Loyalists
11719,99,5,403.83459999999997,4,5,3,12,Loyal Customers
11720,156,2,131.2384,3,4,3,10,Loyal Customers
11721,72,2,124.49260000000001,4,4,3,11,Loyal Customers
11722,49,2,176.0662,5,4,3,12,Loyal Customers
11723,114,4,207.51,3,5,3,11,Loyal Customers
11724,14,5,325.2142,5,5,3,13,Loyal Customers
11725,239,2,185.8,2,4,3,9,At Risk
11726,21,2,257.3626,5,4,3,12,Loyal Customers
11727,237,2,5721.968,2,4,5,11,At Risk
11728,52,2,112.2684,4,4,2,10,Potential Loyalists
11729,153,1,121.70150000000001,3,1,2,6,Potential Loyalists
11730,230,1,132.0562,2,1,3,6,Can't Lose Them
11731,145,2,151.1223,3,4,3,10,Loyal Customers
11732,134,2,175.76839999999999,3,4,3,10,Loyal Customers
11734,173,2,138.07,3,4,3,10,Loyal Customers
11735,6,2,108.6242,5,4,2,11,Potential Loyalists
11736,24,2,229.7477,5,4,3,12,Loyal Customers
11737,163,2,80.9142,3,4,2,9,Potential Loyalists
11738,1,5,437.7197,5,5,3,13,Loyal Customers
11739,255,2,4528.4296,2,4,5,11,At Risk
11740,119,4,389.0357,3,5,3,11,Loyal Customers
11741,310,2,5874.6296,1,4,5,10,At Risk
11742,219,2,5671.9382,2,4,5,11,At Risk
11743,225,2,5649.6896,2,4,5,11,At Risk
11744,122,2,73.2242,3,4,2,9,Potential Loyalists
11745,237,2,5713.2938,2,4,5,11,At Risk
11746,49,2,84.55000000000001,5,4,2,11,Potential Loyalists
11747,76,2,164.91000000000003,4,4,3,11,Loyal Customers
11748,57,5,194.7884,4,5,3,12,Loyal Customers
11749,234,2,54.95,2,4,1,7,Potential Loyalists
11750,88,3,7916.1082,4,5,5,14,Champions
11751,163,3,7966.4496,3,5,5,13,Loyal Customers
11752,22,3,237.4042,5,5,3,13,Loyal Customers
11753,74,3,95.84,4,5,2,11,Potential Loyalists
11754,150,3,7959.7681,3,5,5,13,Loyal Customers
11755,132,3,86.8184,3,5,2,10,Potential Loyalists
11756,64,3,7855.4066,4,5,5,14,Champions
11757,31,3,89.2262,5,5,2,12,Potential Loyalists
11758,34,3,118.2062,5,5,2,12,Potential Loyalists
11759,171,3,7808.1582,3,5,5,13,Loyal Customers
11760,39,3,343.4488,5,5,3,13,Loyal Customers
11761,151,3,7971.462799999999,3,5,5,13,Loyal Customers
11762,174,3,8004.4096,3,5,5,13,Loyal Customers
11763,46,3,143.0981,5,5,3,13,Loyal Customers
11764,173,3,7896.7624,3,5,5,13,Loyal Customers
11765,154,3,7897.138199999999,3,5,5,13,Loyal Customers
11766,170,3,8098.0726,3,5,5,13,Loyal Customers
11767,168,3,8118.2044000000005,3,5,5,13,Loyal Customers
11768,166,3,7889.1238,3,5,5,13,Loyal Customers
11769,101,5,593.2288,4,5,3,12,Loyal Customers
11770,68,2,83.2042,4,4,2,10,Potential Loyalists
11771,156,2,115.7404,3,4,2,9,Potential Loyalists
11772,226,2,5679.649600000001,2,4,5,11,At Risk
11773,241,2,5757.149600000001,2,4,5,11,At Risk
11774,197,2,5654.2696,2,4,5,11,At Risk
11775,207,2,5672.3482,2,4,5,11,At Risk
11776,207,2,5852.649600000001,2,4,5,11,At Risk
11777,188,2,5684.229600000001,2,4,5,11,At Risk
11778,181,2,5627.3682,2,4,5,11,At Risk
11779,187,2,5627.3682,2,4,5,11,At Risk
11780,192,2,5728.3138,2,4,5,11,At Risk
11781,19,2,182.9127,5,4,3,12,Loyal Customers
11782,103,2,147.5396,4,4,3,11,Loyal Customers
11783,230,2,112.2684,2,4,2,8,Potential Loyalists
11784,11,5,372.7084,5,5,3,13,Loyal Customers
11785,119,2,78.6242,3,4,2,9,Potential Loyalists
11787,53,2,112.2684,4,4,2,10,Potential Loyalists
11788,129,2,267.54,3,4,3,10,Loyal Customers
11789,243,2,75.51419999999999,2,4,2,8,Potential Loyalists
11790,219,2,170.6515,2,4,3,9,At Risk
11791,27,2,118.0573,5,4,2,11,Potential Loyalists
11792,180,2,116.7115,2,4,2,8,Potential Loyalists
11793,320,2,132.5842,1,4,3,8,At Risk
11794,30,1,47.269999999999996,5,1,1,7,New Customers
11795,33,2,78.6242,5,4,2,11,Potential Loyalists
11796,211,2,5784.345499999999,2,4,5,11,At Risk
11797,181,2,5748.0986,2,4,5,11,At Risk
11798,199,2,5704.6796,2,4,5,11,At Risk
11799,201,2,5695.5496,2,4,5,11,At Risk
11800,136,2,84.55000000000001,3,4,2,9,Potential Loyalists
11801,16,1,48.0673,5,1,1,7,New Customers
11802,27,5,325.59,5,5,3,13,Loyal Customers
11803,35,2,272.8358,5,4,3,12,Loyal Customers
11804,137,2,138.9899,3,4,3,10,Loyal Customers
11805,53,2,138.95,4,4,3,11,Loyal Customers
11806,86,2,103.55000000000001,4,4,2,10,Potential Loyalists
11807,107,2,181.05620000000002,4,4,3,11,Loyal Customers
11808,64,5,694.1904,4,5,3,12,Loyal Customers
11809,200,2,5732.918,2,4,5,11,At Risk
11810,186,2,5729.6596,2,4,5,11,At Risk
11811,193,2,5649.6896,2,4,5,11,At Risk
11812,192,2,5654.2696,2,4,5,11,At Risk
11813,182,2,5704.6796,2,4,5,11,At Risk
11814,111,2,109.9257,3,4,2,9,Potential Loyalists
11815,306,2,5705.9924,1,4,5,10,At Risk
11816,310,2,5683.3338,1,4,5,10,At Risk
11817,318,2,5649.6896,1,4,5,10,At Risk
11818,331,2,5737.3755,1,4,5,10,At Risk
11819,315,1,49.56,1,1,1,3,Lost Customers
11820,22,5,347.8742,5,5,3,13,Loyal Customers
11821,116,2,219.0535,3,4,3,10,Loyal Customers
11822,123,2,87.6473,3,4,2,9,Potential Loyalists
11823,57,3,237.30259999999998,4,5,3,12,Loyal Customers
11824,8,4,251.2504,5,5,3,13,Loyal Customers
11825,318,2,5654.2696,1,4,5,10,At Risk
11826,315,2,5649.6896,1,4,5,10,At Risk
11827,19,5,652.9711,5,5,3,13,Loyal Customers
11828,252,2,98.97,2,4,2,8,Potential Loyalists
11829,189,2,172.89,2,4,3,9,At Risk
11830,331,2,5726.9524,1,4,5,10,At Risk
11831,320,2,5683.3338,1,4,5,10,At Risk
11832,110,2,128.03730000000002,4,4,3,11,Loyal Customers
11833,30,5,367.49,5,5,3,13,Loyal Customers
11834,317,2,5661.0124,1,4,5,10,At Risk
11835,223,2,4585.6024,2,4,5,11,At Risk
11836,249,2,69.99000000000001,2,4,2,8,Potential Loyalists
11837,310,2,5690.972400000001,1,4,5,10,At Risk
11838,121,2,152.1615,3,4,3,10,Loyal Customers
11839,198,2,5727.2938,2,4,5,11,At Risk
11840,237,2,89.9373,2,4,2,8,Potential Loyalists
11841,52,5,475.3915,4,5,3,12,Loyal Customers
11842,24,2,110.3357,5,4,2,11,Potential Loyalists
11843,294,2,147.01350000000002,1,4,3,8,At Risk
11844,84,1,48.0673,4,1,1,6,New Customers
11845,19,4,290.3626,5,5,3,13,Loyal Customers
11846,170,2,83.0673,3,4,2,9,Potential Loyalists
11847,43,2,126.6915,5,4,3,12,Loyal Customers
11848,22,2,97.6273,5,4,2,11,Potential Loyalists
11849,31,1,65.3557,5,1,2,8,New Customers
11850,207,2,173.7877,2,4,3,9,At Risk
11851,23,2,83.0673,5,4,2,11,Potential Loyalists
11852,117,2,126.6915,3,4,3,10,Loyal Customers
11853,190,2,93.0473,2,4,2,8,Potential Loyalists
11854,195,2,5779.912399999999,2,4,5,11,At Risk
11855,108,2,93.0473,4,4,2,10,Potential Loyalists
11856,29,1,65.3557,5,1,2,8,New Customers
11857,23,2,133.0273,5,4,3,12,Loyal Customers
11858,168,2,83.0673,3,4,2,9,Potential Loyalists
11860,46,2,68.6442,5,4,2,11,Potential Loyalists
11861,6,5,377.52,5,5,3,13,Loyal Customers
11862,66,2,224.46,4,4,3,11,Loyal Customers
11863,115,2,60.88,3,4,2,9,Potential Loyalists
11864,204,2,60.88,2,4,2,8,Potential Loyalists
11865,83,2,142.9273,4,4,3,11,Loyal Customers
11866,244,2,50.9,2,4,1,7,Potential Loyalists
11867,66,2,108.81,4,4,2,10,Potential Loyalists
11868,11,5,327.5842,5,5,3,13,Loyal Customers
11869,47,4,328.4581,5,5,3,13,Loyal Customers
11870,160,1,33.6442,3,1,1,5,Potential Loyalists
11871,212,2,68.6442,2,4,2,8,Potential Loyalists
11872,185,2,5707.3382,2,4,5,11,At Risk
11873,204,2,5690.972400000001,2,4,5,11,At Risk
11874,161,1,93.52,3,1,2,6,Potential Loyalists
11875,37,4,378.8026,5,5,3,13,Loyal Customers
11876,95,2,107.4642,4,4,2,10,Potential Loyalists
11877,0,2,58.85,5,4,1,10,Potential Loyalists
11878,16,2,86.57419999999999,5,4,2,11,Potential Loyalists
11879,56,2,141.62040000000002,4,4,3,11,Loyal Customers
11880,55,2,67.75,4,4,2,10,Potential Loyalists
11881,11,2,198.3,5,4,3,12,Loyal Customers
11882,168,2,60.88,3,4,2,9,Potential Loyalists
11883,44,2,82.25999999999999,5,4,2,11,Potential Loyalists
11884,313,1,79.97,1,1,2,4,Lost Customers
11885,326,2,5654.2696,1,4,5,10,At Risk
11886,193,2,5675.9082,2,4,5,11,At Risk
11887,183,2,95.87,2,4,2,8,Potential Loyalists
11888,284,1,2128.3896,1,1,4,6,Can't Lose Them
11889,298,2,59.800000000000004,1,4,1,6,Potential Loyalists
11890,175,2,193.9962,3,4,3,10,Loyal Customers
11891,180,2,118.60419999999999,2,4,2,8,Potential Loyalists
11892,158,3,7885.4396,3,5,5,13,Loyal Customers
11893,157,3,7883.4496,3,5,5,13,Loyal Customers
11894,174,3,8012.0538,3,5,5,13,Loyal Customers
11895,155,3,7899.1238,3,5,5,13,Loyal Customers
11896,169,3,7930.2996,3,5,5,13,Loyal Customers
11897,75,3,7954.4366,4,5,5,14,Champions
11898,157,3,7934.103800000001,3,5,5,13,Loyal Customers
11899,172,3,8011.7425,3,5,5,13,Loyal Customers
11900,169,3,8015.3922,3,5,5,13,Loyal Customers
11901,49,3,8033.4196,5,5,5,15,Champions
11902,158,2,77.1,3,4,2,9,Potential Loyalists
11903,167,3,7862.1482,3,5,5,13,Loyal Customers
11904,179,3,8033.8286,3,5,5,13,Loyal Customers
11905,174,3,7949.3396,3,5,5,13,Loyal Customers
11906,168,3,7943.0338,3,5,5,13,Loyal Customers
11907,160,3,7891.7282,3,5,5,13,Loyal Customers
11908,126,3,7830.479600000001,3,5,5,13,Loyal Customers
11909,148,3,7876.6324,3,5,5,13,Loyal Customers
11910,146,3,7898.4396,3,5,5,13,Loyal Customers
11911,7,3,123.03620000000001,5,5,3,13,Loyal Customers
11912,36,3,7860.319600000001,5,5,5,15,Champions
11913,2,3,56.8384,5,5,1,11,Potential Loyalists
11914,126,3,7931.6624,3,5,5,13,Loyal Customers
11915,125,3,7927.0338,3,5,5,13,Loyal Customers
11916,128,3,7965.899600000001,3,5,5,13,Loyal Customers
11917,130,3,7882.718199999999,3,5,5,13,Loyal Customers
11918,33,3,7993.0338,5,5,5,15,Champions
11919,7,3,7958.5782,5,5,5,15,Champions
11920,17,3,7908.6938,5,5,5,15,Champions
11921,35,3,128.0784,5,5,3,13,Loyal Customers
11922,66,5,324.1042,4,5,3,12,Loyal Customers
11923,318,1,35.0,1,1,1,3,Lost Customers
11924,191,2,5659.6366,2,4,5,11,At Risk
11925,191,2,5724.6496,2,4,5,11,At Risk
11926,192,2,68.83,2,4,2,8,Potential Loyalists
11929,11,3,4982.8273,5,5,5,15,Champions
11930,12,3,5035.8099999999995,5,5,5,15,Champions
11931,55,2,256.845,4,4,3,11,Loyal Customers
11932,155,2,149.90570000000002,3,4,3,10,Loyal Customers
11933,183,2,5684.6896,2,4,5,11,At Risk
11934,200,2,5812.3612,2,4,5,11,At Risk
11935,204,1,35.0,2,1,1,4,Lost Customers
11936,266,1,44.57,1,1,1,3,Lost Customers
11937,178,2,5657.3282,3,4,5,12,Loyal Customers
11938,295,1,15.9,1,1,1,3,Lost Customers
11939,191,2,5743.149600000001,2,4,5,11,At Risk
11940,3,2,68.6442,5,4,2,11,Potential Loyalists
11941,56,2,132.92000000000002,4,4,3,11,Loyal Customers
11942,9,3,4814.5684,5,5,5,15,Champions
11943,15,3,4751.5784,5,5,5,15,Champions
11944,8,3,4805.23,5,5,5,15,Champions
11945,91,2,5666.9482,4,4,5,13,Champions
11946,6,3,4712.29,5,5,5,15,Champions
11947,1,3,4775.9342,5,5,5,15,Champions
11948,83,2,139.88729999999998,4,4,3,11,Loyal Customers
11949,95,2,68.6442,4,4,2,10,Potential Loyalists
11950,51,2,112.2684,5,4,2,11,Potential Loyalists
11951,46,3,131.33839999999998,5,5,3,13,Loyal Customers
11952,142,3,7978.3696,3,5,5,13,Loyal Customers
11953,103,2,100.7526,4,4,2,10,Potential Loyalists
11954,192,2,5666.9482,2,4,5,11,At Risk
11955,182,2,5704.6796,2,4,5,11,At Risk
11956,209,2,5627.3682,2,4,5,11,At Risk
11957,318,1,70.5942,1,1,2,4,Lost Customers
11958,48,2,161.6815,5,4,3,12,Loyal Customers
11959,48,2,142.1242,5,4,3,12,Loyal Customers
11960,152,2,79.97,3,4,2,9,Potential Loyalists
11961,81,2,73.2242,4,4,2,10,Potential Loyalists
11962,133,2,107.96000000000001,3,4,2,9,Potential Loyalists
11964,140,3,7950.2444,3,5,5,13,Loyal Customers
11965,27,3,183.2046,5,5,3,13,Loyal Customers
11966,10,3,107.34620000000001,5,5,2,12,Potential Loyalists
11967,142,3,7914.0808,3,5,5,13,Loyal Customers
11968,132,3,7833.1582,3,5,5,13,Loyal Customers
11969,133,3,7942.4295999999995,3,5,5,13,Loyal Customers
11970,98,2,112.2684,4,4,2,10,Potential Loyalists
11971,33,2,160.7104,5,4,3,12,Loyal Customers
11972,6,2,89.8184,5,4,2,11,Potential Loyalists
11973,292,2,97.5942,1,4,2,7,Potential Loyalists
11974,23,2,144.6904,5,4,3,12,Loyal Customers
11975,75,2,226.5842,4,4,3,11,Loyal Customers
11976,124,3,7871.696599999999,3,5,5,13,Loyal Customers
11977,134,3,8017.8696,3,5,5,13,Loyal Customers
11978,45,2,74.98,5,4,2,11,Potential Loyalists
11979,233,2,4611.3896,2,4,5,11,At Risk
11980,30,2,150.0362,5,4,3,12,Loyal Customers
11981,262,1,91.46000000000001,1,1,2,4,Lost Customers
11982,87,2,121.53,4,4,2,10,Potential Loyalists
11983,309,2,5627.3682,1,4,5,10,At Risk
11984,235,2,4504.3424,2,4,5,11,At Risk
11985,303,1,48.0673,1,1,1,3,Lost Customers
11986,122,3,8061.8796,3,5,5,13,Loyal Customers
11987,48,3,386.6366,5,5,3,13,Loyal Customers
11988,143,3,7855.4066,3,5,5,13,Loyal Customers
11989,143,3,7893.638199999999,3,5,5,13,Loyal Customers
11990,127,3,7932.718000000001,3,5,5,13,Loyal Customers
11991,9,3,7892.0838,5,5,5,15,Champions
11992,17,3,7892.748,5,5,5,15,Champions
11993,5,3,7891.3624,5,5,5,15,Champions
11994,126,3,7919.1138,3,5,5,13,Loyal Customers
11995,18,3,8045.0258,5,5,5,15,Champions
11996,147,3,6853.6938,3,5,5,13,Loyal Customers
11997,135,3,6812.8207999999995,3,5,5,13,Loyal Customers
11998,121,3,6723.4882,3,5,5,13,Loyal Customers
11999,147,3,6866.265799999999,3,5,5,13,Loyal Customers
12000,134,3,8020.0581999999995,3,5,5,13,Loyal Customers
12001,135,3,7889.0508,3,5,5,13,Loyal Customers
12002,146,3,7930.3296,3,5,5,13,Loyal Customers
12003,139,3,8046.1326,3,5,5,13,Loyal Customers
12004,141,3,7864.1238,3,5,5,13,Loyal Customers
12005,132,3,6742.5624,3,5,5,13,Loyal Customers
12006,151,3,245.8085,3,5,3,11,Loyal Customers
12007,98,3,6795.1666,4,5,5,14,Champions
12008,9,2,109.6362,5,4,2,11,Potential Loyalists
12009,136,3,7991.5028,3,5,5,13,Loyal Customers
12010,143,3,7989.247300000001,3,5,5,13,Loyal Customers
12011,13,3,4750.79,5,5,5,15,Champions
12012,137,3,95.8926,3,5,2,10,Potential Loyalists
12013,293,2,3969.95,1,4,5,10,At Risk
12014,212,2,3959.96,2,4,5,11,At Risk
12015,249,1,66.96000000000001,2,1,2,5,Lost Customers
12016,209,2,5669.6596,2,4,5,11,At Risk
12017,282,1,2092.7324,1,1,4,6,Can't Lose Them
12018,95,2,5769.4924,4,4,5,13,Champions
12019,94,1,78.6242,4,1,2,7,New Customers
12020,77,1,809.46,4,1,3,8,New Customers
12021,228,2,4063.43,2,4,5,11,At Risk
12022,117,2,150.59730000000002,3,4,3,10,Loyal Customers
12023,86,2,5684.6896,4,4,5,13,Champions
12024,132,2,95.9126,3,4,2,9,Potential Loyalists
12025,197,2,5664.6582,2,4,5,11,At Risk
12026,209,2,5743.149600000001,2,4,5,11,At Risk
12027,154,2,5679.649600000001,3,4,5,12,Loyal Customers
12028,93,1,44.980000000000004,4,1,1,6,New Customers
12029,147,1,74.94,3,1,2,6,Potential Loyalists
12030,154,2,5763.696900000001,3,4,5,12,Loyal Customers
12031,52,1,769.49,4,1,3,8,New Customers
12032,310,1,628.5942,1,1,3,5,Can't Lose Them
12033,167,2,5703.3382,3,4,5,12,Loyal Customers
12034,95,2,113.1542,4,4,2,10,Potential Loyalists
12035,227,3,117.1542,2,5,2,9,Potential Loyalists
12036,81,3,105.0542,4,5,2,11,Potential Loyalists
12037,110,3,6864.4637999999995,4,5,5,14,Champions
12038,168,2,123.8385,3,4,3,10,Loyal Customers
12039,143,3,8015.9648,3,5,5,13,Loyal Customers
12040,317,1,47.269999999999996,1,1,1,3,Lost Customers
12041,179,2,5754.0597,3,4,5,12,Loyal Customers
12042,168,2,5748.6396,3,4,5,12,Loyal Customers
12043,15,2,117.25840000000001,5,4,2,11,Potential Loyalists
12044,27,2,132.57420000000002,5,4,3,12,Loyal Customers
12045,56,2,96.2484,4,4,2,10,Potential Loyalists
12046,253,2,43.6442,2,4,1,7,Potential Loyalists
12047,72,2,43.6442,4,4,1,9,Potential Loyalists
12048,32,2,140.3357,5,4,3,12,Loyal Customers
12049,49,2,172.2196,5,4,3,12,Loyal Customers
12050,324,2,5802.1296,1,4,5,10,At Risk
12051,210,2,93.0473,2,4,2,8,Potential Loyalists
12052,321,2,5689.2696,1,4,5,10,At Risk
12053,331,2,5734.649600000001,1,4,5,10,At Risk
12054,11,5,472.46,5,5,3,13,Loyal Customers
12055,296,2,99.95,1,4,2,7,Potential Loyalists
12056,16,3,236.1884,5,5,3,13,Loyal Customers
12057,173,2,85.35730000000001,3,4,2,9,Potential Loyalists
12058,327,2,5698.2582,1,4,5,10,At Risk
12059,308,2,5706.3182,1,4,5,10,At Risk
12060,185,2,4570.613800000001,2,4,5,11,At Risk
12061,90,4,210.35,4,5,3,12,Loyal Customers
12062,306,1,39.58,1,1,1,3,Lost Customers
12063,45,2,83.0673,5,4,2,11,Potential Loyalists
12064,30,2,156.0435,5,4,3,12,Loyal Customers
12065,270,2,97.6273,1,4,2,7,Potential Loyalists
12066,101,2,83.0673,4,4,2,10,Potential Loyalists
12067,154,2,150.3157,3,4,3,10,Loyal Customers
12068,32,2,100.3557,5,4,2,11,Potential Loyalists
12069,303,2,5673.6182,1,4,5,10,At Risk
12070,2,2,83.0673,5,4,2,11,Potential Loyalists
12071,313,2,5728.3138,1,4,5,10,At Risk
12072,290,2,5728.2182,1,4,5,10,At Risk
12073,246,2,152.6241,2,4,3,9,At Risk
12074,63,4,391.4756,4,5,3,12,Loyal Customers
12075,155,2,5684.6896,3,4,5,12,Loyal Customers
12076,287,2,5627.3682,1,4,5,10,At Risk
12077,150,3,185.2262,3,5,3,11,Loyal Customers
12078,176,2,5748.6396,3,4,5,12,Loyal Customers
12079,178,2,5807.5666,3,4,5,12,Loyal Customers
12080,271,1,2106.4196,1,1,4,6,Can't Lose Them
12081,233,1,2141.1255,2,1,4,7,Can't Lose Them
12082,277,2,5684.6396,1,4,5,10,At Risk
12083,300,2,5747.3682,1,4,5,10,At Risk
12084,161,2,5749.6969,3,4,5,12,Loyal Customers
12085,125,2,162.9127,3,4,3,10,Loyal Customers
12086,227,1,2049.0982,2,1,4,7,Can't Lose Them
12087,79,1,48.0673,4,1,1,6,New Customers
12088,2,1,75.0373,5,1,2,8,New Customers
12089,191,2,4494.4166000000005,2,4,5,11,At Risk
12090,233,1,2141.3122000000003,2,1,4,7,Can't Lose Them
12091,117,2,92.2584,3,4,2,9,Potential Loyalists
12092,207,2,61.8584,2,4,2,8,Potential Loyalists
12093,53,1,39.58,4,1,1,6,New Customers
12094,155,2,5743.2096,3,4,5,12,Loyal Customers
12095,146,2,75.2084,3,4,2,9,Potential Loyalists
12096,160,2,5654.2696,3,4,5,12,Loyal Customers
12097,117,3,268.45,3,5,3,11,Loyal Customers
12098,17,2,97.2584,5,4,2,11,Potential Loyalists
12099,53,2,52.288399999999996,4,4,1,9,Potential Loyalists
12100,102,2,137.7684,4,4,3,11,Loyal Customers
12101,204,2,104.9073,2,4,2,8,Potential Loyalists
12102,302,2,5687.2282,1,4,5,10,At Risk
12103,281,2,5776.755800000001,1,4,5,10,At Risk
12104,294,2,5661.0124,1,4,5,10,At Risk
12105,298,2,5747.3682,1,4,5,10,At Risk
12106,77,4,234.08999999999997,4,5,3,12,Loyal Customers
12107,151,4,287.5573,3,5,3,11,Loyal Customers
12108,172,2,5710.569600000001,3,4,5,12,Loyal Customers
12109,167,2,5704.972400000001,3,4,5,12,Loyal Customers
12110,153,2,5657.3282,3,4,5,12,Loyal Customers
12111,96,2,194.98000000000002,4,4,3,11,Loyal Customers
12112,284,2,5706.3182,1,4,5,10,At Risk
12113,209,2,4566.7825,2,4,5,11,At Risk
12114,182,2,4522.0782,2,4,5,11,At Risk
12115,189,2,93.0473,2,4,2,8,Potential Loyalists
12116,280,2,5683.3338,1,4,5,10,At Risk
12117,10,2,164.98000000000002,5,4,3,12,Loyal Customers
12118,152,2,5793.345499999999,3,4,5,12,Loyal Customers
12119,53,2,167.27,4,4,3,11,Loyal Customers
12120,151,2,5662.3682,3,4,5,12,Loyal Customers
12121,151,2,5710.569600000001,3,4,5,12,Loyal Customers
12122,199,2,4583.1282,2,4,5,11,At Risk
12123,38,4,5669.2477,5,5,5,15,Champions
12124,82,4,9166.1975,4,5,5,14,Champions
12125,41,4,8370.4534,5,5,5,15,Champions
12126,134,2,88.03999999999999,3,4,2,9,Potential Loyalists
12127,48,1,34.99,5,1,1,7,New Customers
12128,24,4,8456.433,5,5,5,15,Champions
12129,3,4,8384.721800000001,5,5,5,15,Champions
12130,44,4,7675.525100000001,5,5,5,15,Champions
12131,79,4,9210.3636,4,5,5,14,Champions
12132,72,4,9258.9249,4,5,5,14,Champions
12133,27,4,5617.146500000001,5,5,5,15,Champions
12134,80,2,148.8626,4,4,3,11,Loyal Customers
12135,179,2,83.0673,3,4,2,9,Potential Loyalists
12136,78,3,198.8862,4,5,3,12,Loyal Customers
12137,230,2,97.6273,2,4,2,8,Potential Loyalists
12138,119,2,160.8573,3,4,3,10,Loyal Customers
12139,8,2,115.87,5,4,2,11,Potential Loyalists
12140,60,4,212.89679999999998,4,5,3,12,Loyal Customers
12141,292,2,5759.696900000001,1,4,5,10,At Risk
12142,300,2,5744.9223999999995,1,4,5,10,At Risk
12143,283,2,5747.3682,1,4,5,10,At Risk
12144,53,2,65.46000000000001,4,4,2,10,Potential Loyalists
12145,30,1,15.9,5,1,1,7,New Customers
12146,50,2,269.5704,5,4,3,12,Loyal Customers
12147,45,4,328.6126,5,5,3,13,Loyal Customers
12148,35,1,78.6242,5,1,2,8,New Customers
12149,240,1,78.6242,2,1,2,5,Lost Customers
12150,115,2,50.9,3,4,1,8,Potential Loyalists
12151,296,2,5671.3282,1,4,5,10,At Risk
12152,295,2,5750.293900000001,1,4,5,10,At Risk
12153,298,2,5705.3955000000005,1,4,5,10,At Risk
12154,157,2,4571.220000000001,3,4,5,12,Loyal Customers
12155,276,2,5704.972400000001,1,4,5,10,At Risk
12156,298,2,5693.649600000001,1,4,5,10,At Risk
12157,29,2,50.9,5,4,1,10,Potential Loyalists
12158,16,4,265.3826,5,5,3,13,Loyal Customers
12159,0,3,247.5541,5,5,3,13,Loyal Customers
12160,294,2,5719.3955000000005,1,4,5,10,At Risk
12161,33,2,219.88,5,4,3,12,Loyal Customers
12162,277,2,5679.649600000001,1,4,5,10,At Risk
12163,298,2,5762.7258,1,4,5,10,At Risk
12164,301,2,5662.3682,1,4,5,10,At Risk
12165,175,4,440.2143,3,5,3,11,Loyal Customers
12166,47,4,223.1042,5,5,3,13,Loyal Customers
12167,289,2,5748.6396,1,4,5,10,At Risk
12168,126,2,110.75999999999999,3,4,2,9,Potential Loyalists
12169,284,2,5705.9924,1,4,5,10,At Risk
12170,294,2,5662.3682,1,4,5,10,At Risk
12171,295,2,5735.1696,1,4,5,10,At Risk
12172,284,2,5704.972400000001,1,4,5,10,At Risk
12173,297,2,5710.938,1,4,5,10,At Risk
12174,280,2,5627.3682,1,4,5,10,At Risk
12175,38,2,155.0,5,4,3,12,Loyal Customers
12176,328,1,120.0,1,1,2,4,Lost Customers
12177,162,2,4608.5701,3,4,5,12,Loyal Customers
12178,300,2,5683.3338,1,4,5,10,At Risk
12179,172,2,5679.649600000001,3,4,5,12,Loyal Customers
12180,176,2,5704.972400000001,3,4,5,12,Loyal Customers
12181,290,2,5734.8282,1,4,5,10,At Risk
12182,67,4,146.78,4,5,3,12,Loyal Customers
12183,171,4,287.0142,3,5,3,11,Loyal Customers
12184,284,2,5631.9482,1,4,5,10,At Risk
12185,256,2,57.510000000000005,2,4,1,7,Potential Loyalists
12186,294,2,5684.6396,1,4,5,10,At Risk
12187,291,2,5662.3582,1,4,5,10,At Risk
12188,292,2,5684.6795999999995,1,4,5,10,At Risk
12189,285,2,5704.3382,1,4,5,10,At Risk
12190,298,2,5654.6282,1,4,5,10,At Risk
12191,91,2,250.46,4,4,3,11,Loyal Customers
12192,6,2,164.98000000000002,5,4,3,12,Loyal Customers
12193,173,2,4584.4596,3,4,5,12,Loyal Customers
12194,232,2,90.88000000000001,2,4,2,8,Potential Loyalists
12195,153,2,176.9462,3,4,3,10,Loyal Customers
12196,167,3,172.1984,3,5,3,11,Loyal Customers
12197,234,2,60.88,2,4,2,8,Potential Loyalists
12198,171,2,5833.8925,3,4,5,12,Loyal Customers
12199,45,2,198.6242,5,4,3,12,Loyal Customers
12200,293,2,5689.2696,1,4,5,10,At Risk
12201,140,2,76.37,3,4,2,9,Potential Loyalists
12202,85,4,244.3142,4,5,3,12,Loyal Customers
12203,17,3,251.8699,5,5,3,13,Loyal Customers
12204,188,2,123.57419999999999,2,4,3,9,At Risk
12205,63,1,18.97,4,1,1,6,New Customers
12206,294,2,5669.6696,1,4,5,10,At Risk
12207,260,2,5631.9482,1,4,5,10,At Risk
12208,255,2,5736.6839,2,4,5,11,At Risk
12209,250,2,5669.6696,2,4,5,11,At Risk
12210,47,3,6590.513400000001,5,5,5,15,Champions
12211,165,1,2084.0881999999997,3,1,4,8,Potential Loyalists
12212,173,1,2071.4196,3,1,4,8,Potential Loyalists
12213,270,2,4184.122,1,4,5,10,At Risk
12214,11,3,6573.3544999999995,5,5,5,15,Champions
12215,7,3,6685.381800000001,5,5,5,15,Champions
12216,11,3,6777.4134,5,5,5,15,Champions
12217,173,1,2049.0982,3,1,4,8,Potential Loyalists
12218,246,2,4252.846500000001,2,4,5,11,At Risk
12219,153,1,2155.3696,3,1,4,8,Potential Loyalists
12220,151,1,2126.0681999999997,3,1,4,8,Potential Loyalists
12221,160,1,2141.4096,3,1,4,8,Potential Loyalists
12222,21,3,6690.8062,5,5,5,15,Champions
12223,141,1,34.99,3,1,1,5,Potential Loyalists
12224,43,1,83.0573,5,1,2,8,New Customers
12225,226,2,4150.477800000001,2,4,5,11,At Risk
12226,239,2,4145.444799999999,2,4,5,11,At Risk
12227,242,1,59.5768,2,1,1,4,Lost Customers
12229,218,2,4213.359200000001,2,4,5,11,At Risk
12230,196,2,4175.8006000000005,2,4,5,11,At Risk
12231,188,2,4118.1764,2,4,5,11,At Risk
12232,200,2,4140.4978,2,4,5,11,At Risk
12234,245,1,33.6442,2,1,1,4,Lost Customers
12235,174,2,89.1842,3,4,2,9,Potential Loyalists
12236,167,1,34.99,3,1,1,5,Potential Loyalists
12237,208,2,4228.7718,2,4,5,11,At Risk
12238,171,1,34.99,3,1,1,5,Potential Loyalists
12239,11,3,6683.8835,5,5,5,15,Champions
12240,207,2,3964.9799999999996,2,4,5,11,At Risk
12241,190,2,4012.0661999999998,2,4,5,11,At Risk
12242,199,2,3957.2684,2,4,5,11,At Risk
12243,191,2,3914.9799999999996,2,4,5,11,At Risk
12244,224,2,116.6815,2,4,2,8,Potential Loyalists
12245,197,2,3992.25,2,4,5,11,At Risk
12246,194,2,3979.5199999999995,2,4,5,11,At Risk
12247,238,2,102.62729999999999,2,4,2,8,Potential Loyalists
12248,170,2,3939.9799999999996,3,4,5,12,Loyal Customers
12249,68,2,141.67149999999998,4,4,3,11,Loyal Customers
12250,170,2,3964.9799999999996,3,4,5,12,Loyal Customers
12251,161,2,3934.96,3,4,5,12,Loyal Customers
12252,155,2,3962.2284,3,4,5,12,Loyal Customers
12253,164,2,4094.9873,3,4,5,12,Loyal Customers
12254,151,1,2150.7897,3,1,4,8,Potential Loyalists
12255,160,1,2069.0782,3,1,4,8,Potential Loyalists
12256,133,1,2126.4096,3,1,4,8,Potential Loyalists
12257,23,1,48.0673,5,1,1,7,New Customers
12258,88,1,48.0673,4,1,1,6,New Customers
12259,191,2,120.8957,2,4,2,8,Potential Loyalists
12260,151,2,274.2057,3,4,3,10,Loyal Customers
12261,128,1,2150.0438000000004,3,1,4,8,Potential Loyalists
12262,271,2,180.0941,1,4,3,8,At Risk
12263,1,3,6626.052000000001,5,5,5,15,Champions
12264,216,3,5471.932,2,5,5,12,At Risk
12265,143,1,2166.3122000000003,3,1,4,8,Potential Loyalists
12266,200,2,4154.162,2,4,5,11,At Risk
12267,133,1,2049.0982,3,1,4,8,Potential Loyalists
12268,255,1,48.0673,2,1,1,4,Lost Customers
12269,183,1,50.932599999999994,2,1,1,4,Lost Customers
12270,170,2,4249.9578,3,4,5,12,Loyal Customers
12271,223,3,5465.4892,2,5,5,12,At Risk
12272,263,3,4924.8078000000005,1,5,5,11,At Risk
12273,148,1,48.0673,3,1,1,5,Potential Loyalists
12274,82,1,33.6442,4,1,1,6,New Customers
12275,150,2,4199.4778,3,4,5,12,Loyal Customers
12276,164,2,4184.122,3,4,5,12,Loyal Customers
12277,216,3,5440.2276,2,5,5,12,At Risk
12278,188,1,48.0673,2,1,1,4,Lost Customers
12279,136,1,2169.3696,3,1,4,8,Potential Loyalists
12280,136,1,2112.7024,3,1,4,8,Potential Loyalists
12281,268,3,4951.6678,1,5,5,11,At Risk
12282,264,3,4862.8678,1,5,5,11,At Risk
12283,230,3,5368.939,2,5,5,12,At Risk
12284,220,3,5387.656199999999,2,5,5,12,At Risk
12285,135,1,2141.4096,3,1,4,8,Potential Loyalists
12286,253,3,5050.5662,2,5,5,12,At Risk
12287,215,3,5512.0626,2,5,5,12,At Risk
12288,88,1,114.46000000000001,4,1,2,7,New Customers
12289,219,3,5411.2678,2,5,5,12,At Risk
12290,145,1,2049.0982,3,1,4,8,Potential Loyalists
12291,38,4,7721.3240000000005,5,5,5,15,Champions
12292,51,3,4805.7464,5,5,5,15,Champions
12293,78,2,118.8384,4,4,2,10,Potential Loyalists
12294,133,2,96.97,3,4,2,9,Potential Loyalists
12295,93,4,230.0915,4,5,3,12,Loyal Customers
12296,64,4,9125.5533,4,5,5,14,Champions
12297,49,4,7669.656800000001,5,5,5,15,Champions
12298,17,4,7706.803,5,5,5,15,Champions
12299,49,3,4766.7362,5,5,5,15,Champions
12300,72,4,9195.6963,4,5,5,14,Champions
12301,38,4,9234.659800000001,5,5,5,15,Champions
12302,2,4,7750.535100000001,5,5,5,15,Champions
12303,87,2,114.2584,4,4,2,10,Potential Loyalists
12304,0,2,147.2384,5,4,3,12,Loyal Customers
12305,60,3,4708.7618,4,5,5,14,Champions
12306,202,2,79.96000000000001,2,4,2,8,Potential Loyalists
12307,41,4,9161.0092,5,5,5,15,Champions
12308,39,4,9266.7541,5,5,5,15,Champions
12309,227,2,146.3562,2,4,3,9,At Risk
12310,67,2,165.5842,4,4,3,11,Loyal Customers
12311,7,2,200.2846,5,4,3,12,Loyal Customers
12312,61,1,34.99,4,1,1,6,New Customers
12314,0,4,7652.6095000000005,5,5,5,15,Champions
12315,288,3,6573.182000000001,1,5,5,11,At Risk
12316,283,3,6584.1476,1,5,5,11,At Risk
12317,278,3,6623.7762,1,5,5,11,At Risk
12318,294,3,6559.5778,1,5,5,11,At Risk
12319,25,2,100.15350000000001,5,4,2,11,Potential Loyalists
12320,63,2,156.52679999999998,4,4,3,11,Loyal Customers
12321,37,4,9201.2175,5,5,5,15,Champions
12322,6,1,48.0673,5,1,1,7,New Customers
12323,226,3,6822.4647,2,5,5,12,At Risk
12324,44,2,74.9257,5,4,2,11,Potential Loyalists
12325,2,2,165.2384,5,4,3,12,Loyal Customers
12326,28,2,92.97,5,4,2,11,Potential Loyalists
12327,174,2,27.2684,3,4,1,8,Potential Loyalists
12328,281,3,6573.8306,1,5,5,11,At Risk
12329,93,2,120.6815,4,4,2,10,Potential Loyalists
12330,4,4,7599.4834,5,5,5,15,Champions
12331,297,1,48.0673,1,1,1,3,Lost Customers
12332,186,3,6723.4949,2,5,5,12,At Risk
12333,205,3,6774.5017,2,5,5,12,At Risk
12334,197,1,109.48,2,1,2,5,Lost Customers
12335,280,3,6687.0097000000005,1,5,5,11,At Risk
12336,12,2,106.0473,5,4,2,11,Potential Loyalists
12337,141,3,7920.0164,3,5,5,13,Loyal Customers
12338,132,3,8051.0682,3,5,5,13,Loyal Customers
12339,146,3,6615.5434000000005,3,5,5,13,Loyal Customers
12340,96,3,6529.5148,4,5,5,14,Champions
12341,110,3,6627.3126,4,5,5,14,Champions
12342,96,3,6613.1720000000005,4,5,5,14,Champions
12343,99,3,5322.0364,4,5,5,14,Champions
12344,136,3,156.5162,3,5,3,11,Loyal Customers
12345,269,2,109.6481,1,4,2,7,Potential Loyalists
12346,101,3,6614.5434000000005,4,5,5,14,Champions
12347,95,3,6615.2064,4,5,5,14,Champions
12348,107,3,6692.7762,4,5,5,14,Champions
12349,118,3,6534.5448,3,5,5,13,Loyal Customers
12350,94,3,6557.7392,4,5,5,14,Champions
12351,21,2,140.5762,5,4,3,12,Loyal Customers
12352,39,3,320.39660000000003,5,5,3,13,Loyal Customers
12353,121,3,6534.5478,3,5,5,13,Loyal Customers
12354,117,3,6566.216399999999,3,5,5,13,Loyal Customers
12355,102,3,6629.4978,4,5,5,14,Champions
12356,100,3,6583.5378,4,5,5,14,Champions
12357,58,2,150.02620000000002,4,4,3,11,Loyal Customers
12358,115,3,6544.1578,3,5,5,13,Loyal Customers
12359,82,3,129.6162,4,5,3,12,Loyal Customers
12361,40,3,274.0362,5,5,3,13,Loyal Customers
12362,250,2,5689.3081999999995,2,4,5,11,At Risk
12363,88,4,302.5441,4,5,3,12,Loyal Customers
12364,271,2,5649.6896,1,4,5,10,At Risk
12365,204,2,72.94,2,4,2,8,Potential Loyalists
12366,31,2,106.5842,5,4,2,11,Potential Loyalists
12367,48,2,159.24880000000002,5,4,3,12,Loyal Customers
12368,31,1,34.99,5,1,1,7,New Customers
12369,14,3,123.49,5,5,3,13,Loyal Customers
12370,208,3,123.06,2,5,3,10,At Risk
12371,33,3,267.1604,5,5,3,13,Loyal Customers
12372,161,3,136.2923,3,5,3,11,Loyal Customers
12373,132,1,2148.4758,3,1,4,8,Potential Loyalists
12374,323,1,33.6442,1,1,1,3,Lost Customers
12376,206,2,77.5373,2,4,2,8,Potential Loyalists
12377,186,1,48.0673,2,1,1,4,Lost Customers
12378,155,2,4120.5178,3,4,5,12,Loyal Customers
12379,250,1,48.0673,2,1,1,4,Lost Customers
12380,191,3,5334.9148,2,5,5,12,At Risk
12381,253,3,4922.444600000001,2,5,5,12,At Risk
12382,204,3,5357.689200000001,2,5,5,12,At Risk
12383,141,1,2071.4196,3,1,4,8,Potential Loyalists
12384,261,3,4839.554,1,5,5,11,At Risk
12385,268,3,4882.8478000000005,1,5,5,11,At Risk
12386,175,2,4229.833500000001,3,4,5,12,Loyal Customers
12387,98,1,34.99,4,1,1,6,New Customers
12388,129,2,4131.8405999999995,3,4,5,12,Loyal Customers
12389,45,1,48.0673,5,1,1,7,New Customers
12390,215,3,4789.9277999999995,2,5,5,12,At Risk
12391,212,3,4874.1906,2,5,5,12,At Risk
12392,287,2,99.0273,1,4,2,7,Potential Loyalists
12393,92,1,71.61540000000001,4,1,2,7,New Customers
12394,196,3,5411.9964,2,5,5,12,At Risk
12395,95,1,2141.4096,4,1,4,9,Potential Loyalists
12396,74,1,48.0673,4,1,1,6,New Customers
12397,217,3,4742.092000000001,2,5,5,12,At Risk
12398,102,2,2696.0138,4,4,4,12,Champions
12399,126,1,90.8826,3,1,2,6,Potential Loyalists
12400,140,1,78.96000000000001,3,1,2,6,Potential Loyalists
12401,100,1,36.59,4,1,1,6,New Customers
12403,38,1,79.55000000000001,5,1,2,8,New Customers
12404,207,3,5012.770399999999,2,5,5,12,At Risk
12406,12,1,35.0,5,1,1,7,New Customers
12407,63,1,78.6242,4,1,2,7,New Customers
12408,89,1,49.56,4,1,1,6,New Customers
12409,51,2,155.0,5,4,3,12,Loyal Customers
12410,266,1,44.980000000000004,1,1,1,3,Lost Customers
12411,72,2,164.98000000000002,4,4,3,11,Loyal Customers
12412,47,2,257.1342,5,4,3,12,Loyal Customers
12413,136,2,169.56,3,4,3,10,Loyal Customers
12414,119,2,157.29,3,4,3,10,Loyal Customers
12415,36,1,79.97,5,1,2,8,New Customers
12416,181,1,44.980000000000004,2,1,1,4,Lost Customers
12418,52,2,5766.4917000000005,4,4,5,13,Champions
12420,287,1,49.56,1,1,1,3,Lost Customers
12421,290,1,79.97,1,1,2,4,Lost Customers
12422,76,1,35.0,4,1,1,6,New Customers
12423,40,2,5662.3582,5,4,5,14,Champions
12424,124,1,125.7204,3,1,3,7,Potential Loyalists
12425,41,1,93.0473,5,1,2,8,New Customers
12426,53,1,149.26850000000002,4,1,3,8,New Customers
12427,206,1,44.980000000000004,2,1,1,4,Lost Customers
12428,63,1,73.63419999999999,4,1,2,7,New Customers
12429,297,1,35.0,1,1,1,3,Lost Customers
12431,51,3,194.09,5,5,3,13,Loyal Customers
12432,63,1,113.95,4,1,2,7,New Customers
12433,272,1,78.6242,1,1,2,4,Lost Customers
12434,38,1,78.6242,5,1,2,8,New Customers
12435,151,2,5693.649600000001,3,4,5,12,Loyal Customers
12436,194,1,49.56,2,1,1,4,Lost Customers
12437,162,2,5764.928,3,4,5,12,Loyal Customers
12438,265,2,5649.6896,1,4,5,10,At Risk
12439,277,1,126.6915,1,1,3,5,Can't Lose Them
12440,174,2,5672.3482,3,4,5,12,Loyal Customers
12441,158,2,5631.9482,3,4,5,12,Loyal Customers
12442,147,2,5654.2696,3,4,5,12,Loyal Customers
12444,177,3,303.0635,3,5,3,11,Loyal Customers
12445,141,1,43.96,3,1,1,5,Potential Loyalists
12446,124,2,5740.745800000001,3,4,5,12,Loyal Customers
12447,238,1,2113.0281999999997,2,1,4,7,Can't Lose Them
12448,149,2,5674.6382,3,4,5,12,Loyal Customers
12449,200,1,2104.7224,2,1,4,7,Can't Lose Them
12450,131,2,5728.6396,3,4,5,12,Loyal Customers
12451,190,1,2139.9682,2,1,4,7,Can't Lose Them
12452,149,2,5689.2696,3,4,5,12,Loyal Customers
12453,221,1,65.94,2,1,2,5,Lost Customers
12454,263,1,140.88,1,1,3,5,Can't Lose Them
12455,41,1,43.96,5,1,1,7,New Customers
12457,267,1,26.560000000000002,1,1,1,3,Lost Customers
12458,115,1,48.0673,3,1,1,5,Potential Loyalists
12459,194,3,5373.592000000001,2,5,5,12,At Risk
12460,191,3,5429.7479,2,5,5,12,At Risk
12461,220,3,4804.0476,2,5,5,12,At Risk
12462,232,3,4824.6937,2,5,5,12,At Risk
12463,204,3,5003.904,2,5,5,12,At Risk
12464,106,2,5649.6896,4,4,5,13,Champions
12465,121,2,136.4173,3,4,3,10,Loyal Customers
12466,283,1,65.3557,1,1,2,4,Lost Customers
12467,250,1,66.0473,2,1,2,5,Lost Customers
12468,102,2,5631.9482,4,4,5,13,Champions
12469,100,1,48.0673,4,1,1,6,New Customers
12470,35,1,48.0673,5,1,1,7,New Customers
12471,286,1,100.9026,1,1,2,4,Lost Customers
12472,140,1,48.0673,3,1,1,5,Potential Loyalists
12473,180,3,5440.6192,2,5,5,12,At Risk
12474,109,2,5682.3582,4,4,5,13,Champions
12475,126,2,4212.5451,3,4,5,12,Loyal Customers
12476,65,2,74.13730000000001,4,4,2,10,Potential Loyalists
12477,19,1,48.0673,5,1,1,7,New Customers
12479,130,2,4155.5178,3,4,5,12,Loyal Customers
12480,94,2,5661.0124,4,4,5,13,Champions
12481,294,1,17.2884,1,1,1,3,Lost Customers
12482,3,1,48.0673,5,1,1,7,New Customers
12483,104,2,5649.6896,4,4,5,13,Champions
12484,128,2,4246.4178,3,4,5,12,Loyal Customers
12485,96,2,5684.8782,4,4,5,13,Champions
12486,174,3,5444.0926,3,5,5,13,Loyal Customers
12487,134,2,4154.162,3,4,5,12,Loyal Customers
12488,99,1,17.2884,4,1,1,6,New Customers
12489,216,3,102.5368,2,5,2,9,Potential Loyalists
12490,116,3,210.09,3,5,3,11,Loyal Customers
12491,147,1,84.6573,3,1,2,6,Potential Loyalists
12492,144,3,4937.8048,3,5,5,13,Loyal Customers
12493,226,1,68.6442,2,1,2,5,Lost Customers
12495,131,2,4184.122,3,4,5,12,Loyal Customers
12496,129,1,212.8784,3,1,3,7,Potential Loyalists
12497,179,1,54.55,3,1,1,5,Potential Loyalists
12498,181,1,44.980000000000004,2,1,1,4,Lost Customers
12499,122,2,4131.8405999999995,3,4,5,12,Loyal Customers
12500,115,2,4235.097600000001,3,4,5,12,Loyal Customers
12501,110,2,4195.4578,4,4,5,13,Champions
12502,112,2,130.0273,3,4,3,10,Loyal Customers
12503,94,2,111.66149999999999,4,4,2,10,Potential Loyalists
12504,246,1,87.67620000000001,2,1,2,5,Lost Customers
12505,301,1,40.58,1,1,1,3,Lost Customers
12506,319,1,118.0573,1,1,2,4,Lost Customers
12507,260,1,17.2884,1,1,1,3,Lost Customers
12508,210,1,141.26839999999999,2,1,3,6,Can't Lose Them
12509,118,3,102.41839999999999,3,5,2,10,Potential Loyalists
12510,99,3,6248.3782,4,5,5,14,Champions
12511,182,1,8.6442,2,1,1,4,Lost Customers
12512,279,1,17.2884,1,1,1,3,Lost Customers
12513,78,2,271.9157,4,4,3,11,Loyal Customers
12514,316,1,17.2884,1,1,1,3,Lost Customers
12515,156,1,17.2884,3,1,1,5,Potential Loyalists
12516,12,1,17.2884,5,1,1,7,New Customers
12517,70,1,17.2884,4,1,1,6,New Customers
12518,148,1,17.2884,3,1,1,5,Potential Loyalists
12519,230,1,42.98,2,1,1,4,Lost Customers
12520,77,2,5718.4244,4,4,5,13,Champions
12521,95,2,4234.525100000001,4,4,5,13,Champions
12522,78,2,5657.3282,4,4,5,13,Champions
12523,64,2,5683.3338,4,4,5,13,Champions
12524,197,1,17.2884,2,1,1,4,Lost Customers
12525,216,1,118.0573,2,1,2,5,Lost Customers
12526,88,3,5002.4963,4,5,5,14,Champions
12527,11,1,118.93,5,1,2,8,New Customers
12528,121,1,92.0273,3,1,2,6,Potential Loyalists
12530,20,4,415.4942,5,5,3,13,Loyal Customers
12532,4,4,325.94039999999995,5,5,3,13,Loyal Customers
12533,258,2,302.2857,1,4,3,8,At Risk
12534,111,1,17.2884,3,1,1,5,Potential Loyalists
12535,101,1,17.2884,4,1,1,6,New Customers
12536,37,1,17.2884,5,1,1,7,New Customers
12537,186,1,17.2884,2,1,1,4,Lost Customers
12538,214,1,8.6442,2,1,1,4,Lost Customers
12539,28,1,25.9326,5,1,1,7,New Customers
12540,131,2,99.0273,3,4,2,9,Potential Loyalists
12541,195,1,8.6442,2,1,1,4,Lost Customers
12543,237,1,17.2884,2,1,1,4,Lost Customers
12544,7,1,17.2884,5,1,1,7,New Customers
12545,60,2,141.3157,4,4,3,11,Loyal Customers
12546,114,2,4189.112,3,4,5,12,Loyal Customers
12547,88,2,5649.6896,4,4,5,13,Champions
12548,121,2,4140.4547999999995,3,4,5,12,Loyal Customers
12549,68,2,5662.3582,4,4,5,13,Champions
12550,19,2,121.5873,5,4,2,11,Potential Loyalists
12551,140,1,29.47,3,1,1,5,Potential Loyalists
12552,76,1,25.9326,4,1,1,6,New Customers
12553,230,1,19.98,2,1,1,4,Lost Customers
12554,71,2,123.3357,4,4,3,11,Loyal Customers
12555,116,1,83.95,3,1,2,6,Potential Loyalists
12556,31,1,17.2884,5,1,1,7,New Customers
12557,234,1,73.5942,2,1,2,5,Lost Customers
12558,117,1,29.96,3,1,1,5,Potential Loyalists
12559,131,3,5393.982,3,5,5,13,Loyal Customers
12560,132,3,5409.284799999999,3,5,5,13,Loyal Customers
12561,76,2,5657.3282,4,4,5,13,Champions
12562,288,1,82.2384,1,1,2,4,Lost Customers
12563,179,2,173.6715,3,4,3,10,Loyal Customers
12564,42,2,191.2516,5,4,3,12,Loyal Customers
12565,84,1,121.0562,4,1,2,7,New Customers
12566,94,2,188.3057,4,4,3,11,Loyal Customers
12567,84,2,90.2384,4,4,2,10,Potential Loyalists
12568,285,2,103.3546,1,4,2,7,Potential Loyalists
12569,159,1,78.6242,3,1,2,6,Potential Loyalists
12570,137,2,2652.7124,3,4,4,11,Loyal Customers
12571,145,2,2641.3896000000004,3,4,4,11,Loyal Customers
12572,108,2,2611.4096,4,4,4,12,Champions
12573,119,2,2668.0782,3,4,4,11,Loyal Customers
12574,99,2,2636.3796,4,4,4,12,Champions
12575,92,2,2668.0782,4,4,4,12,Champions
12576,100,2,2661.3666,4,4,4,12,Champions
12577,99,2,2664.0582,4,4,4,12,Champions
12578,66,2,2668.0782,4,4,4,12,Champions
12579,78,2,2589.0882,4,4,4,12,Champions
12580,69,2,2589.0882,4,4,4,12,Champions
12581,72,2,2666.3796,4,4,4,12,Champions
12582,56,2,115.3357,4,4,2,10,Potential Loyalists
12583,79,2,2656.3896000000004,4,4,4,12,Champions
12584,42,2,2655.3696,5,4,4,13,Champions
12585,52,2,2639.0582,4,4,4,12,Champions
12586,35,2,2636.4096,5,4,4,13,Champions
12587,3,2,104.9173,5,4,2,11,Potential Loyalists
12588,55,2,2639.0782,4,4,4,12,Champions
12589,50,2,2687.0382,5,4,4,13,Champions
12590,61,2,100.1523,4,4,2,10,Potential Loyalists
12592,21,2,140.171,5,4,3,12,Loyal Customers
12593,121,2,85.2484,3,4,2,9,Potential Loyalists
12594,12,2,75.2684,5,4,2,11,Potential Loyalists
12595,145,2,79.8484,3,4,2,9,Potential Loyalists
12596,95,1,101.60419999999999,4,1,2,7,New Customers
12597,89,2,105.0342,4,4,2,10,Potential Loyalists
12598,86,2,85.2484,4,4,2,10,Potential Loyalists
12599,139,3,5442.884599999999,3,5,5,13,Loyal Customers
12600,111,1,64.95,3,1,2,6,Potential Loyalists
12601,121,1,116.81,3,1,2,6,Potential Loyalists
12602,2,2,65.8284,5,4,2,11,Potential Loyalists
12603,95,2,209.4019,4,4,3,11,Loyal Customers
12604,211,1,47.248400000000004,2,1,1,4,Lost Customers
12605,229,1,19.98,2,1,1,4,Lost Customers
12606,116,1,42.870000000000005,3,1,1,5,Potential Loyalists
12607,108,3,6255.8638,4,5,5,14,Champions
12608,94,3,5477.2678,4,5,5,14,Champions
12609,98,3,5414.9764,4,5,5,14,Champions
12610,103,2,135.2483,4,4,3,11,Loyal Customers
12611,24,2,150.90269999999998,5,4,3,12,Loyal Customers
12612,115,3,5420.6606,3,5,5,13,Loyal Customers
12613,81,2,5757.149600000001,4,4,5,13,Champions
12614,68,2,5680.9924,4,4,5,13,Champions
12615,69,3,5435.2934000000005,4,5,5,14,Champions
12616,221,1,24.97,2,1,1,4,Lost Customers
12617,162,1,67.06620000000001,3,1,2,6,Potential Loyalists
12618,44,2,5690.972400000001,5,4,5,14,Champions
12619,81,3,4985.8178,4,5,5,14,Champions
12620,93,3,6267.2065999999995,4,5,5,14,Champions
12621,97,3,6250.9424,4,5,5,14,Champions
12622,57,3,4910.1162,4,5,5,14,Champions
12623,84,3,5420.5864,4,5,5,14,Champions
12624,93,2,4133.1864,4,4,5,13,Champions
12625,115,1,111.67150000000001,3,1,2,6,Potential Loyalists
12626,41,2,118.8926,5,4,2,11,Potential Loyalists
12627,180,2,196.1884,2,4,3,9,At Risk
12628,173,1,24.97,3,1,1,5,Potential Loyalists
12629,42,1,82.2484,5,1,2,8,New Customers
12630,245,3,6584.5578000000005,2,5,5,12,At Risk
12631,203,4,10331.7349,2,5,5,12,At Risk
12632,194,4,10282.9121,2,5,5,12,At Risk
12633,89,2,115.6173,4,4,2,10,Potential Loyalists
12634,247,3,6542.812,2,5,5,12,At Risk
12635,280,1,48.0673,1,1,1,3,Lost Customers
12636,166,2,60.9126,3,4,2,9,Potential Loyalists
12637,242,3,6617.182000000001,2,5,5,12,At Risk
12638,56,2,79.3546,4,4,2,10,Potential Loyalists
12639,312,1,48.0673,1,1,1,3,Lost Customers
12640,244,3,6534.5048,2,5,5,12,At Risk
12641,26,1,25.9326,5,1,1,7,New Customers
12642,226,1,8.6442,2,1,1,4,Lost Customers
12643,322,1,17.2884,1,1,1,3,Lost Customers
12644,251,3,6591.846200000001,2,5,5,12,At Risk
12645,257,3,6600.133400000001,1,5,5,11,At Risk
12646,309,1,9.98,1,1,1,3,Lost Customers
12647,251,3,6695.6239000000005,2,5,5,12,At Risk
12648,240,3,6635.7145,2,5,5,12,At Risk
12649,90,1,25.9326,4,1,1,6,New Customers
12650,185,4,10329.2291,2,5,5,12,At Risk
12651,84,1,8.6442,4,1,1,6,New Customers
12652,35,2,228.2857,5,4,3,12,Loyal Customers
12653,213,3,6688.3688,2,5,5,12,At Risk
12654,184,2,87.5384,2,4,2,8,Potential Loyalists
12655,193,4,10394.9836,2,5,5,12,At Risk
12656,224,1,17.2884,2,1,1,4,Lost Customers
12657,5,4,7139.1720000000005,5,5,5,15,Champions
12658,228,3,6628.7744,2,5,5,12,At Risk
12659,255,1,102.94,2,1,2,5,Lost Customers
12660,28,1,53.6242,5,1,1,7,New Customers
12661,271,1,63.6042,1,1,2,4,Lost Customers
12662,16,1,19.97,5,1,1,7,New Customers
12663,41,1,83.95,5,1,2,8,New Customers
12664,80,2,118.8926,4,4,2,10,Potential Loyalists
12665,92,3,110.45419999999999,4,5,2,11,Potential Loyalists
12666,52,2,64.53999999999999,4,4,2,10,Potential Loyalists
12667,103,3,6579.514800000001,4,5,5,14,Champions
12668,100,3,6593.5678,4,5,5,14,Champions
12669,100,3,6553.1564,4,5,5,14,Champions
12670,107,3,6561.216399999999,4,5,5,14,Champions
12671,121,3,6566.192000000001,3,5,5,13,Loyal Customers
12672,193,3,384.6142,2,5,3,10,At Risk
12673,114,3,6539.5378,3,5,5,13,Loyal Customers
12674,115,3,6580.8992,3,5,5,13,Loyal Customers
12675,105,3,6564.199200000001,4,5,5,14,Champions
12676,113,3,6613.567800000001,3,5,5,13,Loyal Customers
12677,98,3,6538.232,4,5,5,14,Champions
12678,214,3,391.6704,2,5,3,10,At Risk
12679,30,3,216.95999999999998,5,5,3,13,Loyal Customers
12680,102,3,6660.129000000001,4,5,5,14,Champions
12681,101,3,6565.8362,4,5,5,14,Champions
12682,33,3,256.94,5,5,3,13,Loyal Customers
12683,98,3,6606.5278,4,5,5,14,Champions
12684,70,3,6704.092000000001,4,5,5,14,Champions
12685,80,3,6682.507799999999,4,5,5,14,Champions
12686,88,3,6615.8892,4,5,5,14,Champions
12687,70,3,6559.5778,4,5,5,14,Champions
12688,87,3,6662.8292,4,5,5,14,Champions
12689,90,3,6681.2282000000005,4,5,5,14,Champions
12690,175,1,12.56,3,1,1,5,Potential Loyalists
12691,15,3,297.7004,5,5,3,13,Loyal Customers
12692,78,2,192.51999999999998,4,4,3,11,Loyal Customers
12693,66,3,6574.5778,4,5,5,14,Champions
12694,80,3,6559.8706,4,5,5,14,Champions
12695,77,3,225.94,4,5,3,12,Loyal Customers
12696,229,1,159.0,2,1,3,6,Can't Lose Them
12697,43,3,356.34000000000003,5,5,3,13,Loyal Customers
12698,90,3,6577.1278,4,5,5,14,Champions
12699,69,3,6572.206399999999,4,5,5,14,Champions
12700,65,3,6629.1476,4,5,5,14,Champions
12701,89,3,6642.8392,4,5,5,14,Champions
12702,82,3,6716.477800000001,4,5,5,14,Champions
12703,86,3,6647.192,4,5,5,14,Champions
12704,76,3,255.47809999999998,4,5,3,12,Loyal Customers
12705,71,3,6604.192000000001,4,5,5,14,Champions
12706,71,3,6663.525100000001,4,5,5,14,Champions
12707,258,2,5713.2938,1,4,5,10,At Risk
12708,60,2,97.95,4,4,2,10,Potential Loyalists
12709,247,2,5683.3338,2,4,5,11,At Risk
12710,154,2,4522.778,3,4,5,12,Loyal Customers
12711,54,2,5716.0024,4,4,5,13,Champions
12712,94,2,4212.5451,4,4,5,13,Champions
12713,64,2,4217.779200000001,4,4,5,13,Champions
12714,161,1,63.6042,3,1,2,6,Potential Loyalists
12715,146,3,94.09,3,5,2,10,Potential Loyalists
12716,318,1,93.46000000000001,1,1,2,4,Lost Customers
12717,52,2,5637.3582,4,4,5,13,Champions
12718,46,1,117.5942,5,1,2,8,New Customers
12719,170,1,29.96,3,1,1,5,Potential Loyalists
12720,198,1,73.5942,2,1,2,5,Lost Customers
12721,237,1,19.97,2,1,1,4,Lost Customers
12722,265,1,77.0562,1,1,2,4,Lost Customers
12723,303,1,83.95,1,1,2,4,Lost Customers
12724,329,1,34.95,1,1,1,3,Lost Customers
12725,131,1,134.56,3,1,3,7,Potential Loyalists
12726,146,1,118.96990000000001,3,1,2,6,Potential Loyalists
12727,185,1,29.96,2,1,1,4,Lost Customers
12728,264,1,69.96000000000001,1,1,2,4,Lost Customers
12729,143,2,89.82839999999999,3,4,2,9,Potential Loyalists
12730,6,2,129.1084,5,4,3,12,Loyal Customers
12731,103,1,69.96000000000001,4,1,2,7,New Customers
12733,113,2,76.6042,3,4,2,9,Potential Loyalists
12734,97,1,48.6242,4,1,1,6,New Customers
12735,84,2,4155.507799999999,4,4,5,13,Champions
12736,83,2,4226.7892,4,4,5,13,Champions
12737,264,1,43.6342,1,1,1,3,Lost Customers
12738,233,3,4740.7606,2,5,5,12,At Risk
12739,182,1,35.0,2,1,1,4,Lost Customers
12740,4,1,53.6242,5,1,1,7,New Customers
12741,261,1,43.6242,1,1,1,3,Lost Customers
12742,203,3,4921.6692,2,5,5,12,At Risk
12743,72,1,68.6442,4,1,2,7,New Customers
12744,121,1,92.0273,3,1,2,6,Potential Loyalists
12745,4,3,4980.081800000001,5,5,5,15,Champions
12746,59,2,156.49,4,4,3,11,Loyal Customers
12747,79,2,4155.4678,4,4,5,13,Champions
12748,150,1,64.95,3,1,2,6,Potential Loyalists
12749,55,2,5674.2282,4,4,5,13,Champions
12750,61,3,6260.8182,4,5,5,14,Champions
12751,19,1,92.2684,5,1,2,8,New Customers
12752,102,3,220.5873,4,5,3,12,Loyal Customers
12753,192,2,205.74,2,4,3,9,At Risk
12754,86,3,6293.2682,4,5,5,14,Champions
12755,146,2,5772.1296,3,4,5,12,Loyal Customers
12756,144,2,5661.0124,3,4,5,12,Loyal Customers
12757,268,1,125.67150000000001,1,1,3,5,Can't Lose Them
12758,215,1,78.6242,2,1,2,5,Lost Customers
12759,184,1,43.96,2,1,1,4,Lost Customers
12760,200,4,389.4573,2,5,3,10,At Risk
12761,140,2,5702.6396,3,4,5,12,Loyal Customers
12762,1,2,5684.6896,5,4,5,14,Champions
12763,207,1,604.94,2,1,3,6,Can't Lose Them
12764,267,2,4347.76,1,4,5,10,At Risk
12765,284,1,1749.0573,1,1,4,6,Can't Lose Them
12766,205,2,4457.7,2,4,5,11,At Risk
12767,126,1,35.0,3,1,1,5,Potential Loyalists
12768,162,2,4435.73,3,4,5,12,Loyal Customers
12769,140,2,5707.3382,3,4,5,12,Loyal Customers
12770,132,2,5702.8796,3,4,5,12,Loyal Customers
12771,142,2,5669.6696,3,4,5,12,Loyal Customers
12772,129,2,5679.649600000001,3,4,5,12,Loyal Customers
12773,140,2,5679.6596,3,4,5,12,Loyal Customers
12774,123,2,5712.3182,3,4,5,12,Loyal Customers
12775,202,1,43.96,2,1,1,4,Lost Customers
12776,276,1,61.6042,1,1,2,4,Lost Customers
12777,144,2,5654.2696,3,4,5,12,Loyal Customers
12778,8,1,76.2284,5,1,2,8,New Customers
12779,127,2,5754.3955000000005,3,4,5,12,Loyal Customers
12780,102,2,5704.239600000001,4,4,5,13,Champions
12781,192,1,2091.3996,2,1,4,7,Can't Lose Them
12782,178,1,2172.0911,3,1,4,8,Potential Loyalists
12783,151,1,2201.5382,3,1,4,8,Potential Loyalists
12784,113,2,5768.6196,3,4,5,12,Loyal Customers
12785,152,1,2049.0982,3,1,4,8,Potential Loyalists
12786,47,1,43.96,5,1,1,7,New Customers
12787,94,2,72.12,4,4,2,10,Potential Loyalists
12788,175,1,99.5842,3,1,2,6,Potential Loyalists
12789,92,2,5754.3855,4,4,5,13,Champions
12790,15,1,50.83,5,1,1,7,New Customers
12791,308,1,59.86,1,1,1,3,Lost Customers
12793,311,1,142.45,1,1,3,5,Can't Lose Them
12794,123,1,43.96,3,1,1,5,Potential Loyalists
12795,45,3,154.38,5,5,3,13,Loyal Customers
12796,267,1,92.0273,1,1,2,4,Lost Customers
12797,187,1,78.95,2,1,2,5,Lost Customers
12798,294,1,29.96,1,1,1,3,Lost Customers
12799,188,1,43.6242,2,1,1,4,Lost Customers
12800,129,1,49.96,3,1,1,5,Potential Loyalists
12803,235,1,113.0173,2,1,2,5,Lost Customers
12804,35,2,5718.2838,5,4,5,14,Champions
12805,83,3,6287.6296,4,5,5,14,Champions
12806,200,3,4730.2137,2,5,5,12,At Risk
12807,168,3,4813.875400000001,3,5,5,13,Loyal Customers
12808,1,3,4862.8678,5,5,5,15,Champions
12809,234,1,43.6242,2,1,1,4,Lost Customers
12810,27,1,14.56,5,1,1,7,New Customers
12811,64,1,14.97,4,1,1,6,New Customers
12812,225,1,73.5942,2,1,2,5,Lost Customers
12813,35,2,4137.0264,5,4,5,14,Champions
12814,243,1,57.0762,2,1,1,4,Lost Customers
12815,63,1,14.56,4,1,1,6,New Customers
12816,44,2,4300.0364,5,4,5,14,Champions
12817,50,2,5698.229600000001,5,4,5,14,Champions
12818,31,1,71.58000000000001,5,1,2,8,New Customers
12819,60,2,5703.303800000001,4,4,5,13,Champions
12820,60,2,5669.6696,4,4,5,13,Champions
12821,16,2,203.5442,5,4,3,12,Loyal Customers
12822,32,1,97.95,5,1,2,8,New Customers
12823,4,1,45.160000000000004,5,1,1,7,New Customers
12824,18,1,56.480000000000004,5,1,1,7,New Customers
12825,37,2,4174.1320000000005,5,4,5,14,Champions
12826,42,2,4221.7492,5,4,5,14,Champions
12827,46,2,4212.8292,5,4,5,14,Champions
12828,284,1,63.0373,1,1,2,4,Lost Customers
12829,32,2,4214.1064,5,4,5,14,Champions
12830,1,2,5676.9282,5,4,5,14,Champions
12831,43,1,43.6242,5,1,1,7,New Customers
12832,279,1,48.6142,1,1,1,3,Lost Customers
12833,56,2,4128.1564,4,4,5,13,Champions
12834,26,2,5649.6896,5,4,5,14,Champions
12835,208,1,44.97,2,1,1,4,Lost Customers
12836,32,2,101.4981,5,4,2,11,Potential Loyalists
12837,320,1,9.98,1,1,1,3,Lost Customers
12838,272,1,46.95,1,1,1,3,Lost Customers
12839,201,2,4184.317800000001,2,4,5,11,At Risk
12840,304,1,39.980000000000004,1,1,1,3,Lost Customers
12841,10,2,5683.3338,5,4,5,14,Champions
12842,94,1,32.6,4,1,1,6,New Customers
12843,24,2,5769.6896,5,4,5,14,Champions
12844,277,1,78.95,1,1,2,4,Lost Customers
12845,219,1,119.93,2,1,2,5,Lost Customers
12846,40,2,4226.7892,5,4,5,14,Champions
12848,212,1,110.89259999999999,2,1,2,5,Lost Customers
12849,6,2,5657.3282,5,4,5,14,Champions
12850,60,2,4172.7992,4,4,5,13,Champions
12851,32,1,75.57000000000001,5,1,2,8,New Customers
12852,54,2,4167.7878,4,4,5,13,Champions
12853,183,2,4128.1664,2,4,5,11,At Risk
12854,205,2,4144.0563999999995,2,4,5,11,At Risk
12855,199,2,4185.7492,2,4,5,11,At Risk
12856,197,2,4216.7992,2,4,5,11,At Risk
12857,181,2,4143.1764,2,4,5,11,At Risk
12858,39,2,4147.4192,5,4,5,14,Champions
12859,73,3,5450.6062,4,5,5,14,Champions
12860,155,2,4218.1964,3,4,5,12,Loyal Customers
12861,173,2,4163.1464,3,4,5,12,Loyal Customers
12862,83,1,114.3115,4,1,2,7,New Customers
12863,29,2,4274.4078,5,4,5,14,Champions
12865,242,2,178.76839999999999,2,4,3,9,At Risk
12866,14,2,5647.3482,5,4,5,14,Champions
12867,9,2,4120.5178,5,4,5,14,Champions
12868,283,1,32.6,1,1,1,3,Lost Customers
12869,317,1,32.6,1,1,1,3,Lost Customers
12870,15,1,65.9026,5,1,2,8,New Customers
12871,49,1,34.95,5,1,1,7,New Customers
12872,30,1,55.922599999999996,5,1,1,7,New Customers
12873,72,3,5426.3234,4,5,5,14,Champions
12874,84,3,5394.9378,4,5,5,14,Champions
12875,16,1,130.5342,5,1,3,9,New Customers
12877,197,1,59.86,2,1,1,4,Lost Customers
12878,307,1,67.5081,1,1,2,4,Lost Customers
12879,6,1,73.92,5,1,2,8,New Customers
12880,71,4,315.8443,4,5,3,12,Loyal Customers
12881,111,2,5662.3682,3,4,5,12,Loyal Customers
12882,108,2,5704.972400000001,4,4,5,13,Champions
12883,96,2,5631.9482,4,4,5,13,Champions
12884,103,2,5654.2696,4,4,5,13,Champions
12885,94,2,5712.3282,4,4,5,13,Champions
12886,103,2,5747.2738,4,4,5,13,Champions
12889,88,1,43.96,4,1,1,6,New Customers
12891,11,1,43.96,5,1,1,7,New Customers
12892,29,4,496.0199,5,5,3,13,Loyal Customers
12893,14,2,62.96,5,4,2,11,Potential Loyalists
12894,93,2,71.95,4,4,2,10,Potential Loyalists
12895,26,4,472.49609999999996,5,5,3,13,Loyal Customers
12896,272,1,79.83,1,1,2,4,Lost Customers
12897,114,1,125.67150000000001,3,1,3,7,Potential Loyalists
12898,109,2,5734.8282,4,4,5,13,Champions
12899,11,1,139.1235,5,1,3,9,New Customers
12900,39,1,43.96,5,1,1,7,New Customers
12901,119,2,5670.0024,3,4,5,12,Loyal Customers
12902,157,1,2081.4096,3,1,4,8,Potential Loyalists
12903,172,1,2088.6782,3,1,4,8,Potential Loyalists
12904,118,2,5684.229600000001,3,4,5,12,Loyal Customers
12905,135,1,92.0273,3,1,2,6,Potential Loyalists
12906,314,1,65.94,1,1,2,4,Lost Customers
12907,283,1,163.96,1,1,3,5,Can't Lose Them
12908,296,1,129.44,1,1,3,5,Can't Lose Them
12909,71,1,92.0273,4,1,2,7,New Customers
12910,83,1,78.95,4,1,2,7,New Customers
12912,65,2,5649.6896,4,4,5,13,Champions
12913,65,2,5698.229600000001,4,4,5,13,Champions
12914,174,1,2101.3896,3,1,4,8,Potential Loyalists
12915,79,2,5668.2382,4,4,5,13,Champions
12916,21,4,334.1915,5,5,3,13,Loyal Customers
12917,252,2,5649.6896,2,4,5,11,At Risk
12918,259,2,4514.7696,1,4,5,10,At Risk
12920,109,2,150.9,4,4,3,11,Loyal Customers
12921,69,2,4559.7496,4,4,5,13,Champions
12923,87,2,4240.6507,4,4,5,13,Champions
12924,57,1,149.89,4,1,3,8,New Customers
12925,287,1,43.96,1,1,1,3,Lost Customers
12926,267,2,4578.7096,1,4,5,10,At Risk
12927,157,2,138.0188,3,4,3,10,Loyal Customers
12928,55,4,351.6104,4,5,3,12,Loyal Customers
12929,244,2,4593.7196,2,4,5,11,At Risk
12930,249,2,4270.2407,2,4,5,11,At Risk
12931,161,2,182.9499,3,4,3,10,Loyal Customers
12932,62,2,67.2584,4,4,2,10,Potential Loyalists
12933,181,2,157.6141,2,4,3,9,At Risk
12934,261,2,4310.6307,1,4,5,10,At Risk
12935,250,2,4567.7196,2,4,5,11,At Risk
12936,69,4,335.1242,4,5,3,12,Loyal Customers
12937,145,1,97.95,3,1,2,6,Potential Loyalists
12938,311,1,124.7004,1,1,3,5,Can't Lose Them
12939,97,3,270.1984,4,5,3,12,Loyal Customers
12940,66,2,146.663,4,4,3,11,Loyal Customers
12941,268,2,4569.7596,1,4,5,10,At Risk
12942,258,2,4252.9821,1,4,5,10,At Risk
12943,246,1,17.2884,2,1,1,4,Lost Customers
12944,115,4,238.7384,3,5,3,11,Loyal Customers
12945,111,3,255.7184,3,5,3,11,Loyal Customers
12946,102,1,124.7004,4,1,3,8,New Customers
12947,63,2,4291.9091,4,4,5,13,Champions
12948,316,1,98.95,1,1,2,4,Lost Customers
12949,85,2,4308.6063,4,4,5,13,Champions
12950,67,2,4514.428199999999,4,4,5,13,Champions
12951,273,1,61.248400000000004,1,1,2,4,Lost Customers
12952,136,1,56.93,3,1,1,5,Potential Loyalists
12953,253,1,148.2485,2,1,3,6,Can't Lose Them
12954,195,2,66.8484,2,4,2,8,Potential Loyalists
12955,40,1,78.6242,5,1,2,8,New Customers
12956,63,2,129.37460000000002,4,4,3,11,Loyal Customers
12957,1,2,52.288399999999996,5,4,1,10,Potential Loyalists
12958,51,2,221.26839999999999,5,4,3,12,Loyal Customers
12959,60,3,211.6115,4,5,3,12,Loyal Customers
12960,214,2,60.4942,2,4,2,8,Potential Loyalists
12961,54,1,17.2884,4,1,1,6,New Customers
12962,44,2,104.5568,5,4,2,11,Potential Loyalists
12963,1,2,125.79650000000001,5,4,3,12,Loyal Customers
12964,42,4,154.93,5,5,3,13,Loyal Customers
12965,326,1,77.60419999999999,1,1,2,4,Lost Customers
12966,175,1,105.0373,3,1,2,6,Potential Loyalists
12967,201,1,21.98,2,1,1,4,Lost Customers
12968,35,1,43.96,5,1,1,7,New Customers
12969,77,4,274.6673,4,5,3,12,Loyal Customers
12970,67,4,565.4073000000001,4,5,3,12,Loyal Customers
12971,169,1,65.94,3,1,2,6,Potential Loyalists
12972,53,4,291.3743,4,5,3,12,Loyal Customers
12973,4,2,104.55680000000001,5,4,2,11,Potential Loyalists
12975,77,2,4394.6206999999995,4,4,5,13,Champions
12976,117,1,43.96,3,1,1,5,Potential Loyalists
12977,296,1,92.0273,1,1,2,4,Lost Customers
12978,175,1,66.13,3,1,2,6,Potential Loyalists
12979,310,1,202.96,1,1,3,5,Can't Lose Them
12980,267,2,4328.6107,1,4,5,10,At Risk
12981,246,2,4582.277700000001,2,4,5,11,At Risk
12982,86,2,89.2384,4,4,2,10,Potential Loyalists
12983,299,1,127.43,1,1,3,5,Can't Lose Them
12984,60,4,302.0268,4,5,3,12,Loyal Customers
12985,157,2,43.6442,3,4,1,8,Potential Loyalists
12986,178,2,4585.752399999999,3,4,5,12,Loyal Customers
12987,75,3,6513.5778,4,5,5,14,Champions
12988,68,3,6671.8578,4,5,5,14,Champions
12989,83,3,6586.1964,4,5,5,14,Champions
12990,88,3,6580.8992,4,5,5,14,Champions
12991,102,3,5410.6162,4,5,5,14,Champions
12992,141,3,230.1173,3,5,3,11,Loyal Customers
12993,213,3,157.51,2,5,3,10,At Risk
12994,81,3,6633.1720000000005,4,5,5,14,Champions
12995,63,3,6633.8968,4,5,5,14,Champions
12996,87,3,6559.5778,4,5,5,14,Champions
12997,50,3,229.3126,5,5,3,13,Loyal Customers
12998,114,3,5444.982,3,5,5,13,Loyal Customers
12999,70,3,6594.567800000001,4,5,5,14,Champions
13000,66,3,6567.5378,4,5,5,14,Champions
13001,80,3,6587.5164,4,5,5,14,Champions
13002,38,3,339.171,5,5,3,13,Loyal Customers
13003,166,3,240.17419999999998,3,5,3,11,Loyal Customers
13004,113,3,196.55,3,5,3,11,Loyal Customers
13005,48,2,253.95,5,4,3,12,Loyal Customers
13006,90,3,6522.567800000001,4,5,5,14,Champions
13007,69,3,5425.3478,4,5,5,14,Champions
13008,11,3,209.6942,5,5,3,13,Loyal Customers
13009,7,3,264.1304,5,5,3,13,Loyal Customers
13010,77,3,5488.5146,4,5,5,14,Champions
13011,84,3,6629.1764,4,5,5,14,Champions
13012,71,3,6781.5278,4,5,5,14,Champions
13013,55,3,297.5,4,5,3,12,Loyal Customers
13014,235,1,78.6242,2,1,2,5,Lost Customers
13015,233,2,155.0,2,4,3,9,At Risk
13016,247,2,4566.0824,2,4,5,11,At Risk
13017,130,1,49.56,3,1,1,5,Potential Loyalists
13018,44,2,2704.3196000000003,5,4,4,13,Champions
13019,72,2,4623.6795999999995,4,4,5,13,Champions
13020,12,2,2589.0882,5,4,4,13,Champions
13021,22,2,2689.0138,5,4,4,13,Champions
13022,19,2,2673.9482,5,4,4,13,Champions
13023,112,1,66.0473,3,1,2,6,Potential Loyalists
13024,27,2,2665.0582,5,4,4,13,Champions
13025,3,2,2690.3996,5,4,4,13,Champions
13026,22,2,183.9973,5,4,3,12,Loyal Customers
13027,138,1,2097.6382,3,1,4,8,Potential Loyalists
13028,6,1,53.97,5,1,1,7,New Customers
13029,167,2,2971.0325000000003,3,4,5,12,Loyal Customers
13030,110,1,98.95,4,1,2,7,New Customers
13031,277,1,43.96,1,1,1,3,Lost Customers
13032,266,2,4497.0282,1,4,5,10,At Risk
13034,110,2,128.5004,4,4,3,11,Loyal Customers
13035,27,2,2664.9808,5,4,4,13,Champions
13036,24,2,2694.0108,5,4,4,13,Champions
13037,48,2,58.63419999999999,5,4,1,10,Potential Loyalists
13038,71,3,5335.3678,4,5,5,14,Champions
13039,106,2,3282.83,4,4,5,13,Champions
13040,38,1,84.97,5,1,2,8,New Customers
13041,191,2,187.5742,2,4,3,9,At Risk
13042,67,2,130.72039999999998,4,4,3,11,Loyal Customers
13043,98,2,226.5442,4,4,3,11,Loyal Customers
13044,44,2,84.97,5,4,2,11,Potential Loyalists
13045,163,2,63.2142,3,4,2,9,Potential Loyalists
13046,178,2,93.60419999999999,3,4,2,9,Potential Loyalists
13047,100,3,276.9,4,5,3,12,Loyal Customers
13048,52,3,232.8757,4,5,3,12,Loyal Customers
13049,54,3,5432.2978,4,5,5,14,Champions
13050,52,3,5405.3578,4,5,5,14,Champions
13051,64,3,6597.7292,4,5,5,14,Champions
13052,236,1,61.94,2,1,2,5,Lost Customers
13053,295,1,98.95,1,1,2,4,Lost Customers
13054,16,1,97.95,5,1,2,8,New Customers
13055,113,2,3083.6767,3,4,5,12,Loyal Customers
13056,78,2,3300.1184,4,4,5,13,Champions
13057,53,2,3348.1857,4,4,5,13,Champions
13058,341,2,3060.5784,1,4,5,10,At Risk
13059,362,2,3087.5123,1,4,5,10,At Risk
13060,322,2,2867.5687,1,4,5,10,At Risk
13061,113,1,113.03620000000001,3,1,2,6,Potential Loyalists
13062,68,2,4277.9091,4,4,5,13,Champions
13063,62,2,4527.4382,4,4,5,13,Champions
13064,89,2,4358.8221,4,4,5,13,Champions
13065,203,1,1700.99,2,1,4,7,Can't Lose Them
13066,284,2,3046.9442,1,4,5,10,At Risk
13067,242,2,3081.29,2,4,5,11,At Risk
13068,265,2,2830.5025,1,4,5,10,At Risk
13069,265,2,2741.5325000000003,1,4,4,9,At Risk
13070,284,1,77.60419999999999,1,1,2,4,Lost Customers
13071,38,3,123.97,5,5,3,13,Loyal Customers
13072,181,1,120.0,2,1,2,5,Lost Customers
13073,52,1,43.96,4,1,1,6,New Customers
13074,239,1,77.60419999999999,2,1,2,5,Lost Customers
13075,71,3,6653.288200000001,4,5,5,14,Champions
13076,73,3,6613.567800000001,4,5,5,14,Champions
13077,48,3,6562.3126,5,5,5,15,Champions
13078,44,3,6605.5334,5,5,5,15,Champions
13079,57,3,6539.1964,4,5,5,14,Champions
13080,56,3,6615.752,4,5,5,14,Champions
13081,41,3,6535.2464,5,5,5,15,Champions
13082,47,3,6679.7492,5,5,5,15,Champions
13083,247,2,4314.2305,2,4,5,11,At Risk
13084,201,1,1807.2584,2,1,4,7,Can't Lose Them
13085,201,2,3110.8381,2,4,5,11,At Risk
13086,90,2,4564.3296,4,4,5,13,Champions
13087,67,2,4559.7496,4,4,5,13,Champions
13088,85,2,4536.4082,4,4,5,13,Champions
13089,46,3,6564.5378,5,5,5,15,Champions
13090,40,3,6607.8078000000005,5,5,5,15,Champions
13091,57,3,6641.664000000001,4,5,5,14,Champions
13092,34,2,261.9973,5,4,3,12,Loyal Customers
13093,248,2,4537.4282,2,4,5,11,At Risk
13095,6,4,404.5715,5,5,3,13,Loyal Customers
13096,37,3,299.89840000000004,5,5,3,13,Loyal Customers
13097,263,1,43.96,1,1,1,3,Lost Customers
13098,233,1,92.0273,2,1,2,5,Lost Customers
13099,75,2,243.93,4,4,3,11,Loyal Customers
13100,254,1,2127.0438000000004,2,1,4,7,Can't Lose Them
13101,162,2,4510.7724,3,4,5,12,Loyal Customers
13102,263,1,2178.0081999999998,1,1,4,6,Can't Lose Them
13103,35,3,6650.2826000000005,5,5,5,15,Champions
13104,33,3,6658.5034000000005,5,5,5,15,Champions
13105,57,3,5373.6064,4,5,5,14,Champions
13106,45,3,5477.9392,5,5,5,15,Champions
13107,37,3,5425.6406,5,5,5,15,Champions
13108,14,3,5516.9582,5,5,5,15,Champions
13109,19,3,5469.6406,5,5,5,15,Champions
13111,22,3,5496.922,5,5,5,15,Champions
13112,16,3,5522.1988,5,5,5,15,Champions
13113,54,3,6596.779200000001,4,5,5,14,Champions
13114,35,3,6605.5178,5,5,5,15,Champions
13115,54,3,6546.1606,4,5,5,14,Champions
13116,39,3,240.52,5,5,3,13,Loyal Customers
13117,49,3,6607.1178,5,5,5,15,Champions
13118,5,3,5444.6406,5,5,5,15,Champions
13119,34,3,6599.167600000001,5,5,5,15,Champions
13120,2,3,255.6304,5,5,3,13,Loyal Customers
13121,113,3,123.54,3,5,3,11,Loyal Customers
13122,31,3,6655.8162,5,5,5,15,Champions
13123,60,3,6520.4906,4,5,5,14,Champions
13124,49,2,95.88,5,4,2,11,Potential Loyalists
13125,8,3,176.4573,5,5,3,13,Loyal Customers
13126,35,3,6593.4378,5,5,5,15,Champions
13127,88,3,117.53,4,5,2,11,Potential Loyalists
13128,59,3,6571.2464,4,5,5,14,Champions
13129,39,3,6573.232,5,5,5,15,Champions
13130,39,3,6557.567800000001,5,5,5,15,Champions
13131,35,3,6499.5548,5,5,5,15,Champions
13132,49,3,6644.706399999999,5,5,5,15,Champions
13133,60,3,6585.8506,4,5,5,14,Champions
13134,20,3,5401.6806,5,5,5,15,Champions
13135,41,3,6535.890600000001,5,5,5,15,Champions
13136,81,2,89.55,4,4,2,10,Potential Loyalists
13137,191,3,210.5642,2,5,3,10,At Risk
13138,151,3,112.95,3,5,2,10,Potential Loyalists
13139,37,3,6622.5378,5,5,5,15,Champions
13141,33,3,318.44259999999997,5,5,3,13,Loyal Customers
13142,67,2,4549.7696,4,4,5,13,Champions
13143,147,1,2154.4769,3,1,4,8,Potential Loyalists
13144,113,4,373.8942,3,5,3,11,Loyal Customers
13145,54,1,2098.6582,4,1,4,9,Potential Loyalists
13146,223,1,61.248400000000004,2,1,2,5,Lost Customers
13147,204,1,78.6242,2,1,2,5,Lost Customers
13148,284,1,1034.3175,1,1,4,6,Can't Lose Them
13149,30,2,118.5942,5,4,2,11,Potential Loyalists
13150,144,2,139.8542,3,4,3,10,Loyal Customers
13151,24,1,128.91,5,1,3,9,New Customers
13152,49,2,4362.2978,5,4,5,14,Champions
13153,318,1,147.6515,1,1,3,5,Can't Lose Them
13154,53,1,2074.0681999999997,4,1,4,9,Potential Loyalists
13155,2,3,282.1904,5,5,3,13,Loyal Customers
13156,1,2,2690.9696000000004,5,4,4,13,Champions
13157,120,1,49.98,3,1,1,5,Potential Loyalists
13158,68,3,306.8026,4,5,3,12,Loyal Customers
13159,13,3,256.0442,5,5,3,13,Loyal Customers
13160,38,3,6599.8792,5,5,5,15,Champions
13161,38,2,4274.9621,5,4,5,14,Champions
13162,164,1,107.46000000000001,3,1,2,6,Potential Loyalists
13163,211,1,61.94,2,1,2,5,Lost Customers
13164,180,1,137.42000000000002,2,1,3,6,Can't Lose Them
13165,48,2,4252.9821,5,4,5,14,Champions
13166,280,1,92.0273,1,1,2,4,Lost Customers
13167,52,1,51.85,4,1,1,6,New Customers
13168,93,1,73.63419999999999,4,1,2,7,New Customers
13169,74,2,212.0273,4,4,3,11,Loyal Customers
13170,247,2,252.94,2,4,3,9,At Risk
13171,204,2,234.0073,2,4,3,9,At Risk
13172,83,1,48.54,4,1,1,6,New Customers
13173,252,2,4368.557500000001,2,4,5,11,At Risk
13174,262,2,4309.9520999999995,1,4,5,10,At Risk
13175,47,3,200.60150000000002,5,5,3,13,Loyal Customers
13176,250,2,4532.3982,2,4,5,11,At Risk
13177,250,2,4252.6407,2,4,5,11,At Risk
13178,255,2,4274.6206999999995,2,4,5,11,At Risk
13179,15,4,259.00419999999997,5,5,3,13,Loyal Customers
13180,123,2,222.72039999999998,3,4,3,10,Loyal Customers
13181,56,2,214.8926,4,4,3,11,Loyal Customers
13182,22,2,218.20839999999998,5,4,3,12,Loyal Customers
13183,274,2,195.97,1,4,3,8,At Risk
13184,25,2,247.43,5,4,3,12,Loyal Customers
13186,232,1,43.96,2,1,1,4,Lost Customers
13187,241,1,73.89,2,1,2,5,Lost Customers
13188,77,1,77.60419999999999,4,1,2,7,New Customers
13189,257,2,4521.6396,1,4,5,10,At Risk
13190,242,2,4252.9821,2,4,5,11,At Risk
13191,120,1,113.03620000000001,3,1,2,6,Potential Loyalists
13193,174,1,92.0273,3,1,2,6,Potential Loyalists
13194,100,1,78.95,4,1,2,7,New Customers
13195,262,1,114.0073,1,1,2,4,Lost Customers
13196,81,1,77.60419999999999,4,1,2,7,New Customers
13198,91,3,139.91,4,5,3,12,Loyal Customers
13199,82,3,139.0442,4,5,3,12,Loyal Customers
13200,48,1,48.54,5,1,1,7,New Customers
13201,22,3,111.32,5,5,2,12,Potential Loyalists
13202,266,2,4331.9321,1,4,5,10,At Risk
13203,265,2,4260.6206999999995,1,4,5,10,At Risk
13204,54,1,163.96,4,1,3,8,New Customers
13205,250,2,4567.4182,2,4,5,11,At Risk
13206,117,3,245.6784,3,5,3,11,Loyal Customers
13207,83,1,107.46000000000001,4,1,2,7,New Customers
13208,260,2,4571.0724,1,4,5,10,At Risk
13210,48,2,4252.9821,5,4,5,14,Champions
13212,50,2,4323.8721000000005,5,4,5,14,Champions
13213,294,1,43.96,1,1,1,3,Lost Customers
13214,50,2,4252.9821,5,4,5,14,Champions
13215,137,1,107.5642,3,1,2,6,Potential Loyalists
13216,233,1,115.5754,2,1,2,5,Lost Customers
13217,102,1,2128.0481999999997,4,1,4,9,Potential Loyalists
13218,56,1,107.46000000000001,4,1,2,7,New Customers
13219,84,1,43.96,4,1,1,6,New Customers
13220,270,2,4455.9421,1,4,5,10,At Risk
13221,247,2,4571.3982,2,4,5,11,At Risk
13222,52,3,226.90879999999999,4,5,3,12,Loyal Customers
13223,64,1,78.95,4,1,2,7,New Customers
13224,218,2,4311.4011,2,4,5,11,At Risk
13225,30,2,4259.8521,5,4,5,14,Champions
13226,33,2,4315.9221,5,4,5,14,Champions
13227,257,1,92.0273,1,1,2,4,Lost Customers
13228,154,1,77.60419999999999,3,1,2,6,Potential Loyalists
13229,177,1,43.96,3,1,1,5,Potential Loyalists
13230,232,2,4678.729600000001,2,4,5,11,At Risk
13231,102,4,385.4941,4,5,3,12,Loyal Customers
13232,112,1,43.96,3,1,1,5,Potential Loyalists
13233,55,2,4384.2348999999995,4,4,5,13,Champions
13234,330,1,73.92,1,1,2,4,Lost Customers
13235,312,1,77.60419999999999,1,1,2,4,Lost Customers
13236,69,1,43.96,4,1,1,6,New Customers
13237,240,2,4267.9621,2,4,5,11,At Risk
13238,213,2,4265.6507,2,4,5,11,At Risk
13239,7,4,315.4504,5,5,3,13,Loyal Customers
13240,119,1,65.94,3,1,2,6,Potential Loyalists
13241,115,1,2111.0382,3,1,4,8,Potential Loyalists
13242,80,1,77.60419999999999,4,1,2,7,New Customers
13243,214,2,4272.962100000001,2,4,5,11,At Risk
13244,79,1,124.7004,4,1,3,8,New Customers
13245,173,1,91.0562,3,1,2,6,Potential Loyalists
13246,36,2,4583.3638,5,4,5,14,Champions
13247,41,2,4322.688,5,4,5,14,Champions
13248,52,2,4255.6206999999995,4,4,5,13,Champions
13249,159,2,4551.3496,3,4,5,12,Loyal Customers
13250,235,2,4252.9821,2,4,5,11,At Risk
13251,234,3,6632.1178,2,5,5,12,At Risk
13252,223,3,6571.876200000001,2,5,5,12,At Risk
13253,214,3,6566.5078,2,5,5,12,At Risk
13254,225,3,6572.5248,2,5,5,12,At Risk
13255,26,4,7207.072,5,5,5,15,Champions
13256,3,4,7308.393400000001,5,5,5,15,Champions
13257,22,3,5135.026400000001,5,5,5,15,Champions
13258,14,3,5083.909600000001,5,5,5,15,Champions
13259,40,3,4080.4379,5,5,5,15,Champions
13261,89,3,3386.4082,4,5,5,14,Champions
13262,94,2,136.18099999999998,4,4,3,11,Loyal Customers
13263,174,4,10436.5079,3,5,5,13,Loyal Customers
13264,82,3,3452.3538000000003,4,5,5,14,Champions
13265,53,3,3475.3438000000006,4,5,5,14,Champions
13266,282,1,59.86,1,1,1,3,Lost Customers
13267,50,3,148.5642,5,5,3,13,Loyal Customers
13268,116,4,385.5184,3,5,3,11,Loyal Customers
13269,33,2,4292.6007,5,4,5,14,Champions
13270,92,1,2162.1155,4,1,4,9,Potential Loyalists
13271,104,1,2071.4196,4,1,4,9,Potential Loyalists
13272,60,1,126.0462,4,1,3,8,New Customers
13273,227,2,4433.6206999999995,2,4,5,11,At Risk
13274,232,2,4618.1686,2,4,5,11,At Risk
13275,320,1,43.96,1,1,1,3,Lost Customers
13276,24,1,65.94,5,1,2,8,New Customers
13277,240,2,4274.6206999999995,2,4,5,11,At Risk
13278,236,2,4351.9321,2,4,5,11,At Risk
13279,218,2,4309.610699999999,2,4,5,11,At Risk
13280,238,2,4353.9121,2,4,5,11,At Risk
13282,31,1,77.60419999999999,5,1,2,8,New Customers
13283,225,2,4274.6206999999995,2,4,5,11,At Risk
13284,178,2,4552.5428,3,4,5,12,Loyal Customers
13285,63,3,294.1085,4,5,3,12,Loyal Customers
13286,215,2,4282.9421,2,4,5,11,At Risk
13287,224,2,4514.7696,2,4,5,11,At Risk
13288,220,2,4370.5363,2,4,5,11,At Risk
13289,168,2,49.56,3,4,1,8,Potential Loyalists
13290,42,3,158.79000000000002,5,5,3,13,Loyal Customers
13291,216,1,124.7004,2,1,3,6,Can't Lose Them
13292,215,2,4235.2407,2,4,5,11,At Risk
13293,160,1,43.96,3,1,1,5,Potential Loyalists
13294,83,1,116.99730000000001,4,1,2,7,New Customers
13296,275,1,21.98,1,1,1,3,Lost Customers
13297,154,1,43.96,3,1,1,5,Potential Loyalists
13298,223,2,4272.962100000001,2,4,5,11,At Risk
13299,239,2,4606.6996,2,4,5,11,At Risk
13300,120,1,81.2184,3,1,2,6,Potential Loyalists
13301,104,1,97.58420000000001,4,1,2,7,New Customers
13302,301,1,78.95,1,1,2,4,Lost Customers
13303,113,3,87.51,3,5,2,10,Potential Loyalists
13304,218,2,4363.9421,2,4,5,11,At Risk
13305,237,1,70.0473,2,1,2,5,Lost Customers
13306,12,1,114.0073,5,1,2,8,New Customers
13307,206,1,124.7004,2,1,3,6,Can't Lose Them
13308,244,1,59.86,2,1,1,4,Lost Customers
13309,252,1,43.96,2,1,1,4,Lost Customers
13310,289,1,29.93,1,1,1,3,Lost Customers
13311,3,1,59.86,5,1,1,7,New Customers
13312,158,1,109.31569999999999,3,1,2,6,Potential Loyalists
13313,289,1,120.93,1,1,2,4,Lost Customers
13314,224,2,4635.4081,2,4,5,11,At Risk
13315,237,2,4305.6307,2,4,5,11,At Risk
13316,230,2,4331.6063,2,4,5,11,At Risk
13317,35,1,78.95,5,1,2,8,New Customers
13318,86,4,308.00620000000004,4,5,3,12,Loyal Customers
13319,220,2,4419.576300000001,2,4,5,11,At Risk
13320,304,1,43.96,1,1,1,3,Lost Customers
13322,232,1,85.48,2,1,2,5,Lost Customers
13323,15,1,141.98,5,1,3,9,New Customers
13324,232,2,4296.1206999999995,2,4,5,11,At Risk
13325,214,2,4331.9321,2,4,5,11,At Risk
13326,221,2,4265.6607,2,4,5,11,At Risk
13327,160,1,30.624200000000002,3,1,1,5,Potential Loyalists
13328,173,2,4497.0782,3,4,5,12,Loyal Customers
13329,218,2,4571.4082,2,4,5,11,At Risk
13330,109,3,128.5442,4,5,3,12,Loyal Customers
13331,168,1,95.58420000000001,3,1,2,6,Potential Loyalists
13332,72,1,77.60419999999999,4,1,2,7,New Customers
13333,95,1,21.98,4,1,1,6,New Customers
13334,149,1,107.5642,3,1,2,6,Potential Loyalists
13335,28,1,92.0273,5,1,2,8,New Customers
13336,263,1,127.0173,1,1,3,5,Can't Lose Them
13337,204,1,202.96,2,1,3,6,Can't Lose Them
13339,321,1,52.95,1,1,1,3,Lost Customers
13340,221,2,4310.6206999999995,2,4,5,11,At Risk
13341,315,1,163.96,1,1,3,5,Can't Lose Them
13342,51,1,66.73,5,1,2,8,New Customers
13343,156,2,4507.638199999999,3,4,5,12,Loyal Customers
13344,239,1,109.31569999999999,2,1,2,5,Lost Customers
13345,171,2,4558.2044000000005,3,4,5,12,Loyal Customers
13346,239,2,4296.6007,2,4,5,11,At Risk
13347,205,1,70.0473,2,1,2,5,Lost Customers
13348,218,2,4372.784900000001,2,4,5,11,At Risk
13349,317,1,43.96,1,1,1,3,Lost Customers
13350,165,2,81.93,3,4,2,9,Potential Loyalists
13351,233,2,4230.6607,2,4,5,11,At Risk
13352,189,1,77.60419999999999,2,1,2,5,Lost Customers
13353,58,2,4361.1805,4,4,5,13,Champions
13354,232,2,4274.6206999999995,2,4,5,11,At Risk
13355,213,2,4331.9421,2,4,5,11,At Risk
13356,73,1,52.95,4,1,1,6,New Customers
13357,35,2,4302.542100000001,5,4,5,14,Champions
13358,99,1,2204.9781999999996,4,1,4,9,Potential Loyalists
13359,51,2,4394.2407,5,4,5,14,Champions
13360,326,1,77.60419999999999,1,1,2,4,Lost Customers
13361,50,2,4519.3496,5,4,5,14,Champions
13362,35,2,4230.6607,5,4,5,14,Champions
13363,302,1,92.0273,1,1,2,4,Lost Customers
13364,226,1,77.60419999999999,2,1,2,5,Lost Customers
13365,108,1,48.54,4,1,1,6,New Customers
13366,177,2,4501.8024000000005,3,4,5,12,Loyal Customers
13367,238,2,4292.9321,2,4,5,11,At Risk
13368,63,1,70.0473,4,1,2,7,New Customers
13369,214,2,4537.4282,2,4,5,11,At Risk
13370,40,1,2084.0982,5,1,4,10,Potential Loyalists
13371,143,1,92.0273,3,1,2,6,Potential Loyalists
13372,326,1,98.95,1,1,2,4,Lost Customers
13373,271,1,107.5642,1,1,2,4,Lost Customers
13374,76,1,99.5842,4,1,2,7,New Customers
13375,25,1,92.0273,5,1,2,8,New Customers
13376,93,1,39.96,4,1,1,6,New Customers
13377,240,1,2071.4196,2,1,4,7,Can't Lose Them
13379,163,1,48.54,3,1,1,5,Potential Loyalists
13380,40,2,4592.3738,5,4,5,14,Champions
13381,156,1,92.0273,3,1,2,6,Potential Loyalists
13382,218,2,4303.8121,2,4,5,11,At Risk
13383,55,2,4282.9521,4,4,5,13,Champions
13384,38,2,4366.9894,5,4,5,14,Champions
13385,45,2,4316.2449,5,4,5,14,Champions
13386,87,1,115.2384,4,1,2,7,New Customers
13387,56,1,2100.9482,4,1,4,9,Potential Loyalists
13388,297,1,125.67150000000001,1,1,3,5,Can't Lose Them
13389,28,1,166.28570000000002,5,1,3,9,New Customers
13391,87,1,2200.8596000000002,4,1,4,9,Potential Loyalists
13392,49,1,77.60419999999999,5,1,2,8,New Customers
13393,231,1,2128.0481999999997,2,1,4,7,Can't Lose Them
13394,229,1,2096.3466,2,1,4,7,Can't Lose Them
13395,162,1,43.96,3,1,1,5,Potential Loyalists
13396,212,1,2115.9896,2,1,4,7,Can't Lose Them
13397,46,1,2212.2996000000003,5,1,4,10,Potential Loyalists
13399,50,1,2049.0982,5,1,4,10,Potential Loyalists
13400,51,2,4349.5806999999995,5,4,5,14,Champions
13401,37,2,4549.7696,5,4,5,14,Champions
13402,60,2,4547.4382,4,4,5,13,Champions
13403,227,2,4351.9321,2,4,5,11,At Risk
13404,214,3,6582.182,2,5,5,12,At Risk
13405,156,4,10308.5249,3,5,5,13,Loyal Customers
13406,41,3,3494.6422000000002,5,5,5,15,Champions
13407,216,3,6681.1919,2,5,5,12,At Risk
13409,67,1,130.3057,4,1,3,8,New Customers
13410,203,1,19.97,2,1,1,4,Lost Customers
13411,211,3,6578.5334,2,5,5,12,At Risk
13412,8,2,76.1942,5,4,2,11,Potential Loyalists
13413,58,1,78.95,4,1,2,7,New Customers
13414,235,1,2071.4196,2,1,4,7,Can't Lose Them
13415,215,1,2080.0681999999997,2,1,4,7,Can't Lose Them
13416,292,1,127.0173,1,1,3,5,Can't Lose Them
13417,239,1,2129.0681999999997,2,1,4,7,Can't Lose Them
13418,135,2,4522.1582,3,4,5,12,Loyal Customers
13419,237,2,4230.6607,2,4,5,11,At Risk
13420,237,2,4548.4138,2,4,5,11,At Risk
13422,225,1,124.7004,2,1,3,6,Can't Lose Them
13423,119,2,168.8873,3,4,3,10,Loyal Customers
13424,217,2,4576.3982,2,4,5,11,At Risk
13425,216,2,4584.4755000000005,2,4,5,11,At Risk
13426,232,2,4252.6407,2,4,5,11,At Risk
13428,230,1,2093.0582,2,1,4,7,Can't Lose Them
13429,199,2,4360.4421,2,4,5,11,At Risk
13430,280,1,61.94,1,1,2,4,Lost Customers
13431,197,2,4385.8821,2,4,5,11,At Risk
13432,275,1,77.60419999999999,1,1,2,4,Lost Customers
13433,200,2,4308.2649,2,4,5,11,At Risk
13434,76,1,2106.4196,4,1,4,9,Potential Loyalists
13435,194,2,4593.3938,2,4,5,11,At Risk
13436,206,2,4274.6206999999995,2,4,5,11,At Risk
13437,300,1,110.00730000000001,1,1,2,4,Lost Customers
13438,199,2,4252.9821,2,4,5,11,At Risk
13439,223,1,55.6242,2,1,1,4,Lost Customers
13440,143,2,4594.6182,3,4,5,12,Loyal Customers
13441,29,1,113.03620000000001,5,1,2,8,New Customers
13442,190,2,4279.200699999999,2,4,5,11,At Risk
13443,198,2,4287.9721,2,4,5,11,At Risk
13444,167,1,55.6242,3,1,1,5,Potential Loyalists
13445,44,1,97.95,5,1,2,8,New Customers
13446,191,2,4287.9821,2,4,5,11,At Risk
13447,193,2,4308.2649,2,4,5,11,At Risk
13448,209,1,65.94,2,1,2,5,Lost Customers
13449,197,2,4295.610699999999,2,4,5,11,At Risk
13450,203,2,4526.0923999999995,2,4,5,11,At Risk
13451,71,1,43.96,4,1,1,6,New Customers
13452,210,2,4588.6896,2,4,5,11,At Risk
13453,193,2,4332.9521,2,4,5,11,At Risk
13454,196,1,2139.6496,2,1,4,7,Can't Lose Them
13455,200,1,2123.3296,2,1,4,7,Can't Lose Them
13456,211,2,4362.2978,2,4,5,11,At Risk
13457,144,1,77.60419999999999,3,1,2,6,Potential Loyalists
13459,47,1,77.60419999999999,5,1,2,8,New Customers
13460,144,2,4461.1282,3,4,5,12,Loyal Customers
13461,195,2,4230.6607,2,4,5,11,At Risk
13462,23,2,4377.3411,5,4,5,14,Champions
13463,45,1,147.6515,5,1,3,9,New Customers
13464,194,2,4252.9821,2,4,5,11,At Risk
13465,37,1,119.93,5,1,2,8,New Customers
13466,12,3,186.01620000000003,5,5,3,13,Loyal Customers
13467,231,1,43.96,2,1,1,4,Lost Customers
13468,191,2,4384.6636,2,4,5,11,At Risk
13470,8,1,77.60419999999999,5,1,2,8,New Customers
13471,221,1,91.8726,2,1,2,5,Lost Customers
13472,186,1,2270.4096,2,1,4,7,Can't Lose Them
13473,201,1,2097.0382,2,1,4,7,Can't Lose Them
13474,68,4,406.4798,4,5,3,12,Loyal Customers
13475,18,1,77.60419999999999,5,1,2,8,New Customers
13476,193,1,119.93,2,1,2,5,Lost Customers
13477,183,2,4265.6507,2,4,5,11,At Risk
13478,206,2,4654.7396,2,4,5,11,At Risk
13479,126,1,97.95,3,1,2,6,Potential Loyalists
13480,221,1,126.0462,2,1,3,6,Can't Lose Them
13482,21,2,4279.200699999999,5,4,5,14,Champions
13483,159,1,77.60419999999999,3,1,2,6,Potential Loyalists
13484,207,2,4567.428199999999,2,4,5,11,At Risk
13485,315,1,73.92,1,1,2,4,Lost Customers
13486,117,3,283.0342,3,5,3,11,Loyal Customers
13487,191,2,4308.2649,2,4,5,11,At Risk
13488,198,1,163.96,2,1,3,6,Can't Lose Them
13489,186,2,4497.0282,2,4,5,11,At Risk
13490,291,1,99.5842,1,1,2,4,Lost Customers
13491,121,2,63.5942,3,4,2,9,Potential Loyalists
13492,184,2,4287.8991000000005,2,4,5,11,At Risk
13494,223,1,44.97,2,1,1,4,Lost Customers
13496,254,1,40.58,2,1,1,4,Lost Customers
13497,306,1,43.6242,1,1,1,3,Lost Customers
13498,130,1,104.08000000000001,3,1,2,6,Potential Loyalists
13499,317,1,133.49,1,1,3,5,Can't Lose Them
13500,38,1,43.6242,5,1,1,7,New Customers
13501,224,1,44.97,2,1,1,4,Lost Customers
13502,131,1,58.04730000000001,3,1,1,5,Potential Loyalists
13503,219,2,147.51,2,4,3,9,At Risk
13504,10,2,5692.3182,5,4,5,14,Champions
13505,151,2,153.5068,3,4,3,10,Loyal Customers
13506,86,1,123.97999999999999,4,1,3,8,New Customers
13507,246,2,58.95,2,4,1,7,Potential Loyalists
13508,326,1,135.3457,1,1,3,5,Can't Lose Them
13509,203,2,92.93,2,4,2,8,Potential Loyalists
13510,328,1,117.08619999999999,1,1,2,4,Lost Customers
13511,12,2,5770.0353000000005,5,4,5,14,Champions
13512,143,1,69.99,3,1,2,6,Potential Loyalists
13513,24,1,2112.7124,5,1,4,10,Potential Loyalists
13514,25,1,2150.0438000000004,5,1,4,10,Potential Loyalists
13515,1,1,2127.7224,5,1,4,10,Potential Loyalists
13516,133,2,87.94,3,4,2,9,Potential Loyalists
13517,56,3,5490.6007,4,5,5,14,Champions
13518,15,2,2684.6081999999997,5,4,4,13,Champions
13519,362,2,4230.6607,1,4,5,10,At Risk
13520,304,2,4289.5721,1,4,5,10,At Risk
13521,327,2,4252.9821,1,4,5,10,At Risk
13522,185,2,84.97,2,4,2,8,Potential Loyalists
13523,184,2,119.53,2,4,2,8,Potential Loyalists
13524,255,2,4280.9421,2,4,5,11,At Risk
13525,221,2,4373.0383,2,4,5,11,At Risk
13526,192,2,4287.9721,2,4,5,11,At Risk
13527,166,2,4271.2407,3,4,5,12,Loyal Customers
13528,130,2,4283.2321,3,4,5,12,Loyal Customers
13529,138,2,4361.0521,3,4,5,12,Loyal Customers
13530,105,1,215.85,4,1,3,8,New Customers
13531,114,1,69.99,3,1,2,6,Potential Loyalists
13532,94,1,14.56,4,1,1,6,New Customers
13533,20,2,186.9,5,4,3,12,Loyal Customers
13534,26,2,142.48000000000002,5,4,3,12,Loyal Customers
13535,70,2,155.34,4,4,3,11,Loyal Customers
13536,7,2,5728.3138,5,4,5,14,Champions
13537,6,2,5696.2982,5,4,5,14,Champions
13538,24,1,2082.7424,5,1,4,10,Potential Loyalists
13539,60,2,111.5942,4,4,2,10,Potential Loyalists
13540,153,2,2732.2622,3,4,4,11,Loyal Customers
13541,180,2,2773.2896,2,4,5,11,At Risk
13542,25,1,2115.0538,5,1,4,10,Potential Loyalists
13543,4,1,2112.7024,5,1,4,10,Potential Loyalists
13544,41,2,178.66039999999998,5,4,3,12,Loyal Customers
13545,16,1,2082.7424,5,1,4,10,Potential Loyalists
13546,16,1,2104.0681999999997,5,1,4,10,Potential Loyalists
13547,88,2,131.5642,4,4,3,11,Loyal Customers
13548,1,1,2091.3996,5,1,4,10,Potential Loyalists
13549,240,1,117.08619999999999,2,1,2,5,Lost Customers
13550,281,1,69.99,1,1,2,4,Lost Customers
13551,58,3,5386.0163999999995,4,5,5,14,Champions
13552,12,2,5698.229600000001,5,4,5,14,Champions
13553,40,3,5379.3278,5,5,5,15,Champions
13554,56,3,5391.3334,4,5,5,14,Champions
13555,87,3,6317.8644,4,5,5,14,Champions
13556,40,3,6257.6166,5,5,5,15,Champions
13557,154,2,4241.4478,3,4,5,12,Loyal Customers
13558,45,3,6295.6096,5,5,5,15,Champions
13559,178,2,2715.9938,3,4,4,11,Loyal Customers
13560,125,2,2641.3696,3,4,4,11,Loyal Customers
13561,176,2,4169.0578000000005,3,4,5,12,Loyal Customers
13562,175,2,4120.5178,3,4,5,12,Loyal Customers
13563,141,1,2135.0238000000004,3,1,4,8,Potential Loyalists
13564,24,2,5700.9624,5,4,5,14,Champions
13565,7,2,4532.0282,5,4,5,14,Champions
13566,187,1,32.2584,2,1,1,4,Lost Customers
13567,6,1,2110.9996,5,1,4,10,Potential Loyalists
13568,312,1,118.0573,1,1,2,4,Lost Customers
13569,210,1,62.2584,2,1,2,5,Lost Customers
13570,0,1,2145.0138,5,1,4,10,Potential Loyalists
13571,333,1,165.1535,1,1,3,5,Can't Lose Them
13572,19,1,2119.1455,5,1,4,10,Potential Loyalists
13573,228,1,118.0573,2,1,2,5,Lost Customers
13574,331,1,44.97,1,1,1,3,Lost Customers
13575,146,4,8999.4074,3,5,5,13,Loyal Customers
13576,189,2,4541.8686,2,4,5,11,At Risk
13577,133,4,8992.8932,3,5,5,13,Loyal Customers
13579,40,3,3509.2764,5,5,5,15,Champions
13580,1,3,3457.3838,5,5,5,15,Champions
13581,201,2,4580.909600000001,2,4,5,11,At Risk
13582,121,2,120.2384,3,4,2,9,Potential Loyalists
13583,204,2,4560.3922,2,4,5,11,At Risk
13584,154,2,4568.4166000000005,3,4,5,12,Loyal Customers
13585,161,2,4544.1282,3,4,5,12,Loyal Customers
13586,10,2,145.2284,5,4,3,12,Loyal Customers
13587,61,1,83.47,4,1,2,7,New Customers
13588,42,1,39.95,5,1,1,7,New Customers
13589,129,1,93.46000000000001,3,1,2,6,Potential Loyalists
13590,158,2,4491.128199999999,3,4,5,12,Loyal Customers
13591,170,2,4565.688,3,4,5,12,Loyal Customers
13592,138,4,9184.0263,3,5,5,13,Loyal Customers
13593,13,1,73.5942,5,1,2,8,New Customers
13594,152,1,53.6242,3,1,1,5,Potential Loyalists
13595,134,4,8895.4874,3,5,5,13,Loyal Customers
13596,320,1,19.98,1,1,1,3,Lost Customers
13597,130,1,80.8926,3,1,2,6,Potential Loyalists
13598,82,1,64.95,4,1,2,7,New Customers
13599,89,2,102.5,4,4,2,10,Potential Loyalists
13600,177,2,4706.3995,3,4,5,12,Loyal Customers
13602,180,2,4565.036400000001,2,4,5,11,At Risk
13603,200,2,170.9873,2,4,3,9,At Risk
13604,79,1,178.9773,4,1,3,8,New Customers
13605,148,4,9121.0307,3,5,5,13,Loyal Customers
13606,1,3,3378.7296,5,5,5,15,Champions
13607,19,2,2686.6339000000003,5,4,4,13,Champions
13608,77,1,74.2242,4,1,2,7,New Customers
13609,41,2,171.92000000000002,5,4,3,12,Loyal Customers
13610,281,1,44.980000000000004,1,1,1,3,Lost Customers
13612,2,2,126.57419999999999,5,4,3,12,Loyal Customers
13613,178,3,140.45,3,5,3,11,Loyal Customers
13614,73,3,158.43,4,5,3,12,Loyal Customers
13615,66,3,186.80259999999998,4,5,3,12,Loyal Customers
13616,51,3,6682.407800000001,5,5,5,15,Champions
13617,35,2,122.97730000000001,5,4,3,12,Loyal Customers
13618,30,3,6515.9106,5,5,5,15,Champions
13619,36,3,6606.4648,5,5,5,15,Champions
13620,45,3,6608.7806,5,5,5,15,Champions
13621,110,3,251.5804,4,5,3,12,Loyal Customers
13622,57,3,6629.5178,4,5,5,14,Champions
13623,10,3,156.35,5,5,3,13,Loyal Customers
13624,11,2,138.61419999999998,5,4,3,12,Loyal Customers
13625,60,3,6712.222,4,5,5,14,Champions
13626,45,3,6722.136399999999,5,5,5,15,Champions
13627,38,3,228.8284,5,5,3,13,Loyal Customers
13628,93,3,222.17419999999998,4,5,3,12,Loyal Customers
13629,39,3,6667.605100000001,5,5,5,15,Champions
13630,26,3,6618.0878,5,5,5,15,Champions
13631,7,3,6590.1964,5,5,5,15,Champions
13632,11,3,6598.187600000001,5,5,5,15,Champions
13633,17,3,6560.890600000001,5,5,5,15,Champions
13634,4,3,302.9373,5,5,3,13,Loyal Customers
13635,2,3,270.9704,5,5,3,13,Loyal Customers
13636,29,3,6585.4792,5,5,5,15,Champions
13638,20,3,6599.8606,5,5,5,15,Champions
13639,189,3,201.93,2,5,3,10,At Risk
13640,52,2,101.17419999999998,4,4,2,10,Potential Loyalists
13641,203,2,198.6162,2,4,3,9,At Risk
13642,226,2,108.0273,2,4,2,8,Potential Loyalists
13643,26,3,6565.859200000001,5,5,5,15,Champions
13644,5,3,6615.8892000000005,5,5,5,15,Champions
13645,12,3,6588.8506,5,5,5,15,Champions
13646,23,3,6657.2726,5,5,5,15,Champions
13647,7,3,6549.567800000001,5,5,5,15,Champions
13648,6,3,6520.4906,5,5,5,15,Champions
13649,13,3,6580.216399999999,5,5,5,15,Champions
13650,0,3,6534.5478,5,5,5,15,Champions
13651,8,3,6590.4704,5,5,5,15,Champions
13652,233,1,30.97,2,1,1,4,Lost Customers
13653,205,2,4310.7521,2,4,5,11,At Risk
13654,172,1,77.60419999999999,3,1,2,6,Potential Loyalists
13655,52,1,43.96,4,1,1,6,New Customers
13656,166,1,77.60419999999999,3,1,2,6,Potential Loyalists
13657,204,2,4601.7639,2,4,5,11,At Risk
13658,187,2,4563.3096000000005,2,4,5,11,At Risk
13659,205,1,109.92,2,1,2,5,Lost Customers
13660,135,2,4535.0882,3,4,5,12,Loyal Customers
13661,143,1,2106.3696,3,1,4,8,Potential Loyalists
13662,344,2,3021.0425,1,4,5,10,At Risk
13663,328,1,30.46,1,1,1,3,Lost Customers
13664,63,2,269.2,4,4,3,11,Loyal Customers
13665,147,1,29.96,3,1,1,5,Potential Loyalists
13666,23,1,2075.9996,5,1,4,10,Potential Loyalists
13667,314,2,2999.1198,1,4,5,10,At Risk
13668,21,3,160.02839999999998,5,5,3,13,Loyal Customers
13669,217,2,132.9862,2,4,3,9,At Risk
13670,26,3,231.0362,5,5,3,13,Loyal Customers
13672,183,1,118.0573,2,1,2,5,Lost Customers
13673,41,1,117.08619999999999,5,1,2,8,New Customers
13674,236,1,171.0762,2,1,3,6,Can't Lose Them
13675,50,2,274.77840000000003,5,4,3,12,Loyal Customers
13676,129,2,139.12,3,4,3,10,Loyal Customers
13678,127,1,2105.0638000000004,3,1,4,8,Potential Loyalists
13679,148,1,2106.4196,3,1,4,8,Potential Loyalists
13680,143,1,2131.3896,3,1,4,8,Potential Loyalists
13681,88,1,74.98,4,1,2,7,New Customers
13682,197,1,25.47,2,1,1,4,Lost Customers
13683,76,1,91.6915,4,1,2,7,New Customers
13684,29,1,38.6342,5,1,1,7,New Customers
13685,124,2,2764.4682000000003,3,4,4,11,Loyal Customers
13686,113,2,2666.3996,3,4,4,11,Loyal Customers
13687,121,1,2049.0982,3,1,4,8,Potential Loyalists
13688,181,1,54.559999999999995,2,1,1,4,Lost Customers
13689,125,1,2071.4196,3,1,4,8,Potential Loyalists
13690,52,2,3347.8738000000003,4,4,5,13,Champions
13691,121,1,2154.8896,3,1,4,8,Potential Loyalists
13692,66,1,49.98,4,1,1,6,New Customers
13693,23,2,3401.3258,5,4,5,14,Champions
13694,89,2,142.1842,4,4,3,11,Loyal Customers
13695,192,1,35.0,2,1,1,4,Lost Customers
13696,309,1,70.9026,1,1,2,4,Lost Customers
13697,119,2,2732.9039000000002,3,4,4,11,Loyal Customers
13698,310,1,82.25,1,1,2,4,Lost Customers
13699,74,1,97.95,4,1,2,7,New Customers
13700,2,2,4301.5221,5,4,5,14,Champions
13701,97,3,206.49,4,5,3,12,Loyal Customers
13702,24,2,4232.9507,5,4,5,14,Champions
13703,235,1,79.97,2,1,2,5,Lost Customers
13704,203,2,2751.5125,2,4,4,10,At Risk
13705,126,2,3038.31,3,4,5,12,Loyal Customers
13706,30,1,2098.6582,5,1,4,10,Potential Loyalists
13707,28,3,202.0,5,5,3,13,Loyal Customers
13708,172,3,176.5442,3,5,3,11,Loyal Customers
13709,47,1,2088.6782,5,1,4,10,Potential Loyalists
13710,59,1,2162.1344,4,1,4,9,Potential Loyalists
13711,42,1,2134.5782,5,1,4,10,Potential Loyalists
13712,11,2,4257.5621,5,4,5,14,Champions
13713,8,2,4597.7869,5,4,5,14,Champions
13714,140,2,3041.9542,3,4,5,12,Loyal Customers
13715,105,2,2777.1767,4,4,5,13,Champions
13716,101,2,3093.29,4,4,5,13,Champions
13717,224,1,78.6242,2,1,2,5,Lost Customers
13718,96,2,3062.33,4,4,5,13,Champions
13719,215,1,1018.4175,2,1,3,6,Can't Lose Them
13720,106,1,1035.4275,4,1,4,9,Potential Loyalists
13721,89,2,2815.1567,4,4,5,13,Champions
13722,72,2,3140.3862,4,4,5,13,Champions
13724,20,2,4230.6607,5,4,5,14,Champions
13725,8,2,4314.9221,5,4,5,14,Champions
13726,15,2,4279.200699999999,5,4,5,14,Champions
13727,18,1,95.9799,5,1,2,8,New Customers
13728,2,2,4674.47,5,4,5,14,Champions
13729,28,2,4657.229600000001,5,4,5,14,Champions
13730,13,2,4353.7025,5,4,5,14,Champions
13732,124,3,133.93,3,5,3,11,Loyal Customers
13733,23,2,4351.5907,5,4,5,14,Champions
13734,24,2,4296.2348999999995,5,4,5,14,Champions
13735,0,2,4297.9221,5,4,5,14,Champions
13736,9,2,4235.2407,5,4,5,14,Champions
13737,179,1,110.47,3,1,2,6,Potential Loyalists
13739,125,1,114.0073,3,1,2,6,Potential Loyalists
13740,121,1,77.60419999999999,3,1,2,6,Potential Loyalists
13741,353,2,2951.0525,1,4,5,10,At Risk
13742,335,2,3025.5924999999997,1,4,5,10,At Risk
13743,51,1,2104.0881999999997,5,1,4,10,Potential Loyalists
13744,338,2,2966.9525,1,4,5,10,At Risk
13745,352,2,3316.4442,1,4,5,10,At Risk
13746,338,2,3287.38,1,4,5,10,At Risk
13747,341,2,3068.1387,1,4,5,10,At Risk
13748,251,1,70.0473,2,1,2,5,Lost Customers
13749,186,1,65.94,2,1,2,5,Lost Customers
13750,202,1,114.0073,2,1,2,5,Lost Customers
13751,1,3,307.4642,5,5,3,13,Loyal Customers
13752,135,1,46.25,3,1,1,5,Potential Loyalists
13755,25,1,86.2184,5,1,2,8,New Customers
13756,188,4,404.2866,2,5,3,10,At Risk
13757,143,1,128.92000000000002,3,1,3,7,Potential Loyalists
13758,11,4,367.36,5,5,3,13,Loyal Customers
13759,268,1,100.46000000000001,1,1,2,4,Lost Customers
13760,101,3,157.7342,4,5,3,12,Loyal Customers
13761,186,1,91.0562,2,1,2,5,Lost Customers
13762,9,3,217.2884,5,5,3,13,Loyal Customers
13763,109,1,70.93,4,1,2,7,New Customers
13764,285,1,84.96000000000001,1,1,2,4,Lost Customers
13765,0,2,3356.9181999999996,5,4,5,14,Champions
13766,301,2,2999.1198,1,4,5,10,At Risk
13767,15,1,2123.0182,5,1,4,10,Potential Loyalists
13768,49,3,4814.9521,5,5,5,15,Champions
13769,36,3,4845.9521,5,5,5,15,Champions
13770,85,2,2619.0482,4,4,4,12,Champions
13771,74,2,2751.067,4,4,4,12,Champions
13772,99,1,2104.0881999999997,4,1,4,9,Potential Loyalists
13773,170,1,49.56,3,1,1,5,Potential Loyalists
13774,356,1,823.1142,1,1,3,5,Can't Lose Them
13775,9,1,87.94,5,1,2,8,New Customers
13776,286,2,108.54,1,4,2,7,Potential Loyalists
13777,1,2,3334.8508,5,4,5,14,Champions
13778,336,1,817.5573,1,1,3,5,Can't Lose Them
13779,253,2,3146.9325,2,4,5,11,At Risk
13780,34,1,82.09620000000001,5,1,2,8,New Customers
13781,192,2,118.5942,2,4,2,8,Potential Loyalists
13782,74,2,2704.3066,4,4,4,12,Champions
13783,111,1,2171.0038,3,1,4,8,Potential Loyalists
13784,5,2,3312.0154999999995,5,4,5,14,Champions
13785,193,2,174.7242,2,4,3,9,At Risk
13786,145,1,9.98,3,1,1,5,Potential Loyalists
13787,225,1,64.97,2,1,2,5,Lost Customers
13788,71,2,249.02,4,4,3,11,Loyal Customers
13789,354,1,817.5573,1,1,3,5,Can't Lose Them
13790,327,1,817.5573,1,1,3,5,Can't Lose Them
13791,109,2,144.12,4,4,3,11,Loyal Customers
13792,6,2,3408.2096,5,4,5,14,Champions
13793,269,2,3021.0425,1,4,5,10,At Risk
13794,16,2,3399.1866,5,4,5,14,Champions
13795,299,1,789.47,1,1,3,5,Can't Lose Them
13796,57,1,44.97,4,1,1,6,New Customers
13798,23,1,72.53999999999999,5,1,2,8,New Customers
13799,264,2,3016.4082,1,4,5,10,At Risk
13800,226,2,3260.9073,2,4,5,11,At Risk
13801,220,2,3260.9073,2,4,5,11,At Risk
13802,308,1,112.0462,1,1,2,4,Lost Customers
13803,137,1,238.55,3,1,3,7,Potential Loyalists
13805,212,1,57.959999999999994,2,1,1,4,Lost Customers
13806,213,2,3109.8202,2,4,5,11,At Risk
13807,269,1,928.49,1,1,3,5,Can't Lose Them
13808,218,1,826.2015,2,1,3,6,Can't Lose Them
13809,253,1,110.69149999999999,2,1,2,5,Lost Customers
13810,9,1,101.0662,5,1,2,8,New Customers
13811,182,2,2999.1198,2,4,5,11,At Risk
13812,208,2,3260.9073,2,4,5,11,At Risk
13813,299,1,78.6242,1,1,2,4,Lost Customers
13814,258,2,283.3577,1,4,3,8,At Risk
13815,91,2,173.45260000000002,4,4,3,11,Loyal Customers
13816,120,2,312.4657,3,4,3,10,Loyal Customers
13817,197,1,35.0,2,1,1,4,Lost Customers
13818,330,1,49.97,1,1,1,3,Lost Customers
13819,188,1,35.0,2,1,1,4,Lost Customers
13820,95,1,2084.0982,4,1,4,9,Potential Loyalists
13821,109,1,2125.9696000000004,4,1,4,9,Potential Loyalists
13822,72,2,2708.6580000000004,4,4,4,12,Champions
13823,44,3,5143.3938,5,5,5,15,Champions
13824,69,1,14.97,4,1,1,6,New Customers
13825,124,1,39.58,3,1,1,5,Potential Loyalists
13826,52,1,69.5568,4,1,2,7,New Customers
13827,163,1,57.0762,3,1,1,5,Potential Loyalists
13828,58,1,175.85,4,1,3,8,New Customers
13829,236,1,831.76,2,1,3,6,Can't Lose Them
13830,17,1,117.96,5,1,2,8,New Customers
13831,296,1,35.0,1,1,1,3,Lost Customers
13832,282,1,48.54,1,1,1,3,Lost Customers
13833,40,1,127.0173,5,1,3,9,New Customers
13834,49,1,43.96,5,1,1,7,New Customers
13835,121,1,68.93,3,1,2,6,Potential Loyalists
13836,186,1,834.05,2,1,3,6,Can't Lose Them
13837,46,1,93.03730000000002,5,1,2,8,New Customers
13838,4,2,178.52,5,4,3,12,Loyal Customers
13839,191,2,3272.8199999999997,2,4,5,11,At Risk
13840,152,2,3017.0998,3,4,5,12,Loyal Customers
13841,72,2,2809.4282,4,4,5,13,Champions
13842,189,1,848.44,2,1,3,6,Can't Lose Them
13843,291,1,61.248400000000004,1,1,2,4,Lost Customers
13844,208,1,785.39,2,1,3,6,Can't Lose Them
13845,95,1,2101.3766,4,1,4,9,Potential Loyalists
13846,103,1,2106.4096,4,1,4,9,Potential Loyalists
13847,117,1,2074.0681999999997,3,1,4,8,Potential Loyalists
13849,351,2,3084.5425,1,4,5,10,At Risk
13850,207,1,77.60419999999999,2,1,2,5,Lost Customers
13851,47,1,2123.0182,5,1,4,10,Potential Loyalists
13852,30,1,2049.0982,5,1,4,10,Potential Loyalists
13853,15,1,2082.7424,5,1,4,10,Potential Loyalists
13854,321,2,3282.8,1,4,5,10,At Risk
13855,304,2,3116.206,1,4,5,10,At Risk
13856,314,2,2990.3209,1,4,5,10,At Risk
13857,18,1,91.9,5,1,2,8,New Customers
13858,139,1,102.5642,3,1,2,6,Potential Loyalists
13859,4,1,43.96,5,1,1,7,New Customers
13860,85,3,110.12,4,5,2,11,Potential Loyalists
13861,150,1,43.96,3,1,1,5,Potential Loyalists
13862,313,2,2986.0425,1,4,5,10,At Risk
13863,111,1,92.0273,3,1,2,6,Potential Loyalists
13864,174,1,21.98,3,1,1,5,Potential Loyalists
13865,202,2,4316.9221,2,4,5,11,At Risk
13866,203,2,4402.8847000000005,2,4,5,11,At Risk
13867,209,1,55.6242,2,1,1,4,Lost Customers
13868,278,1,61.94,1,1,2,4,Lost Customers
13869,56,1,43.96,4,1,1,6,New Customers
13870,310,2,3282.83,1,4,5,10,At Risk
13871,307,2,3103.4083,1,4,5,10,At Risk
13872,329,1,202.96,1,1,3,5,Can't Lose Them
13873,197,2,4519.3496,2,4,5,11,At Risk
13874,156,1,98.95,3,1,2,6,Potential Loyalists
13876,169,1,43.96,3,1,1,5,Potential Loyalists
13877,303,2,3038.3309,1,4,5,10,At Risk
13878,13,1,2141.1255,5,1,4,10,Potential Loyalists
13879,111,1,43.96,3,1,1,5,Potential Loyalists
13880,173,1,92.0273,3,1,2,6,Potential Loyalists
13881,122,1,92.0273,3,1,2,6,Potential Loyalists
13883,331,2,3021.0425,1,4,5,10,At Risk
13884,319,2,3123.6167,1,4,5,10,At Risk
13885,208,2,4640.8158,2,4,5,11,At Risk
13887,199,2,4514.7696,2,4,5,11,At Risk
13888,60,1,43.96,4,1,1,6,New Customers
13889,305,2,3100.9651,1,4,5,10,At Risk
13890,284,2,3012.9925000000003,1,4,5,10,At Risk
13891,234,1,107.46000000000001,2,1,2,5,Lost Customers
13892,299,2,3021.0425,1,4,5,10,At Risk
13893,191,1,65.94,2,1,2,5,Lost Customers
13894,194,2,4601.3582,2,4,5,11,At Risk
13895,209,2,4330.586300000001,2,4,5,11,At Risk
13896,204,2,4532.0282,2,4,5,11,At Risk
13897,201,2,4274.6206999999995,2,4,5,11,At Risk
13898,200,2,4622.3338,2,4,5,11,At Risk
13899,258,1,43.96,1,1,1,3,Lost Customers
13900,252,1,21.98,2,1,1,4,Lost Customers
13901,199,1,98.93,2,1,2,5,Lost Customers
13902,168,1,65.94,3,1,2,6,Potential Loyalists
13903,209,2,4265.6507,2,4,5,11,At Risk
13904,185,2,4252.9821,2,4,5,11,At Risk
13905,181,2,4322.688,2,4,5,11,At Risk
13906,279,2,3021.0425,1,4,5,10,At Risk
13907,207,2,4350.6607,2,4,5,11,At Risk
13908,132,2,4500.7182,3,4,5,12,Loyal Customers
13909,116,2,4531.7624,3,4,5,12,Loyal Customers
13910,197,2,4295.610699999999,2,4,5,11,At Risk
13911,184,2,4322.688,2,4,5,11,At Risk
13912,211,2,4344.0383,2,4,5,11,At Risk
13913,172,1,103.6915,3,1,2,6,Potential Loyalists
13914,245,1,92.0273,2,1,2,5,Lost Customers
13915,300,2,3044.5906,1,4,5,10,At Risk
13916,14,1,2105.0638000000004,5,1,4,10,Potential Loyalists
13917,301,2,3316.4442,1,4,5,10,At Risk
13918,12,1,2172.658,5,1,4,10,Potential Loyalists
13920,60,4,326.5242,4,5,3,12,Loyal Customers
13921,85,1,78.95,4,1,2,7,New Customers
13922,44,1,77.60419999999999,5,1,2,8,New Customers
13923,261,1,77.60419999999999,1,1,2,4,Lost Customers
13924,182,1,81.84,2,1,2,5,Lost Customers
13925,294,2,3236.69,1,4,5,10,At Risk
13926,236,1,78.95,2,1,2,5,Lost Customers
13927,282,2,3021.0425,1,4,5,10,At Risk
13928,17,1,107.46000000000001,5,1,2,8,New Customers
13930,61,1,162.45,4,1,3,8,New Customers
13931,151,1,65.94,3,1,2,6,Potential Loyalists
13932,52,1,43.96,4,1,1,6,New Customers
13933,304,1,77.60419999999999,1,1,2,4,Lost Customers
13934,22,1,61.94,5,1,2,8,New Customers
13935,300,1,78.95,1,1,2,4,Lost Customers
13936,50,3,234.7088,5,5,3,13,Loyal Customers
13937,144,1,85.48,3,1,2,6,Potential Loyalists
13938,285,2,3074.0798,1,4,5,10,At Risk
13939,293,2,3083.6767,1,4,5,10,At Risk
13940,141,1,107.46000000000001,3,1,2,6,Potential Loyalists
13941,9,4,350.3584,5,5,3,13,Loyal Customers
13942,295,1,77.60419999999999,1,1,2,4,Lost Customers
13943,115,1,51.94,3,1,1,5,Potential Loyalists
13944,64,3,192.3342,4,5,3,12,Loyal Customers
13945,287,1,78.95,1,1,2,4,Lost Customers
13947,184,2,4366.4521,2,4,5,11,At Risk
13948,192,2,4338.1206999999995,2,4,5,11,At Risk
13949,181,2,4300.708,2,4,5,11,At Risk
13950,92,1,26.560000000000002,4,1,1,6,New Customers
13951,93,1,77.60419999999999,4,1,2,7,New Customers
13952,88,2,112.60730000000001,4,4,2,10,Potential Loyalists
13953,9,3,6605.0576,5,5,5,15,Champions
13954,85,3,199.6043,4,5,3,12,Loyal Customers
13955,13,3,6678.788200000001,5,5,5,15,Champions
13956,68,2,119.8873,4,4,2,10,Potential Loyalists
13957,7,3,5407.6462,5,5,5,15,Champions
13958,25,3,6612.0478,5,5,5,15,Champions
13959,18,3,6623.136200000001,5,5,5,15,Champions
13960,5,3,6630.489100000001,5,5,5,15,Champions
13961,88,1,48.0673,4,1,1,6,New Customers
13962,310,1,78.15,1,1,2,4,Lost Customers
13963,240,1,95.1635,2,1,2,5,Lost Customers
13964,11,3,6588.849200000001,5,5,5,15,Champions
13965,8,3,6657.343400000001,5,5,5,15,Champions
13966,2,3,6616.162,5,5,5,15,Champions
13967,0,3,5478.718699999999,5,5,5,15,Champions
13968,6,3,4976.7104,5,5,5,15,Champions
13969,17,2,102.62729999999999,5,4,2,11,Potential Loyalists
13970,18,3,6593.222,5,5,5,15,Champions
13971,4,3,6536.2264,5,5,5,15,Champions
13972,3,2,102.62729999999999,5,4,2,11,Potential Loyalists
13973,19,3,4961.7178,5,5,5,15,Champions
13974,27,3,4995.482,5,5,5,15,Champions
13975,10,3,4893.1937,5,5,5,15,Champions
13976,195,2,4264.3049,2,4,5,11,At Risk
13977,187,2,4557.9082,2,4,5,11,At Risk
13978,188,2,4544.388199999999,2,4,5,11,At Risk
13979,274,2,3282.83,1,4,5,10,At Risk
13980,250,1,99.5842,2,1,2,5,Lost Customers
13981,160,2,183.08419999999998,3,4,3,10,Loyal Customers
13982,53,2,84.97,4,4,2,10,Potential Loyalists
13983,154,2,282.1685,3,4,3,10,Loyal Customers
13984,293,2,3282.83,1,4,5,10,At Risk
13985,249,1,61.94,2,1,2,5,Lost Customers
13986,279,2,1893.9075,1,4,4,9,At Risk
13987,4,1,2084.0982,5,1,4,10,Potential Loyalists
13988,87,4,250.76839999999999,4,5,3,12,Loyal Customers
13989,283,1,91.0562,1,1,2,4,Lost Customers
13990,276,2,1893.9075,1,4,4,9,At Risk
13991,56,1,107.46000000000001,4,1,2,7,New Customers
13992,259,2,1834.4875,1,4,4,9,At Risk
13993,265,2,1804.9175,1,4,4,9,At Risk
13994,109,2,4266.9621,4,4,5,13,Champions
13995,41,2,94.95,5,4,2,11,Potential Loyalists
13996,180,2,98.4742,2,4,2,8,Potential Loyalists
13997,3,2,4327.206300000001,5,4,5,14,Champions
13998,67,2,272.18420000000003,4,4,3,11,Loyal Customers
13999,188,2,3049.5357,2,4,5,11,At Risk
14000,153,1,114.85,3,1,2,6,Potential Loyalists
14001,141,1,127.0173,3,1,3,7,Potential Loyalists
14002,287,1,129.44,1,1,3,5,Can't Lose Them
14003,89,2,1593.3775,4,4,4,12,Champions
14004,123,1,77.60419999999999,3,1,2,6,Potential Loyalists
14005,209,2,3097.4757,2,4,5,11,At Risk
14006,208,2,3049.5357,2,4,5,11,At Risk
14007,353,2,3772.4096,1,4,5,10,At Risk
14008,155,2,91.60419999999999,3,4,2,9,Potential Loyalists
14009,54,2,70.60419999999999,4,4,2,10,Potential Loyalists
14010,303,2,3861.3896000000004,1,4,5,10,At Risk
14011,317,2,3854.4958,1,4,5,10,At Risk
14012,22,3,5000.002,5,5,5,15,Champions
14013,16,2,186.7677,5,4,3,12,Loyal Customers
14014,56,2,88.20419999999999,4,4,2,10,Potential Loyalists
14015,66,2,83.6242,4,4,2,10,Potential Loyalists
14016,114,2,175.2904,3,4,3,10,Loyal Customers
14017,271,2,1865.8501,1,4,4,9,At Risk
14018,64,2,95.14,4,4,2,10,Potential Loyalists
14019,151,1,49.98,3,1,1,5,Potential Loyalists
14020,18,3,6585.4792,5,5,5,15,Champions
14021,231,1,43.96,2,1,1,4,Lost Customers
14022,53,2,1672.5417,4,4,4,12,Champions
14023,8,2,1585.4075,5,4,4,13,Champions
14024,266,2,1919.8401,1,4,4,9,At Risk
14025,23,2,1642.3175,5,4,4,13,Champions
14026,19,2,1613.9675,5,4,4,13,Champions
14027,142,1,43.96,3,1,1,5,Potential Loyalists
14028,161,1,128.91,3,1,3,7,Potential Loyalists
14030,18,3,6659.5778,5,5,5,15,Champions
14031,18,3,6731.772000000001,5,5,5,15,Champions
14032,10,3,6626.2492999999995,5,5,5,15,Champions
14033,13,3,6585.3282,5,5,5,15,Champions
14034,19,2,132.2973,5,4,3,12,Loyal Customers
14035,153,1,105.92,3,1,2,6,Potential Loyalists
14036,269,2,1839.9175,1,4,4,9,At Risk
14037,248,2,1913.9174,2,4,4,10,At Risk
14038,11,3,6621.4604,5,5,5,15,Champions
14039,23,3,6559.5448,5,5,5,15,Champions
14040,198,1,63.94,2,1,2,5,Lost Customers
14041,113,2,4568.752399999999,3,4,5,12,Loyal Customers
14042,16,1,43.96,5,1,1,7,New Customers
14043,297,1,78.95,1,1,2,4,Lost Customers
14044,206,2,3109.1471,2,4,5,11,At Risk
14045,3,3,6580.216399999999,5,5,5,15,Champions
14046,133,3,5409.337799999999,3,5,5,13,Loyal Customers
14047,136,3,5399.5492,3,5,5,13,Loyal Customers
14048,20,3,4882.8378,5,5,5,15,Champions
14049,8,3,5074.6678,5,5,5,15,Champions
14050,145,3,5408.621800000001,3,5,5,13,Loyal Customers
14051,137,3,5381.3078000000005,3,5,5,13,Loyal Customers
14052,205,2,119.9157,2,4,2,8,Potential Loyalists
14053,322,2,111.2715,1,4,2,7,Potential Loyalists
14054,13,2,285.6462,5,4,3,12,Loyal Customers
14055,0,3,4957.7604,5,5,5,15,Champions
14056,166,2,122.06620000000001,3,4,2,9,Potential Loyalists
14057,115,1,93.60419999999999,3,1,2,6,Potential Loyalists
14058,146,3,5441.552,3,5,5,13,Loyal Customers
14059,176,2,159.70350000000002,3,4,3,10,Loyal Customers
14060,65,2,168.6916,4,4,3,11,Loyal Customers
14061,272,2,114.8973,1,4,2,7,Potential Loyalists
14062,133,3,5408.3378,3,5,5,13,Loyal Customers
14063,147,3,5427.6792000000005,3,5,5,13,Loyal Customers
14064,130,3,5478.8946,3,5,5,13,Loyal Customers
14065,139,3,5362.269200000001,3,5,5,13,Loyal Customers
14066,140,3,3638.4382,3,5,5,13,Loyal Customers
14067,133,2,171.6515,3,4,3,10,Loyal Customers
14068,130,2,102.62729999999999,3,4,2,9,Potential Loyalists
14069,4,2,207.0272,5,4,3,12,Loyal Customers
14070,137,3,5369.012,3,5,5,13,Loyal Customers
14071,149,3,5403.3278,3,5,5,13,Loyal Customers
14072,131,2,98.0473,3,4,2,9,Potential Loyalists
14073,68,2,163.12,4,4,3,11,Loyal Customers
14074,214,2,87.16,2,4,2,8,Potential Loyalists
14075,248,1,77.60419999999999,2,1,2,5,Lost Customers
14076,238,1,92.0273,2,1,2,5,Lost Customers
14077,70,4,270.5862,4,5,3,12,Loyal Customers
14078,343,1,839.48,1,1,3,5,Can't Lose Them
14079,25,3,231.0,5,5,3,13,Loyal Customers
14080,265,2,1857.2059,1,4,4,9,At Risk
14081,312,2,3197.9,1,4,5,10,At Risk
14082,14,1,65.94,5,1,2,8,New Customers
14083,286,2,2749.4948,1,4,4,9,At Risk
14084,122,4,265.7162,3,5,3,11,Loyal Customers
14085,247,1,63.93000000000001,2,1,2,5,Lost Customers
14086,67,1,66.53,4,1,2,7,New Customers
14087,172,3,364.5762,3,5,3,11,Loyal Customers
14088,219,2,2755.4175,2,4,4,10,At Risk
14089,254,2,1893.9075,2,4,4,10,At Risk
14090,241,1,129.44,2,1,3,6,Can't Lose Them
14092,111,1,77.60419999999999,3,1,2,6,Potential Loyalists
14093,126,1,61.248400000000004,3,1,2,6,Potential Loyalists
14094,245,1,43.96,2,1,1,4,Lost Customers
14095,260,2,1864.4775,1,4,4,9,At Risk
14096,132,4,257.5862,3,5,3,11,Loyal Customers
14097,155,1,55.6242,3,1,1,5,Potential Loyalists
14098,259,2,1867.8775,1,4,4,9,At Risk
14099,105,3,249.4726,4,5,3,12,Loyal Customers
14100,22,3,263.52,5,5,3,13,Loyal Customers
14101,136,3,3697.5224,3,5,5,13,Loyal Customers
14102,148,3,3681.2096,3,5,5,13,Loyal Customers
14103,111,3,3641.1796000000004,3,5,5,13,Loyal Customers
14105,260,2,1789.8975,1,4,4,9,At Risk
14106,243,2,1873.5317,2,4,4,10,At Risk
14107,283,1,823.1042,1,1,3,5,Can't Lose Them
14108,263,1,839.48,1,1,3,5,Can't Lose Them
14109,134,2,2701.4275,3,4,4,11,Loyal Customers
14110,248,1,833.0942,2,1,3,6,Can't Lose Them
14111,149,1,98.95,3,1,2,6,Potential Loyalists
14112,207,2,3176.0899,2,4,5,11,At Risk
14113,234,1,43.96,2,1,1,4,Lost Customers
14115,201,2,3054.1157,2,4,5,11,At Risk
14116,189,2,3093.4957,2,4,5,11,At Risk
14117,197,2,3127.1399,2,4,5,11,At Risk
14118,101,2,4492.7696000000005,4,4,5,13,Champions
14119,61,3,167.5642,4,5,3,12,Loyal Customers
14120,183,2,3197.5618999999997,2,4,5,11,At Risk
14121,202,2,3098.0757,2,4,5,11,At Risk
14122,255,1,61.248400000000004,2,1,2,5,Lost Customers
14123,165,2,90.56,3,4,2,9,Potential Loyalists
14124,44,2,82.58,5,4,2,11,Potential Loyalists
14125,317,2,3772.4096,1,4,5,10,At Risk
14126,30,2,171.1642,5,4,3,12,Loyal Customers
14127,291,2,3830.8286,1,4,5,10,At Risk
14128,297,2,3889.0038000000004,1,4,5,10,At Risk
14129,256,2,3750.0882,2,4,5,11,At Risk
14130,243,2,3818.0482,2,4,5,11,At Risk
14132,232,2,3804.0782,2,4,5,11,At Risk
14133,236,2,3778.0482,2,4,5,11,At Risk
14134,238,2,3831.7997,2,4,5,11,At Risk
14135,253,1,106.94,2,1,2,5,Lost Customers
14136,218,1,103.92,2,1,2,5,Lost Customers
14137,181,1,817.5573,2,1,3,6,Can't Lose Them
14138,207,1,908.6135,2,1,3,6,Can't Lose Them
14139,184,1,817.5573,2,1,3,6,Can't Lose Them
14140,177,1,817.5573,3,1,3,7,Potential Loyalists
14141,155,2,3286.4542,3,4,5,12,Loyal Customers
14142,60,1,57.0762,4,1,1,6,New Customers
14143,259,1,94.57000000000001,1,1,2,4,Lost Customers
14144,64,1,56.97,4,1,1,6,New Customers
14145,324,1,26.560000000000002,1,1,1,3,Lost Customers
14146,73,2,2943.0996999999998,4,4,5,13,Champions
14147,142,2,4395.8273,3,4,5,12,Loyal Customers
14148,141,2,4413.1157,3,4,5,12,Loyal Customers
14149,126,2,4417.75,3,4,5,12,Loyal Customers
14150,87,2,2880.0824,4,4,5,13,Champions
14151,103,1,107.46000000000001,4,1,2,7,New Customers
14152,155,1,92.0273,3,1,2,6,Potential Loyalists
14153,230,1,55.922599999999996,2,1,1,4,Lost Customers
14154,125,2,3084.9525,3,4,5,12,Loyal Customers
14155,84,1,2169.0982,4,1,4,9,Potential Loyalists
14156,44,2,272.53000000000003,5,4,3,12,Loyal Customers
14157,61,2,2825.0924,4,4,5,13,Champions
14158,69,1,2159.8896,4,1,4,9,Potential Loyalists
14159,76,1,2128.0481999999997,4,1,4,9,Potential Loyalists
14160,80,3,6477.2438,4,5,5,14,Champions
14161,55,3,6260.582200000001,4,5,5,14,Champions
14162,9,3,6277.3844,5,5,5,15,Champions
14163,24,3,6344.9082,5,5,5,15,Champions
14165,81,1,2088.6782,4,1,4,9,Potential Loyalists
14166,316,1,92.0273,1,1,2,4,Lost Customers
14167,142,2,4413.1157,3,4,5,12,Loyal Customers
14169,131,2,3260.9073,3,4,5,12,Loyal Customers
14170,148,2,3291.8199999999997,3,4,5,12,Loyal Customers
14171,16,3,6389.5097,5,5,5,15,Champions
14172,101,2,149.5962,4,4,3,11,Loyal Customers
14173,216,1,45.160000000000004,2,1,1,4,Lost Customers
14174,308,1,45.160000000000004,1,1,1,3,Lost Customers
14175,132,1,125.9026,3,1,3,7,Potential Loyalists
14176,200,1,123.63730000000001,2,1,3,6,Can't Lose Them
14177,20,1,69.01,5,1,2,8,New Customers
14178,34,1,88.6473,5,1,2,8,New Customers
14180,232,1,32.6,2,1,1,4,Lost Customers
14181,182,3,8086.0380000000005,2,5,5,12,At Risk
14182,117,1,32.6,3,1,1,5,Potential Loyalists
14184,151,2,151.5,3,4,3,10,Loyal Customers
14185,149,4,9051.9174,3,5,5,13,Loyal Customers
14186,137,4,9302.5863,3,5,5,13,Loyal Customers
14187,21,1,40.58,5,1,1,7,New Customers
14188,160,1,32.6,3,1,1,5,Potential Loyalists
14189,200,3,8067.4038,2,5,5,12,At Risk
14190,164,1,40.58,3,1,1,5,Potential Loyalists
14191,165,2,4484.1008,3,4,5,12,Loyal Customers
14192,146,4,8982.4872,3,5,5,13,Loyal Customers
14194,92,2,215.96730000000002,4,4,3,11,Loyal Customers
14198,203,3,8069.9782,2,5,5,12,At Risk
14199,125,2,166.5542,3,4,3,10,Loyal Customers
14200,91,4,8960.5146,4,5,5,14,Champions
14201,44,1,32.6,5,1,1,7,New Customers
14202,243,1,32.6,2,1,1,4,Lost Customers
14203,119,3,6579.4947,3,5,5,13,Loyal Customers
14204,333,1,78.2142,1,1,2,4,Lost Customers
14205,283,1,32.6,1,1,1,3,Lost Customers
14207,193,3,8119.682200000001,2,5,5,12,At Risk
14208,162,2,217.6404,3,4,3,10,Loyal Customers
14209,48,3,228.94,5,5,3,13,Loyal Customers
14210,121,3,5387.6492,3,5,5,13,Loyal Customers
14211,144,3,5428.9619999999995,3,5,5,13,Loyal Customers
14212,202,2,117.59729999999999,2,4,2,8,Potential Loyalists
14213,47,2,128.5599,5,4,3,12,Loyal Customers
14214,145,3,5555.9064,3,5,5,13,Loyal Customers
14215,149,3,5455.6106,3,5,5,13,Loyal Customers
14216,146,3,5402.656199999999,3,5,5,13,Loyal Customers
14217,176,2,213.6616,3,4,3,10,Loyal Customers
14218,131,3,5472.9264,3,5,5,13,Loyal Customers
14219,122,3,5508.9376,3,5,5,13,Loyal Customers
14220,129,3,5523.5262,3,5,5,13,Loyal Customers
14221,121,2,112.60730000000001,3,4,2,9,Potential Loyalists
14222,14,2,112.60730000000001,5,4,2,11,Potential Loyalists
14223,193,2,210.9673,2,4,3,9,At Risk
14224,147,3,5373.592000000001,3,5,5,13,Loyal Customers
14225,123,3,5358.0264,3,5,5,13,Loyal Customers
14226,113,3,5413.992,3,5,5,13,Loyal Customers
14227,16,2,116.6815,5,4,2,11,Potential Loyalists
14228,242,1,48.0673,2,1,1,4,Lost Customers
14229,52,2,98.0473,4,4,2,10,Potential Loyalists
14230,93,3,5451.3078000000005,4,5,5,14,Champions
14231,155,2,115.3357,3,4,2,9,Potential Loyalists
14232,229,2,77.63730000000001,2,4,2,8,Potential Loyalists
14233,154,2,106.0273,3,4,2,9,Potential Loyalists
14234,97,3,5504.3696,4,5,5,14,Champions
14235,75,3,5492.2478,4,5,5,14,Champions
14236,63,3,5467.982,4,5,5,14,Champions
14237,138,2,137.5773,3,4,3,10,Loyal Customers
14238,69,3,5417.6062,4,5,5,14,Champions
14239,208,2,3049.5357,2,4,5,11,At Risk
14240,183,2,3173.7871,2,4,5,11,At Risk
14241,149,1,122.80000000000001,3,1,2,6,Potential Loyalists
14242,207,2,3102.4813,2,4,5,11,At Risk
14243,265,1,92.0273,1,1,2,4,Lost Customers
14244,8,3,158.6042,5,5,3,13,Loyal Customers
14245,331,1,77.60419999999999,1,1,2,4,Lost Customers
14246,300,1,92.0273,1,1,2,4,Lost Customers
14248,95,1,78.95,4,1,2,7,New Customers
14249,211,1,117.1435,2,1,2,5,Lost Customers
14250,120,1,61.94,3,1,2,6,Potential Loyalists
14251,52,1,70.0473,4,1,2,7,New Customers
14252,8,1,139.1235,5,1,3,9,New Customers
14253,199,2,3151.708,2,4,5,11,At Risk
14254,178,1,148.2485,3,1,3,7,Potential Loyalists
14255,199,2,3130.3952,2,4,5,11,At Risk
14256,200,2,3115.8171,2,4,5,11,At Risk
14257,130,1,85.48,3,1,2,6,Potential Loyalists
14259,105,3,3630.9282,4,5,5,14,Champions
14260,118,3,3725.2196000000004,3,5,5,13,Loyal Customers
14262,21,3,5408.2034,5,5,5,15,Champions
14263,17,3,5402.0364,5,5,5,15,Champions
14264,116,3,4981.7934000000005,3,5,5,13,Loyal Customers
14265,7,4,255.17000000000002,5,5,3,13,Loyal Customers
14266,303,1,55.6242,1,1,1,3,Lost Customers
14267,77,2,2783.139,4,4,5,13,Champions
14268,62,2,2735.0717,4,4,4,12,Champions
14269,96,1,107.46000000000001,4,1,2,7,New Customers
14270,230,2,1816.1775,2,4,4,10,At Risk
14271,294,1,43.96,1,1,1,3,Lost Customers
14272,78,2,2794.3775,4,4,5,13,Champions
14273,113,1,92.0273,3,1,2,6,Potential Loyalists
14274,11,2,98.60419999999999,5,4,2,11,Potential Loyalists
14275,93,3,4938.4064,4,5,5,14,Champions
14276,121,3,5118.4983,3,5,5,13,Loyal Customers
14277,113,3,4956.4676,3,5,5,13,Loyal Customers
14278,125,2,204.5173,3,4,3,10,Loyal Customers
14279,95,3,4905.7964,4,5,5,14,Champions
14281,105,2,4596.6382,4,4,5,13,Champions
14282,5,4,207.1542,5,5,3,13,Loyal Customers
14283,218,2,1829.9075,2,4,4,10,At Risk
14284,221,2,1769.9275,2,4,4,10,At Risk
14285,234,2,1803.5717,2,4,4,10,At Risk
14286,116,3,4999.8078000000005,3,5,5,13,Loyal Customers
14287,121,3,4895.5364,3,5,5,13,Loyal Customers
14288,193,2,3133.1055,2,4,5,11,At Risk
14289,198,2,3174.2361,2,4,5,11,At Risk
14290,187,2,3149.4613,2,4,5,11,At Risk
14291,133,3,277.06419999999997,3,5,3,11,Loyal Customers
14292,184,2,3098.0757,2,4,5,11,At Risk
14293,131,1,91.0562,3,1,2,6,Potential Loyalists
14294,246,1,148.2485,2,1,3,6,Can't Lose Them
14295,213,1,77.60419999999999,2,1,2,5,Lost Customers
14296,213,1,69.2284,2,1,2,5,Lost Customers
14297,182,2,3089.5256999999997,2,4,5,11,At Risk
14298,189,2,3127.3371,2,4,5,11,At Risk
14299,114,3,4862.8678,3,5,5,13,Loyal Customers
14300,91,3,5086.8178,4,5,5,14,Champions
14301,98,3,4912.1592,4,5,5,14,Champions
14302,109,3,4938.7978,4,5,5,14,Champions
14303,99,3,3658.8882,4,5,5,14,Champions
14304,68,3,3595.9282,4,5,5,14,Champions
14305,84,3,3689.4682,4,5,5,14,Champions
14306,88,3,3686.8638,4,5,5,14,Champions
14307,165,3,205.82999999999998,3,5,3,11,Loyal Customers
14308,113,3,4916.7878,3,5,5,13,Loyal Customers
14309,54,2,170.1335,4,4,3,11,Loyal Customers
14310,104,3,4986.6878,4,5,5,14,Champions
14311,138,2,134.2396,3,4,3,10,Loyal Customers
14312,145,3,198.55,3,5,3,11,Loyal Customers
14313,37,3,253.7184,5,5,3,13,Loyal Customers
14314,140,2,156.9599,3,4,3,10,Loyal Customers
14315,84,2,150.0254,4,4,3,11,Loyal Customers
14316,64,3,3851.2628,4,5,5,14,Champions
14317,50,2,114.5973,5,4,2,11,Potential Loyalists
14318,124,2,139.5754,3,4,3,10,Loyal Customers
14319,23,2,210.3158,5,4,3,12,Loyal Customers
14320,101,2,330.9399,4,4,3,11,Loyal Customers
14321,44,1,54.559999999999995,5,1,1,7,New Customers
14322,110,3,4862.8678,4,5,5,14,Champions
14323,95,3,5026.7092,4,5,5,14,Champions
14324,103,3,4874.1906,4,5,5,14,Champions
14325,71,3,4918.8637,4,5,5,14,Champions
14326,76,3,5006.0662,4,5,5,14,Champions
14327,40,1,62.15,5,1,2,8,New Customers
14328,86,5,429.5249,4,5,3,12,Loyal Customers
14329,333,1,128.91,1,1,3,5,Can't Lose Them
14330,227,1,839.04,2,1,3,6,Can't Lose Them
14331,96,1,77.60419999999999,4,1,2,7,New Customers
14332,120,4,129.53,3,5,3,11,Loyal Customers
14333,31,1,124.7004,5,1,3,9,New Customers
14334,229,2,1857.2059,2,4,4,10,At Risk
14335,212,2,1803.5717,2,4,4,10,At Risk
14336,227,2,1893.9075,2,4,4,10,At Risk
14337,228,2,1890.3575,2,4,4,10,At Risk
14338,224,1,890.69,2,1,3,6,Can't Lose Them
14339,318,1,98.92,1,1,2,4,Lost Customers
14341,72,3,221.1115,4,5,3,12,Loyal Customers
14342,221,2,1803.5717,2,4,4,10,At Risk
14343,240,2,1839.9175,2,4,4,10,At Risk
14344,6,2,162.8826,5,4,3,12,Loyal Customers
14345,11,3,3648.9082,5,5,5,15,Champions
14346,27,3,3583.2596000000003,5,5,5,15,Champions
14347,164,2,2922.9958,3,4,5,12,Loyal Customers
14348,157,2,2988.4377000000004,3,4,5,12,Loyal Customers
14349,108,1,99.5842,4,1,2,7,New Customers
14350,101,1,85.5842,4,1,2,7,New Customers
14351,282,1,77.60419999999999,1,1,2,4,Lost Customers
14352,170,1,107.46000000000001,3,1,2,6,Potential Loyalists
14353,266,3,159.08,1,5,3,9,At Risk
14354,59,2,2755.4175,4,4,4,12,Champions
14355,227,2,1803.5717,2,4,4,10,At Risk
14356,204,2,3127.1399,2,4,5,11,At Risk
14357,199,2,3101.3857,2,4,5,11,At Risk
14358,151,1,60.5842,3,1,2,6,Potential Loyalists
14359,44,3,287.49,5,5,3,13,Loyal Customers
14360,65,1,107.46000000000001,4,1,2,7,New Customers
14362,228,2,1867.8775,2,4,4,10,At Risk
14363,41,3,232.2242,5,5,3,13,Loyal Customers
14364,195,2,1893.9075,2,4,4,10,At Risk
14365,183,2,1803.5717,2,4,4,10,At Risk
14366,183,2,1905.8274999999999,2,4,4,10,At Risk
14367,201,2,1839.9175,2,4,4,10,At Risk
14369,174,1,69.0762,3,1,2,6,Potential Loyalists
14370,155,3,146.17419999999998,3,5,3,11,Loyal Customers
14371,12,2,88.2042,5,4,2,11,Potential Loyalists
14372,199,1,48.54,2,1,1,4,Lost Customers
14373,189,1,97.95,2,1,2,5,Lost Customers
14374,210,2,3118.7171,2,4,5,11,At Risk
14375,178,1,43.6242,3,1,1,5,Potential Loyalists
14376,150,1,70.0473,3,1,2,6,Potential Loyalists
14377,204,2,3071.8571,2,4,5,11,At Risk
14378,209,2,1856.9737,2,4,4,10,At Risk
14379,210,2,1852.9848000000002,2,4,4,10,At Risk
14380,185,2,3084.5357,2,4,5,11,At Risk
14381,193,2,3083.1799,2,4,5,11,At Risk
14382,198,2,3133.0056999999997,2,4,5,11,At Risk
14383,138,1,77.60419999999999,3,1,2,6,Potential Loyalists
14384,83,1,97.61420000000001,4,1,2,7,New Customers
14385,189,2,1785.8274999999999,2,4,4,10,At Risk
14386,187,2,1964.5518,2,4,4,10,At Risk
14387,239,1,904.8357,2,1,3,6,Can't Lose Them
14388,213,1,102.49810000000001,2,1,2,5,Lost Customers
14389,59,1,9.57,4,1,1,6,New Customers
14390,55,1,43.6242,4,1,1,6,New Customers
14391,95,1,21.98,4,1,1,6,New Customers
14392,151,2,3049.5357,3,4,5,12,Loyal Customers
14393,90,1,85.92,4,1,2,7,New Customers
14394,158,2,3118.1071,3,4,5,12,Loyal Customers
14395,72,1,139.1235,4,1,3,8,New Customers
14396,163,1,102.0073,3,1,2,6,Potential Loyalists
14399,259,1,4.99,1,1,1,3,Lost Customers
14400,166,2,3160.4557,3,4,5,12,Loyal Customers
14401,219,1,40.7,2,1,1,4,Lost Customers
14403,15,1,14.56,5,1,1,7,New Customers
14404,308,1,9.98,1,1,1,3,Lost Customers
14405,98,1,95.71039999999999,4,1,2,7,New Customers
14406,202,2,1916.6079,2,4,4,10,At Risk
14408,22,1,95.58420000000001,5,1,2,8,New Customers
14409,179,1,107.46000000000001,3,1,2,6,Potential Loyalists
14410,32,1,77.60419999999999,5,1,2,8,New Customers
14411,152,2,3116.8371,3,4,5,12,Loyal Customers
14412,174,2,3071.8571,3,4,5,12,Loyal Customers
14413,207,2,1887.9848,2,4,4,10,At Risk
14414,181,2,1812.1859,2,4,4,10,At Risk
14415,183,2,1769.9275,2,4,4,10,At Risk
14416,221,1,769.49,2,1,3,6,Can't Lose Them
14417,194,2,1857.8975,2,4,4,10,At Risk
14418,205,2,1928.9275,2,4,4,10,At Risk
14419,164,2,3147.4856999999997,3,4,5,12,Loyal Customers
14420,179,2,3071.8571,3,4,5,12,Loyal Customers
14421,157,2,3134.8171,3,4,5,12,Loyal Customers
14422,265,1,41.17,1,1,1,3,Lost Customers
14423,226,2,201.46679999999998,2,4,3,9,At Risk
14424,94,3,6505.1632,4,5,5,14,Champions
14425,199,3,8087.3738,2,5,5,12,At Risk
14426,194,3,8100.3782,2,5,5,12,At Risk
14427,122,2,4651.4569,3,4,5,12,Loyal Customers
14428,167,3,8104.4082,3,5,5,13,Loyal Customers
14429,133,2,4611.409600000001,3,4,5,12,Loyal Customers
14430,87,1,83.92,4,1,2,7,New Customers
14432,107,1,43.96,4,1,1,6,New Customers
14433,173,2,3115.8171,3,4,5,12,Loyal Customers
14434,175,2,3169.8071,3,4,5,12,Loyal Customers
14435,137,1,109.31569999999999,3,1,2,6,Potential Loyalists
14436,94,2,4541.0738,4,4,5,13,Champions
14437,10,1,21.98,5,1,1,7,New Customers
14438,154,2,3128.4857,3,4,5,12,Loyal Customers
14439,161,2,3086.3657,3,4,5,12,Loyal Customers
14440,161,2,3179.0798999999997,3,4,5,12,Loyal Customers
14441,248,1,163.96,2,1,3,6,Can't Lose Them
14442,163,2,3129.5057,3,4,5,12,Loyal Customers
14443,281,1,43.96,1,1,1,3,Lost Customers
14444,186,1,69.8926,2,1,2,5,Lost Customers
14445,265,1,147.41,1,1,3,5,Can't Lose Them
14446,36,3,163.0781,5,5,3,13,Loyal Customers
14447,170,2,3144.8944,3,4,5,12,Loyal Customers
14448,157,2,3128.1599,3,4,5,12,Loyal Customers
14449,178,2,3105.5013,3,4,5,12,Loyal Customers
14450,218,1,202.96,2,1,3,6,Can't Lose Them
14451,169,2,3116.4271,3,4,5,12,Loyal Customers
14452,172,2,3149.4613,3,4,5,12,Loyal Customers
14453,156,2,3181.8644000000004,3,4,5,12,Loyal Customers
14454,269,1,63.94,1,1,2,4,Lost Customers
14455,45,3,225.6415,5,5,3,13,Loyal Customers
14456,179,2,3179.3171,3,4,5,12,Loyal Customers
14458,105,3,171.9,4,5,3,12,Loyal Customers
14459,105,2,4562.399600000001,4,4,5,13,Champions
14460,24,1,137.5554,5,1,3,9,New Customers
14461,167,2,3079.4957,3,4,5,12,Loyal Customers
14462,102,1,43.96,4,1,1,6,New Customers
14463,294,1,72.92,1,1,2,4,Lost Customers
14464,177,2,3113.7271,3,4,5,12,Loyal Customers
14465,322,1,14.56,1,1,1,3,Lost Customers
14466,76,1,95.46000000000001,4,1,2,7,New Customers
14467,231,1,38.6342,2,1,1,4,Lost Customers
14468,319,1,19.55,1,1,1,3,Lost Customers
14469,271,1,90.7204,1,1,2,4,Lost Customers
14470,170,2,3160.7971000000002,3,4,5,12,Loyal Customers
14471,169,2,3106.8571,3,4,5,12,Loyal Customers
14472,153,2,3301.3771,3,4,5,12,Loyal Customers
14473,156,2,3168.0256999999997,3,4,5,12,Loyal Customers
14475,254,1,12.27,2,1,1,4,Lost Customers
14476,123,1,14.56,3,1,1,5,Potential Loyalists
14477,153,2,3093.8371,3,4,5,12,Loyal Customers
14478,115,2,4596.0638,3,4,5,12,Loyal Customers
14479,16,1,108.93,5,1,2,8,New Customers
14480,57,3,213.5642,4,5,3,12,Loyal Customers
14481,152,2,3121.8271000000004,3,4,5,12,Loyal Customers
14483,225,1,44.97,2,1,1,4,Lost Customers
14485,168,2,3084.0757,3,4,5,12,Loyal Customers
14486,180,2,3079.4957,2,4,5,11,At Risk
14487,201,1,38.6342,2,1,1,4,Lost Customers
14488,80,1,80.87,4,1,2,7,New Customers
14489,62,1,44.97,4,1,1,6,New Customers
14490,24,1,43.6242,5,1,1,7,New Customers
14491,215,1,132.27,2,1,3,6,Can't Lose Them
14492,251,1,14.56,2,1,1,4,Lost Customers
14493,23,1,64.94,5,1,2,8,New Customers
14494,201,2,1769.9275,2,4,4,10,At Risk
14495,187,2,1839.9175,2,4,4,10,At Risk
14496,206,1,803.1342,2,1,3,6,Can't Lose Them
14497,209,1,803.1342,2,1,3,6,Can't Lose Them
14498,171,2,3157.1828,3,4,5,12,Loyal Customers
14499,59,1,32.75,4,1,1,6,New Customers
14501,167,1,2049.0982,3,1,4,8,Potential Loyalists
14502,90,3,149.51999999999998,4,5,3,12,Loyal Customers
14503,223,1,43.6242,2,1,1,4,Lost Customers
14504,70,2,114.56,4,4,2,10,Potential Loyalists
14505,316,1,87.5842,1,1,2,4,Lost Customers
14506,45,1,43.6242,5,1,1,7,New Customers
14507,318,1,43.6242,1,1,1,3,Lost Customers
14508,213,1,53.057300000000005,2,1,1,4,Lost Customers
14509,90,1,163.99,4,1,3,8,New Customers
14511,266,1,93.03730000000002,1,1,2,4,Lost Customers
14512,324,1,44.97,1,1,1,3,Lost Customers
14513,69,1,9.98,4,1,1,6,New Customers
14515,74,1,78.95,4,1,2,7,New Customers
14516,167,2,103.97,3,4,2,9,Potential Loyalists
14517,69,2,111.95,4,4,2,10,Potential Loyalists
14518,148,2,189.2184,3,4,3,10,Loyal Customers
14519,289,1,129.91,1,1,3,5,Can't Lose Them
14520,203,1,803.1342,2,1,3,6,Can't Lose Them
14521,45,2,146.94,5,4,3,12,Loyal Customers
14522,95,2,188.5642,4,4,3,11,Loyal Customers
14523,207,2,3806.0538,2,4,5,11,At Risk
14524,144,2,2999.1198,3,4,5,12,Loyal Customers
14525,63,2,2855.0524,4,4,5,13,Champions
14526,195,1,57.0762,2,1,1,4,Lost Customers
14527,48,1,9.98,5,1,1,7,New Customers
14528,153,1,14.97,3,1,1,5,Potential Loyalists
14529,6,2,314.6362,5,4,3,12,Loyal Customers
14530,44,2,110.83000000000001,5,4,2,11,Potential Loyalists
14531,274,2,227.88569999999999,1,4,3,8,At Risk
14532,287,1,43.96,1,1,1,3,Lost Customers
14533,115,1,73.96000000000001,3,1,2,6,Potential Loyalists
14534,54,1,73.92,4,1,2,7,New Customers
14535,285,2,175.0662,1,4,3,8,At Risk
14536,177,1,73.48,3,1,2,6,Potential Loyalists
14537,173,1,49.56,3,1,1,5,Potential Loyalists
14538,104,2,3045.9451,4,4,5,13,Champions
14539,91,2,3287.8773,4,4,5,13,Champions
14540,116,2,190.5973,3,4,3,10,Loyal Customers
14541,100,2,4395.8273,4,4,5,13,Champions
14542,84,2,157.52839999999998,4,4,3,11,Loyal Customers
14543,175,1,54.55,3,1,1,5,Potential Loyalists
14544,230,1,43.6242,2,1,1,4,Lost Customers
14545,258,1,78.63419999999999,1,1,2,4,Lost Customers
14546,284,1,57.98,1,1,1,3,Lost Customers
14547,5,2,225.5842,5,4,3,12,Loyal Customers
14548,57,1,129.98,4,1,3,8,New Customers
14549,133,1,78.6242,3,1,2,6,Potential Loyalists
14550,112,1,60.9126,3,1,2,6,Potential Loyalists
14551,8,1,141.9973,5,1,3,9,New Customers
14552,37,2,137.95,5,4,3,12,Loyal Customers
14553,245,2,189.5742,2,4,3,9,At Risk
14554,140,2,233.1135,3,4,3,10,Loyal Customers
14555,71,2,3054.6567,4,4,5,13,Champions
14556,93,1,29.96,4,1,1,6,New Customers
14557,332,1,92.95,1,1,2,4,Lost Customers
14558,199,1,850.2304,2,1,3,6,Can't Lose Them
14559,207,1,856.7684,2,1,3,6,Can't Lose Them
14560,209,1,839.48,2,1,3,6,Can't Lose Them
14561,47,3,178.7542,5,5,3,13,Loyal Customers
14562,222,1,19.55,2,1,1,4,Lost Customers
14563,156,1,43.6242,3,1,1,5,Potential Loyalists
14564,9,1,129.98,5,1,3,9,New Customers
14565,187,1,803.1342,2,1,3,6,Can't Lose Them
14566,90,3,477.4299,4,5,3,12,Loyal Customers
14567,22,3,234.6804,5,5,3,13,Loyal Customers
14568,264,1,68.5942,1,1,2,4,Lost Customers
14570,236,1,49.96,2,1,1,4,Lost Customers
14571,128,1,98.0273,3,1,2,6,Potential Loyalists
14572,158,1,2093.0582,3,1,4,8,Potential Loyalists
14573,93,1,43.6242,4,1,1,6,New Customers
14574,32,3,271.3604,5,5,3,13,Loyal Customers
14576,169,1,785.39,3,1,3,7,Potential Loyalists
14577,171,1,816.33,3,1,3,7,Potential Loyalists
14578,182,1,856.7684,2,1,3,6,Can't Lose Them
14579,299,1,129.98,1,1,3,5,Can't Lose Them
14580,179,1,769.49,3,1,3,7,Potential Loyalists
14581,179,1,950.1804,3,1,3,7,Potential Loyalists
14582,34,3,155.99,5,5,3,13,Loyal Customers
14584,162,1,2140.3066,3,1,4,8,Potential Loyalists
14585,157,1,2093.0582,3,1,4,8,Potential Loyalists
14586,8,3,258.9,5,5,3,13,Loyal Customers
14587,214,1,12.27,2,1,1,4,Lost Customers
14588,99,1,43.6242,4,1,1,6,New Customers
14589,165,1,769.49,3,1,3,7,Potential Loyalists
14590,166,1,904.8357,3,1,3,7,Potential Loyalists
14591,171,1,834.05,3,1,3,7,Potential Loyalists
14592,208,1,9.98,2,1,1,4,Lost Customers
14593,193,1,9.57,2,1,1,4,Lost Customers
14594,243,1,168.98,2,1,3,6,Can't Lose Them
14595,59,1,44.97,4,1,1,6,New Customers
14596,158,1,2145.3396000000002,3,1,4,8,Potential Loyalists
14597,68,2,4582.6538,4,4,5,13,Champions
14598,76,2,4634.688,4,4,5,13,Champions
14599,172,1,2106.4096,3,1,4,8,Potential Loyalists
14600,109,1,43.6242,4,1,1,6,New Customers
14601,169,1,2150.3696,3,1,4,8,Potential Loyalists
14602,174,1,2244.1873,3,1,4,8,Potential Loyalists
14603,152,1,2101.3796,3,1,4,8,Potential Loyalists
14604,236,3,180.20839999999998,2,5,3,10,At Risk
14605,79,2,4516.752399999999,4,4,5,13,Champions
14606,73,2,4529.0682,4,4,5,13,Champions
14607,48,1,9.98,5,1,1,7,New Customers
14608,250,1,43.6242,2,1,1,4,Lost Customers
14609,191,1,9.98,2,1,1,4,Lost Customers
14610,154,1,769.49,3,1,3,7,Potential Loyalists
14611,76,3,337.5,4,5,3,12,Loyal Customers
14612,24,1,38.6342,5,1,1,7,New Customers
14613,173,1,910.7583999999999,3,1,3,7,Potential Loyalists
14614,162,1,1008.4,3,1,3,7,Potential Loyalists
14615,59,1,72.2084,4,1,2,7,New Customers
14616,173,1,839.48,3,1,3,7,Potential Loyalists
14617,167,1,873.0942,3,1,3,7,Potential Loyalists
14618,89,1,43.6242,4,1,1,6,New Customers
14619,67,1,48.6142,4,1,1,6,New Customers
14620,148,1,9.98,3,1,1,5,Potential Loyalists
14621,8,1,107.1242,5,1,2,8,New Customers
14622,228,1,57.92,2,1,1,4,Lost Customers
14623,296,1,115.6143,1,1,2,4,Lost Customers
14624,61,1,43.6242,4,1,1,6,New Customers
14625,60,1,14.56,4,1,1,6,New Customers
14626,5,3,217.7896,5,5,3,13,Loyal Customers
14627,181,1,14.56,2,1,1,4,Lost Customers
14628,80,1,9.98,4,1,1,6,New Customers
14629,295,1,9.98,1,1,1,3,Lost Customers
14630,56,1,4.99,4,1,1,6,New Customers
14631,164,1,856.7684,3,1,3,7,Potential Loyalists
14632,7,2,99.95,5,4,2,11,Potential Loyalists
14633,58,3,291.8157,4,5,3,12,Loyal Customers
14634,154,1,839.48,3,1,3,7,Potential Loyalists
14635,141,1,66.47,3,1,2,6,Potential Loyalists
14636,170,1,839.48,3,1,3,7,Potential Loyalists
14637,95,1,38.6342,4,1,1,6,New Customers
14638,10,1,48.95,5,1,1,7,New Customers
14639,165,1,848.1242,3,1,3,7,Potential Loyalists
14640,153,1,855.35,3,1,3,7,Potential Loyalists
14641,73,3,130.7942,4,5,3,12,Loyal Customers
14642,215,1,16.85,2,1,1,4,Lost Customers
14643,129,1,934.6435,3,1,3,7,Potential Loyalists
14644,320,1,9.57,1,1,1,3,Lost Customers
14645,132,1,839.48,3,1,3,7,Potential Loyalists
14646,147,1,873.0942,3,1,3,7,Potential Loyalists
14647,126,1,887.5473,3,1,3,7,Potential Loyalists
14648,178,1,2108.9582,3,1,4,8,Potential Loyalists
14649,147,1,910.7583999999999,3,1,3,7,Potential Loyalists
14650,129,1,839.48,3,1,3,7,Potential Loyalists
14651,135,1,887.5473,3,1,3,7,Potential Loyalists
14652,122,1,851.5762,3,1,3,7,Potential Loyalists
14653,144,2,1547.2224,3,4,4,11,Loyal Customers
14654,270,1,14.56,1,1,1,3,Lost Customers
14655,231,3,204.92,2,5,3,10,At Risk
14656,167,2,2853.5351,3,4,5,12,Loyal Customers
14657,172,2,2848.1220000000003,3,4,5,12,Loyal Customers
14658,53,3,108.05,4,5,2,11,Potential Loyalists
14659,214,1,43.6242,2,1,1,4,Lost Customers
14660,139,2,1586.6455,3,4,4,11,Loyal Customers
14661,145,3,248.5388,3,5,3,11,Loyal Customers
14662,138,2,1602.0782,3,4,4,11,Loyal Customers
14663,42,1,131.6415,5,1,3,9,New Customers
14664,161,2,2873.0159000000003,3,4,5,12,Loyal Customers
14665,167,2,110.60730000000001,3,4,2,9,Potential Loyalists
14666,79,3,4976.6326,4,5,5,14,Champions
14667,70,3,5063.8851,4,5,5,14,Champions
14668,63,3,4979.713400000001,4,5,5,14,Champions
14669,28,2,152.88569999999999,5,4,3,12,Loyal Customers
14670,176,2,2928.188,3,4,5,12,Loyal Customers
14671,139,2,2995.5039,3,4,5,12,Loyal Customers
14672,43,3,5011.186500000001,5,5,5,15,Champions
14673,30,3,4880.8478000000005,5,5,5,15,Champions
14674,41,2,144.53730000000002,5,4,3,12,Loyal Customers
14675,203,1,245.94,2,1,3,6,Can't Lose Them
14676,45,3,4961.8178,5,5,5,15,Champions
14677,2,2,110.60730000000001,5,4,2,11,Potential Loyalists
14678,311,1,48.0673,1,1,1,3,Lost Customers
14679,3,1,75.94,5,1,2,8,New Customers
14680,30,1,48.0673,5,1,1,7,New Customers
14681,53,3,4961.7978,4,5,5,14,Champions
14682,22,2,186.7677,5,4,3,12,Loyal Customers
14683,92,3,142.91,4,5,3,12,Loyal Customers
14684,10,2,47.12,5,4,1,10,Potential Loyalists
14685,67,3,201.7123,4,5,3,12,Loyal Customers
14686,49,3,258.43,5,5,3,13,Loyal Customers
14687,111,1,112.92,3,1,2,6,Potential Loyalists
14688,307,1,78.6242,1,1,2,4,Lost Customers
14690,8,1,143.9899,5,1,3,9,New Customers
14691,117,1,96.6815,3,1,2,6,Potential Loyalists
14692,47,1,72.53999999999999,5,1,2,8,New Customers
14693,83,1,43.6242,4,1,1,6,New Customers
14694,206,2,214.8152,2,4,3,9,At Risk
14695,55,1,62.96,4,1,2,7,New Customers
14696,259,1,54.55,1,1,1,3,Lost Customers
14697,89,2,2893.0524,4,4,5,13,Champions
14698,16,1,121.9,5,1,2,8,New Customers
14700,74,1,2080.0681999999997,4,1,4,9,Potential Loyalists
14701,84,2,3014.6567,4,4,5,13,Champions
14702,83,2,2918.3264,4,4,5,13,Champions
14703,313,1,47.269999999999996,1,1,1,3,Lost Customers
14704,326,1,127.9,1,1,3,5,Can't Lose Them
14705,61,1,2055.9682,4,1,4,9,Potential Loyalists
14706,113,1,74.97,3,1,2,6,Potential Loyalists
14707,318,1,39.58,1,1,1,3,Lost Customers
14708,62,2,2991.0025,4,4,5,13,Champions
14709,111,2,4395.8273,3,4,5,12,Loyal Customers
14710,79,1,44.980000000000004,4,1,1,6,New Customers
14711,275,1,92.0273,1,1,2,4,Lost Customers
14712,85,2,2845.0724,4,4,5,13,Champions
14713,24,3,6237.8463,5,5,5,15,Champions
14714,1,3,5159.052299999999,5,5,5,15,Champions
14715,86,1,60.25,4,1,2,7,New Customers
14716,19,3,5062.3182,5,5,5,15,Champions
14717,232,2,182.2384,2,4,3,9,At Risk
14718,296,1,116.5942,1,1,2,4,Lost Customers
14719,5,3,5274.805,5,5,5,15,Champions
14720,64,1,2075.9996,4,1,4,9,Potential Loyalists
14721,16,1,9.98,5,1,1,7,New Customers
14722,145,2,1468.5882000000001,3,4,4,11,Loyal Customers
14723,190,3,107.54,2,5,2,9,Potential Loyalists
14724,188,2,150.04,2,4,3,9,At Risk
14725,19,3,347.1473,5,5,3,13,Loyal Customers
14726,128,2,1493.5582,3,4,4,11,Loyal Customers
14727,136,2,1585.6743999999999,3,4,4,11,Loyal Customers
14728,126,2,1585.6743999999999,3,4,4,11,Loyal Customers
14729,167,1,9.98,3,1,1,5,Potential Loyalists
14730,1,2,2617.0482,5,4,4,13,Champions
14731,20,2,2435.0782,5,4,4,13,Champions
14732,24,2,2448.1555,5,4,4,13,Champions
14733,305,2,1734.5257000000001,1,4,4,9,At Risk
14734,302,2,1733.1799,1,4,4,9,At Risk
14735,284,2,1733.1799,1,4,4,9,At Risk
14736,301,1,107.46000000000001,1,1,2,4,Lost Customers
14737,227,2,1753.5257,2,4,4,10,At Risk
14738,119,2,1503.5782,3,4,4,11,Loyal Customers
14739,103,2,1560.8482,4,4,4,12,Champions
14741,100,2,1586.6455,4,4,4,12,Champions
14742,132,1,14.56,3,1,1,5,Potential Loyalists
14743,174,1,90.7204,3,1,2,6,Potential Loyalists
14744,98,2,1548.1182,4,4,4,12,Champions
14745,152,1,910.7583999999999,3,1,3,7,Potential Loyalists
14746,106,2,1586.6455,4,4,4,12,Champions
14747,91,2,1503.5782,4,4,4,12,Champions
14748,149,1,124.99,3,1,3,7,Potential Loyalists
14749,286,1,108.9799,1,1,2,4,Lost Customers
14750,97,2,1633.7417,4,4,4,12,Champions
14751,180,1,14.56,2,1,1,4,Lost Customers
14752,99,2,1550.6743999999999,4,4,4,12,Champions
14753,96,2,1468.5882000000001,4,4,4,12,Champions
14754,95,2,1563.1381999999999,4,4,4,12,Champions
14755,91,2,1592.5682000000002,4,4,4,12,Champions
14756,116,2,1586.6455,3,4,4,11,Loyal Customers
14757,111,2,1538.5782,3,4,4,11,Loyal Customers
14758,237,1,43.6242,2,1,1,4,Lost Customers
14760,16,3,167.6273,5,5,3,13,Loyal Customers
14761,327,1,43.6242,1,1,1,3,Lost Customers
14762,183,1,9.98,2,1,1,4,Lost Customers
14763,130,1,9.98,3,1,1,5,Potential Loyalists
14764,21,1,12.27,5,1,1,7,New Customers
14765,112,2,98.6042,3,4,2,9,Potential Loyalists
14766,33,1,9.98,5,1,1,7,New Customers
14767,90,1,59.86,4,1,1,6,New Customers
14768,209,1,127.0173,2,1,3,6,Can't Lose Them
14769,88,2,4395.8273,4,4,5,13,Champions
14770,78,2,2883.0724,4,4,5,13,Champions
14771,72,2,2875.3738000000003,4,4,5,13,Champions
14772,65,2,4412.32,4,4,5,13,Champions
14773,181,3,6768.374900000001,2,5,5,12,At Risk
14774,21,3,6188.8482,5,5,5,15,Champions
14775,205,3,8182.0897,2,5,5,12,At Risk
14776,82,1,2082.7424,4,1,4,9,Potential Loyalists
14777,66,1,2122.6924,4,1,4,9,Potential Loyalists
14778,41,2,2870.9524,5,4,5,14,Champions
14779,73,2,3260.9073,4,4,5,13,Champions
14780,62,1,9.57,4,1,1,6,New Customers
14781,13,1,77.60419999999999,5,1,2,8,New Customers
14782,311,1,98.93,1,1,2,4,Lost Customers
14783,97,2,221.93,4,4,3,11,Loyal Customers
14784,23,2,190.5973,5,4,3,12,Loyal Customers
14786,138,1,119.5642,3,1,2,6,Potential Loyalists
14787,29,2,252.6704,5,4,3,12,Loyal Customers
14789,73,2,4392.72,4,4,5,13,Champions
14790,193,3,6866.2369,2,5,5,12,At Risk
14791,188,3,7010.1886,2,5,5,12,At Risk
14792,61,1,2111.3696,4,1,4,9,Potential Loyalists
14793,67,1,2127.7224,4,1,4,9,Potential Loyalists
14794,46,1,2049.0982,5,1,4,10,Potential Loyalists
14795,76,2,4412.32,4,4,5,13,Champions
14796,33,2,3104.0698,5,4,5,14,Champions
14797,64,2,4395.8273,4,4,5,13,Champions
14798,37,2,2999.1198,5,4,5,14,Champions
14799,229,2,174.3157,2,4,3,9,At Risk
14800,60,2,4433.62,4,4,5,13,Champions
14801,48,2,4387.73,5,4,5,14,Champions
14802,54,2,3284.4554,4,4,5,13,Champions
14803,59,2,4363.66,4,4,5,13,Champions
14804,152,2,172.94,3,4,3,10,Loyal Customers
14805,188,1,146.0462,2,1,3,6,Can't Lose Them
14806,197,2,268.6615,2,4,3,9,At Risk
14807,97,1,43.6242,4,1,1,6,New Customers
14808,49,2,193.5573,5,4,3,12,Loyal Customers
14809,147,2,159.8184,3,4,3,10,Loyal Customers
14810,206,1,44.980000000000004,2,1,1,4,Lost Customers
14811,285,1,73.86,1,1,2,4,Lost Customers
14812,212,1,67.96000000000001,2,1,2,5,Lost Customers
14813,14,2,3348.1857,5,4,5,14,Champions
14814,294,2,161.4981,1,4,3,8,At Risk
14815,44,1,91.60419999999999,5,1,2,8,New Customers
14816,19,1,91.60419999999999,5,1,2,8,New Customers
14817,123,1,121.93,3,1,2,6,Potential Loyalists
14818,26,2,3006.9025,5,4,5,14,Champions
14819,37,2,4363.66,5,4,5,14,Champions
14820,316,1,74.53999999999999,1,1,2,4,Lost Customers
14821,286,1,29.99,1,1,1,3,Lost Customers
14822,35,2,4395.8273,5,4,5,14,Champions
14823,31,2,4402.73,5,4,5,14,Champions
14824,49,2,4471.24,5,4,5,14,Champions
14825,191,1,97.4681,2,1,2,5,Lost Customers
14826,134,1,43.6242,3,1,1,5,Potential Loyalists
14827,17,2,4465.8173,5,4,5,14,Champions
14828,257,1,97.95,1,1,2,4,Lost Customers
14829,197,1,90.47,2,1,2,5,Lost Customers
14830,211,3,8125.3238,2,5,5,12,At Risk
14831,45,1,2126.1544,5,1,4,10,Potential Loyalists
14832,48,1,2124.0681999999997,5,1,4,10,Potential Loyalists
14833,50,2,2884.4282,5,4,5,14,Champions
14835,201,1,117.9599,2,1,2,5,Lost Customers
14836,131,2,159.8184,3,4,3,10,Loyal Customers
14837,41,1,145.6515,5,1,3,9,New Customers
14838,4,2,4468.67,5,4,5,14,Champions
14839,202,2,219.5873,2,4,3,9,At Risk
14840,107,2,191.94,4,4,3,11,Loyal Customers
14841,117,1,85.48,3,1,2,6,Potential Loyalists
14842,294,1,145.1984,1,1,3,5,Can't Lose Them
14843,32,2,2882.3638,5,4,5,14,Champions
14844,74,1,107.46000000000001,4,1,2,7,New Customers
14845,314,1,17.26,1,1,1,3,Lost Customers
14846,48,3,6510.979600000001,5,5,5,15,Champions
14847,39,3,6491.979600000001,5,5,5,15,Champions
14848,318,2,2746.5525,1,4,4,9,At Risk
14849,270,1,78.95,1,1,2,4,Lost Customers
14852,107,2,1468.5882000000001,4,4,4,12,Champions
14853,26,2,79.2384,5,4,2,11,Potential Loyalists
14854,126,2,108.8926,3,4,2,9,Potential Loyalists
14855,201,2,3758.7324,2,4,5,11,At Risk
14857,216,2,129.9026,2,4,3,9,At Risk
14858,56,2,230.2584,4,4,3,11,Loyal Customers
14859,317,1,62.54,1,1,2,4,Lost Customers
14860,186,2,99.53,2,4,2,8,Potential Loyalists
14861,56,2,5743.149600000001,4,4,5,13,Champions
14862,122,1,62.269999999999996,3,1,2,6,Potential Loyalists
14863,287,1,64.56,1,1,2,4,Lost Customers
14864,81,1,74.96000000000001,4,1,2,7,New Customers
14865,276,1,89.97,1,1,2,4,Lost Customers
14866,323,1,62.54,1,1,2,4,Lost Customers
14867,168,1,839.48,3,1,3,7,Potential Loyalists
14868,62,2,1613.6154999999999,4,4,4,12,Champions
14870,333,1,119.2957,1,1,2,4,Lost Customers
14871,125,1,856.7684,3,1,3,7,Potential Loyalists
14872,214,1,92.0273,2,1,2,5,Lost Customers
14873,107,1,43.96,4,1,1,6,New Customers
14874,111,1,803.1342,3,1,3,7,Potential Loyalists
14875,102,1,839.48,4,1,3,8,New Customers
14876,229,1,30.87,2,1,1,4,Lost Customers
14877,112,1,887.5473,3,1,3,7,Potential Loyalists
14878,250,1,151.0842,2,1,3,6,Can't Lose Them
14879,68,2,1633.7417,4,4,4,12,Champions
14880,189,2,1699.5357,2,4,4,10,At Risk
14882,44,2,1733.1799,5,4,4,13,Champions
14884,58,2,1787.1499,4,4,4,12,Champions
14885,85,1,1034.0817,4,1,3,8,New Customers
14886,277,1,539.99,1,1,3,5,Can't Lose Them
14887,264,1,100.0073,1,1,2,4,Lost Customers
14889,82,1,21.98,4,1,1,6,New Customers
14890,196,1,43.96,2,1,1,4,Lost Customers
14891,75,2,1528.5682000000002,4,4,4,12,Champions
14892,75,2,1468.5882000000001,4,4,4,12,Champions
14893,85,1,839.48,4,1,3,8,New Customers
14894,85,2,1502.2323999999999,4,4,4,12,Champions
14895,80,2,1502.2323999999999,4,4,4,12,Champions
14896,71,2,1586.6455,4,4,4,12,Champions
14897,90,3,231.8265,4,5,3,12,Loyal Customers
14898,26,1,110.87,5,1,2,8,New Customers
14899,197,1,9.98,2,1,1,4,Lost Customers
14900,77,1,839.48,4,1,3,8,New Customers
14901,320,1,14.56,1,1,1,3,Lost Customers
14902,88,2,1538.5782,4,4,4,12,Champions
14903,257,1,109.5642,1,1,2,4,Lost Customers
14904,27,3,495.9226,5,5,3,13,Loyal Customers
14905,100,1,168.98,4,1,3,8,New Customers
14906,61,2,173.91,4,4,3,11,Loyal Customers
14908,250,1,44.97,2,1,1,4,Lost Customers
14909,306,1,9.98,1,1,1,3,Lost Customers
14910,62,1,839.48,4,1,3,8,New Customers
14911,70,1,897.96,4,1,3,8,New Customers
14912,76,2,1555.8666,4,4,4,12,Champions
14913,71,2,1546.6154999999999,4,4,4,12,Champions
14914,65,2,1592.5682000000002,4,4,4,12,Champions
14915,61,2,1538.5782,4,4,4,12,Champions
14916,318,1,53.94,1,1,1,3,Lost Customers
14917,172,1,90.7204,3,1,2,6,Potential Loyalists
14918,145,1,30.87,3,1,1,5,Potential Loyalists
14919,241,1,12.27,2,1,1,4,Lost Customers
14920,252,1,9.98,2,1,1,4,Lost Customers
14921,310,1,14.56,1,1,1,3,Lost Customers
14922,34,1,14.97,5,1,1,7,New Customers
14923,62,1,30.46,4,1,1,6,New Customers
14924,289,1,43.6242,1,1,1,3,Lost Customers
14925,273,2,2721.5525,1,4,4,9,At Risk
14926,288,2,3071.9442,1,4,5,10,At Risk
14927,337,2,4232.2672999999995,1,4,5,10,At Risk
14928,58,3,6488.278,4,5,5,14,Champions
14929,54,3,6440.6482,4,5,5,14,Champions
14930,272,2,2721.5525,1,4,4,9,At Risk
14931,182,3,6790.484700000001,2,5,5,12,At Risk
14932,137,1,116.0073,3,1,2,6,Potential Loyalists
14934,38,2,285.65160000000003,5,4,3,12,Loyal Customers
14935,292,1,59.86,1,1,1,3,Lost Customers
14936,134,1,159.87,3,1,3,7,Potential Loyalists
14937,49,3,6406.9982,5,5,5,15,Champions
14938,91,2,145.2584,4,4,3,11,Loyal Customers
14939,183,3,8125.0524000000005,2,5,5,12,At Risk
14940,164,3,8134.2096,3,5,5,13,Loyal Customers
14941,32,3,6645.9322,5,5,5,15,Champions
14942,178,1,9.98,3,1,1,5,Potential Loyalists
14943,265,1,73.92,1,1,2,4,Lost Customers
14944,208,2,3072.2799999999997,2,4,5,11,At Risk
14945,350,2,4282.22,1,4,5,10,At Risk
14946,196,2,2800.5025,2,4,5,11,At Risk
14947,51,3,6425.9766,5,5,5,15,Champions
14948,193,2,2815.1567,2,4,5,11,At Risk
14949,24,3,6545.683800000001,5,5,5,15,Champions
14950,11,3,6494.9996,5,5,5,15,Champions
14951,325,2,4153.25,1,4,5,10,At Risk
14952,283,2,4151.9042,1,4,5,10,At Risk
14953,280,2,241.43,1,4,3,8,At Risk
14954,161,1,126.8526,3,1,3,7,Potential Loyalists
14955,133,2,137.95,3,4,3,10,Loyal Customers
14956,284,2,4172.82,1,4,5,10,At Risk
14957,194,2,2850.9925000000003,2,4,5,11,At Risk
14959,109,1,38.6342,4,1,1,6,New Customers
14960,208,2,2802.1767,2,4,5,11,At Risk
14961,264,1,182.54,1,1,3,5,Can't Lose Them
14963,49,1,44.97,5,1,1,7,New Customers
14964,30,1,60.9126,5,1,2,8,New Customers
14965,157,2,2786.0924999999997,3,4,5,12,Loyal Customers
14966,158,2,2746.5525,3,4,4,11,Loyal Customers
14967,216,2,4216.21,2,4,5,11,At Risk
14968,150,1,75.8926,3,1,2,6,Potential Loyalists
14969,237,2,4118.26,2,4,5,11,At Risk
14970,31,2,192.94,5,4,3,12,Loyal Customers
14971,207,1,43.6242,2,1,1,4,Lost Customers
14972,17,1,56.97,5,1,1,7,New Customers
14973,308,1,59.86,1,1,1,3,Lost Customers
14974,7,2,189.6615,5,4,3,12,Loyal Customers
14975,54,2,5720.5922,4,4,5,13,Champions
14976,201,3,6792.042100000001,2,5,5,12,At Risk
14978,193,2,4283.13,2,4,5,11,At Risk
14979,208,2,4211.8642,2,4,5,11,At Risk
14981,218,2,78.55,2,4,2,8,Potential Loyalists
14982,268,2,216.38,1,4,3,8,At Risk
14983,42,2,105.25,5,4,2,11,Potential Loyalists
14984,0,3,6474.9696,5,5,5,15,Champions
14985,288,1,59.959999999999994,1,1,1,3,Lost Customers
14986,93,1,101.60419999999999,4,1,2,7,New Customers
14987,203,1,49.98,2,1,1,4,Lost Customers
14988,185,1,48.54,2,1,1,4,Lost Customers
14989,188,1,64.53999999999999,2,1,2,5,Lost Customers
14990,190,2,4203.12,2,4,5,11,At Risk
14991,19,3,6486.9322,5,5,5,15,Champions
14992,115,1,68.6442,3,1,2,6,Potential Loyalists
14993,163,2,198.8626,3,4,3,10,Loyal Customers
14994,211,1,29.979999999999997,2,1,1,4,Lost Customers
14995,159,2,2854.0125,3,4,5,12,Loyal Customers
14996,180,1,43.96,2,1,1,4,Lost Customers
14997,150,2,4168.24,3,4,5,12,Loyal Customers
14998,142,2,3071.9442,3,4,5,12,Loyal Customers
15000,306,1,91.0562,1,1,2,4,Lost Customers
15001,161,1,61.94,3,1,2,6,Potential Loyalists
15002,137,2,2781.5425,3,4,5,12,Loyal Customers
15003,130,2,3083.12,3,4,5,12,Loyal Customers
15004,145,2,3103.29,3,4,5,12,Loyal Customers
15005,77,2,1502.2323999999999,4,4,4,12,Champions
15006,173,2,2748.1964,3,4,4,11,Loyal Customers
15007,45,3,232.47570000000002,5,5,3,13,Loyal Customers
15008,63,3,209.74099999999999,4,5,3,12,Loyal Customers
15009,228,1,73.92,2,1,2,5,Lost Customers
15010,5,1,110.00730000000001,5,1,2,8,New Customers
15011,171,1,93.03730000000002,3,1,2,6,Potential Loyalists
15012,8,1,43.6242,5,1,1,7,New Customers
15013,238,1,75.92,2,1,2,5,Lost Customers
15014,198,2,3886.12,2,4,5,11,At Risk
15015,206,2,3804.0782,2,4,5,11,At Risk
15016,80,2,1528.5682000000002,4,4,4,12,Champions
15017,341,2,1321.0382,1,4,4,9,At Risk
15018,305,2,168.3546,1,4,3,8,At Risk
15019,124,2,108.89259999999999,3,4,2,9,Potential Loyalists
15020,39,2,88.4726,5,4,2,11,Potential Loyalists
15021,37,2,85.9126,5,4,2,11,Potential Loyalists
15022,113,2,2999.9096,3,4,5,12,Loyal Customers
15023,154,2,2855.6564,3,4,5,12,Loyal Customers
15024,58,2,120.8926,4,4,2,10,Potential Loyalists
15025,120,2,204.9573,3,4,3,10,Loyal Customers
15026,138,2,59.959999999999994,3,4,1,8,Potential Loyalists
15027,105,2,2858.5582,4,4,5,13,Champions
15028,184,2,3826.3996,2,4,5,11,At Risk
15029,200,2,3826.3996,2,4,5,11,At Risk
15030,164,2,3800.3696,3,4,5,12,Loyal Customers
15031,125,2,73.2042,3,4,2,9,Potential Loyalists
15032,152,2,3798.1555,3,4,5,12,Loyal Customers
15033,149,2,3822.3896000000004,3,4,5,12,Loyal Customers
15034,34,2,191.5369,5,4,3,12,Loyal Customers
15035,124,2,3772.4096,3,4,5,12,Loyal Customers
15036,135,2,3783.7324,3,4,5,12,Loyal Customers
15037,129,2,3885.3596000000002,3,4,5,12,Loyal Customers
15038,123,2,3750.0882,3,4,5,12,Loyal Customers
15039,98,2,115.90259999999999,4,4,2,10,Potential Loyalists
15040,124,2,3806.0538,3,4,5,12,Loyal Customers
15041,143,2,3826.3996,3,4,5,12,Loyal Customers
15042,110,2,3806.0538,4,4,5,13,Champions
15043,116,2,3867.5731000000005,3,4,5,12,Loyal Customers
15044,121,2,3878.6925,3,4,5,12,Loyal Customers
15045,155,1,97.0762,3,1,2,6,Potential Loyalists
15046,11,2,5696.0124,5,4,5,14,Champions
15047,9,3,6449.9596,5,5,5,15,Champions
15048,27,3,6450.6538,5,5,5,15,Champions
15049,32,1,92.0273,5,1,2,8,New Customers
15050,180,2,4214.5384,2,4,5,11,At Risk
15051,28,3,6404.7082,5,5,5,15,Champions
15052,32,2,51.44,5,4,1,10,Potential Loyalists
15053,102,1,128.45,4,1,3,8,New Customers
15054,172,2,4202.17,3,4,5,12,Loyal Customers
15055,161,2,4176.9042,3,4,5,12,Loyal Customers
15056,27,3,6546.4659,5,5,5,15,Champions
15057,76,2,122.2484,4,4,2,10,Potential Loyalists
15058,24,3,6416.9666,5,5,5,15,Champions
15059,8,3,6591.6037,5,5,5,15,Champions
15061,149,2,2780.1967,3,4,5,12,Loyal Customers
15062,8,3,6434.3279999999995,5,5,5,15,Champions
15063,139,2,4148.22,3,4,5,12,Loyal Customers
15064,122,2,3000.6284,3,4,5,12,Loyal Customers
15065,300,1,70.52,1,1,2,4,Lost Customers
15066,129,1,49.98,3,1,1,5,Potential Loyalists
15067,118,2,2824.1567,3,4,5,12,Loyal Customers
15068,236,1,134.8426,2,1,3,6,Can't Lose Them
15069,299,1,102.5742,1,1,2,4,Lost Customers
15070,100,2,2795.0924999999997,4,4,5,13,Champions
15071,100,2,2746.5525,4,4,4,12,Champions
15072,96,2,2755.1967,4,4,4,12,Champions
15073,128,2,4143.26,3,4,5,12,Loyal Customers
15075,41,2,78.6242,5,4,2,11,Potential Loyalists
15076,10,1,162.6716,5,1,3,9,New Customers
15077,9,3,6444.2224,5,5,5,15,Champions
15078,3,3,6425.683800000001,5,5,5,15,Champions
15079,103,2,2731.5425,4,4,4,12,Champions
15080,171,3,8061.3738,3,5,5,13,Loyal Customers
15081,8,2,5654.2696,5,4,5,14,Champions
15082,206,3,6885.1607,2,5,5,12,At Risk
15083,29,2,5667.3182,5,4,5,14,Champions
15084,153,3,6770.4920999999995,3,5,5,13,Loyal Customers
15085,167,3,7003.5355,3,5,5,13,Loyal Customers
15086,126,3,6761.2275,3,5,5,13,Loyal Customers
15087,1,2,5679.6466,5,4,5,14,Champions
15088,1,2,5691.1682,5,4,5,14,Champions
15089,16,2,5671.3282,5,4,5,14,Champions
15090,157,1,168.98,3,1,3,7,Potential Loyalists
15091,235,1,49.96,2,1,1,4,Lost Customers
15092,253,1,44.57,2,1,1,4,Lost Customers
15093,48,3,6778.2491,5,5,5,15,Champions
15094,41,3,6616.173199999999,5,5,5,15,Champions
15095,19,3,6757.9363,5,5,5,15,Champions
15096,101,1,69.99,4,1,2,7,New Customers
15097,146,3,8150.1682,3,5,5,13,Loyal Customers
15098,155,1,45.160000000000004,3,1,1,5,Potential Loyalists
15099,197,1,94.57000000000001,2,1,2,5,Lost Customers
15100,173,3,6735.9821,3,5,5,13,Loyal Customers
15101,161,3,6710.6007,3,5,5,13,Loyal Customers
15102,33,2,160.21620000000001,5,4,3,12,Loyal Customers
15103,24,2,148.11,5,4,3,12,Loyal Customers
15104,160,1,69.99,3,1,2,6,Potential Loyalists
15105,300,1,118.0573,1,1,2,4,Lost Customers
15106,135,3,8186.343800000001,3,5,5,13,Loyal Customers
15107,276,1,69.99,1,1,2,4,Lost Customers
15108,83,2,245.2415,4,4,3,11,Loyal Customers
15109,197,1,118.0573,2,1,2,5,Lost Customers
15110,1,1,69.99,5,1,2,8,New Customers
15112,319,1,117.08619999999999,1,1,2,4,Lost Customers
15114,158,3,6736.2207,3,5,5,13,Loyal Customers
15115,170,1,117.08619999999999,3,1,2,6,Potential Loyalists
15116,171,3,7018.507,3,5,5,13,Loyal Customers
15117,151,3,6759.352199999999,3,5,5,13,Loyal Customers
15118,129,3,8063.7166,3,5,5,13,Loyal Customers
15119,16,2,76.15,5,4,2,11,Potential Loyalists
15120,52,3,5001.352,4,5,5,14,Champions
15121,15,3,4964.149200000001,5,5,5,15,Champions
15122,14,3,4978.1062,5,5,5,15,Champions
15123,35,2,114.59729999999999,5,4,2,11,Potential Loyalists
15125,24,2,112.8973,5,4,2,11,Potential Loyalists
15126,61,2,119.91569999999999,4,4,2,10,Potential Loyalists
15127,24,3,4975.8078000000005,5,5,5,15,Champions
15128,231,2,104.9173,2,4,2,8,Potential Loyalists
15129,25,3,4945.8178,5,5,5,15,Champions
15130,22,3,4966.8278,5,5,5,15,Champions
15131,130,2,106.6173,3,4,2,9,Potential Loyalists
15132,30,2,196.28570000000002,5,4,3,12,Loyal Customers
15133,3,3,5021.7934000000005,5,5,5,15,Champions
15134,29,3,4913.7678,5,5,5,15,Champions
15135,90,2,4145.4878,4,4,5,13,Champions
15136,111,2,63.2142,3,4,2,9,Potential Loyalists
15137,238,2,196.52679999999998,2,4,3,9,At Risk
15138,63,2,172.3446,4,4,3,11,Loyal Customers
15139,247,2,83.6242,2,4,2,8,Potential Loyalists
15140,61,2,88.20419999999999,4,4,2,10,Potential Loyalists
15141,4,2,96.94,5,4,2,11,Potential Loyalists
15142,31,2,187.49810000000002,5,4,3,12,Loyal Customers
15143,81,2,4120.5178,4,4,5,13,Champions
15144,81,2,4098.1964,4,4,5,13,Champions
15145,63,2,4125.0978,4,4,5,13,Champions
15146,167,2,172.8826,3,4,3,10,Loyal Customers
15147,143,2,152.6904,3,4,3,10,Loyal Customers
15148,203,2,119.7323,2,4,2,8,Potential Loyalists
15149,41,2,91.60419999999999,5,4,2,11,Potential Loyalists
15150,88,2,4140.4978,4,4,5,13,Champions
15151,67,2,4098.1964,4,4,5,13,Champions
15152,68,2,4240.6564,4,4,5,13,Champions
15153,120,2,138.96,3,4,3,10,Loyal Customers
15154,280,1,83.0573,1,1,2,4,Lost Customers
15155,178,2,2860.1064,3,4,5,12,Loyal Customers
15156,276,1,134.97,1,1,3,5,Can't Lose Them
15157,30,3,223.92000000000002,5,5,3,13,Loyal Customers
15158,317,1,43.6242,1,1,1,3,Lost Customers
15159,41,1,16.85,5,1,1,7,New Customers
15161,307,1,12.27,1,1,1,3,Lost Customers
15162,38,3,169.94,5,5,3,13,Loyal Customers
15163,106,1,14.56,4,1,1,6,New Customers
15164,162,1,4.99,3,1,1,5,Potential Loyalists
15165,172,1,43.6242,3,1,1,5,Potential Loyalists
15166,162,2,2836.4578,3,4,5,12,Loyal Customers
15167,135,2,2871.7562,3,4,5,12,Loyal Customers
15168,99,1,48.6142,4,1,1,6,New Customers
15169,110,2,2928.188,4,4,5,13,Champions
15170,82,2,4142.8392,4,4,5,13,Champions
15171,86,2,4179.317800000001,4,4,5,13,Champions
15172,45,4,309.90999999999997,5,5,3,13,Loyal Customers
15173,250,1,60.5842,2,1,2,5,Lost Customers
15174,96,1,144.81,4,1,3,8,New Customers
15175,64,2,4620.0166,4,4,5,13,Champions
15176,66,2,4481.108200000001,4,4,5,13,Champions
15177,33,1,9.57,5,1,1,7,New Customers
15178,76,2,4218.4678,4,4,5,13,Champions
15179,69,2,4203.9878,4,4,5,13,Champions
15180,67,2,4221.463400000001,4,4,5,13,Champions
15181,83,2,4220.4434,4,4,5,13,Champions
15182,62,2,4142.8392,4,4,5,13,Champions
15183,71,2,4125.0978,4,4,5,13,Champions
15184,88,2,4206.4434,4,4,5,13,Champions
15185,75,2,4147.4192,4,4,5,13,Champions
15186,271,1,104.2885,1,1,2,4,Lost Customers
15187,63,2,4525.6882000000005,4,4,5,13,Champions
15188,74,2,1564.5108,4,4,4,12,Champions
15189,74,2,1468.5882000000001,4,4,4,12,Champions
15190,23,1,105.3357,5,1,2,8,New Customers
15191,87,2,1468.5882000000001,4,4,4,12,Champions
15192,81,2,4138.1864,4,4,5,13,Champions
15193,122,2,2918.072,3,4,5,12,Loyal Customers
15194,131,2,2877.4378,3,4,5,12,Loyal Customers
15195,124,2,2847.1463999999996,3,4,5,12,Loyal Customers
15196,145,2,2897.7907,3,4,5,12,Loyal Customers
15197,3,2,220.85,5,4,3,12,Loyal Customers
15198,323,1,14.56,1,1,1,3,Lost Customers
15199,130,2,2755.0663999999997,3,4,4,11,Loyal Customers
15200,141,2,2810.5078,3,4,5,12,Loyal Customers
15201,62,2,4563.4196,4,4,5,13,Champions
15202,151,1,25.880000000000003,3,1,1,5,Potential Loyalists
15203,130,2,2906.6364,3,4,5,12,Loyal Customers
15204,74,2,4204.132,4,4,5,13,Champions
15205,62,2,4194.689200000001,4,4,5,13,Champions
15206,69,2,121.2584,4,4,2,10,Potential Loyalists
15207,62,2,4197.8292,4,4,5,13,Champions
15208,105,2,2959.8566,4,4,5,13,Champions
15209,91,2,2924.8566,4,4,5,13,Champions
15210,87,2,2948.3696,4,4,5,13,Champions
15211,39,2,2910.8996,5,4,5,14,Champions
15212,7,2,106.57419999999999,5,4,2,11,Potential Loyalists
15213,35,2,2818.5882,5,4,5,14,Champions
15214,85,2,4273.5496,4,4,5,13,Champions
15215,77,2,4247.584000000001,4,4,5,13,Champions
15216,264,2,166.6062,1,4,3,8,At Risk
15217,32,2,82.52,5,4,2,11,Potential Loyalists
15218,89,2,4153.1864,4,4,5,13,Champions
15219,88,2,4153.1864,4,4,5,13,Champions
15220,65,2,4143.1764,4,4,5,13,Champions
15221,67,2,4245.2182,4,4,5,13,Champions
15222,63,2,173.6904,4,4,3,11,Loyal Customers
15223,80,2,4120.5178,4,4,5,13,Champions
15224,33,2,115.45419999999999,5,4,2,11,Potential Loyalists
15225,65,2,4155.5178,4,4,5,13,Champions
15226,72,2,4142.8392,4,4,5,13,Champions
15227,61,2,4250.636399999999,4,4,5,13,Champions
15228,76,2,4159.444799999999,4,4,5,13,Champions
15229,49,2,2843.5582,5,4,5,14,Champions
15230,130,1,202.95,3,1,3,7,Potential Loyalists
15231,88,1,57.1923,4,1,1,6,New Customers
15232,130,2,104.93,3,4,2,9,Potential Loyalists
15233,100,2,84.97,4,4,2,10,Potential Loyalists
15234,151,2,109.96000000000001,3,4,2,9,Potential Loyalists
15235,122,2,253.5042,3,4,3,10,Loyal Customers
15236,208,2,197.86260000000001,2,4,3,9,At Risk
15237,69,2,98.4742,4,4,2,10,Potential Loyalists
15238,76,2,100.2584,4,4,2,10,Potential Loyalists
15239,144,2,177.6804,3,4,3,10,Loyal Customers
15240,17,2,116.92,5,4,2,11,Potential Loyalists
15241,143,2,103.82000000000001,3,4,2,9,Potential Loyalists
15242,126,2,66.83999999999999,3,4,2,9,Potential Loyalists
15243,61,1,41.95,4,1,1,6,New Customers
15244,62,4,251.70839999999998,4,5,3,12,Loyal Customers
15245,150,1,39.96,3,1,1,5,Potential Loyalists
15246,214,1,43.96,2,1,1,4,Lost Customers
15247,232,1,14.56,2,1,1,4,Lost Customers
15248,49,1,68.5181,5,1,2,8,New Customers
15249,115,1,69.0762,3,1,2,6,Potential Loyalists
15250,236,1,78.95,2,1,2,5,Lost Customers
15251,131,2,144.5,3,4,3,10,Loyal Customers
15252,62,2,1468.5882000000001,4,4,4,12,Champions
15253,41,2,120.89259999999999,5,4,2,11,Potential Loyalists
15254,77,2,1560.6154999999999,4,4,4,12,Champions
15255,52,2,1503.5782,4,4,4,12,Champions
15256,41,2,1547.2224,5,4,4,13,Champions
15257,327,1,49.96,1,1,1,3,Lost Customers
15258,94,1,9.98,4,1,1,6,New Customers
15260,267,1,91.2084,1,1,2,4,Lost Customers
15261,152,2,139.5962,3,4,3,10,Loyal Customers
15262,106,2,3772.4096,4,4,5,13,Champions
15263,85,1,103.60419999999999,4,1,2,7,New Customers
15264,116,2,77.2684,3,4,2,9,Potential Loyalists
15265,60,2,2905.8666,4,4,5,13,Champions
15266,43,2,2991.61,5,4,5,14,Champions
15267,3,2,2853.5782,5,4,5,14,Champions
15268,16,2,2840.9096,5,4,5,14,Champions
15269,244,1,14.56,2,1,1,4,Lost Customers
15270,143,1,43.6242,3,1,1,5,Potential Loyalists
15271,116,1,43.6242,3,1,1,5,Potential Loyalists
15272,34,1,115.6143,5,1,2,8,New Customers
15273,265,1,102.13419999999999,1,1,2,4,Lost Customers
15274,223,1,115.23960000000001,2,1,2,5,Lost Customers
15275,303,1,22.97,1,1,1,3,Lost Customers
15276,341,2,1286.6482,1,4,4,9,At Risk
15277,188,1,160.99620000000002,2,1,3,6,Can't Lose Them
15278,327,1,78.95,1,1,2,4,Lost Customers
15279,87,1,77.60419999999999,4,1,2,7,New Customers
15280,130,2,2822.1164,3,4,5,12,Loyal Customers
15281,282,1,43.6242,1,1,1,3,Lost Customers
15282,83,1,14.56,4,1,1,6,New Customers
15283,79,1,908.6135,4,1,3,8,New Customers
15284,42,2,1641.3559,5,4,4,13,Champions
15285,286,1,44.97,1,1,1,3,Lost Customers
15286,47,1,73.48,5,1,2,8,New Customers
15287,51,2,1612.5781000000002,5,4,4,13,Champions
15288,31,2,1512.5482000000002,5,4,4,13,Champions
15289,59,2,1512.5482000000002,4,4,4,12,Champions
15290,53,2,1592.5682000000002,4,4,4,12,Champions
15291,43,1,887.5473,5,1,3,9,New Customers
15292,85,1,68.5942,4,1,2,7,New Customers
15294,249,1,64.97,2,1,2,5,Lost Customers
15296,84,1,14.56,4,1,1,6,New Customers
15297,173,1,44.97,3,1,1,5,Potential Loyalists
15298,38,1,9.57,5,1,1,7,New Customers
15299,33,1,14.56,5,1,1,7,New Customers
15301,309,1,30.46,1,1,1,3,Lost Customers
15302,140,2,2825.8006,3,4,5,12,Loyal Customers
15303,121,2,2748.1964,3,4,4,11,Loyal Customers
15304,70,2,4633.399600000001,4,4,5,13,Champions
15305,250,1,35.45,2,1,1,4,Lost Customers
15307,272,1,43.6242,1,1,1,3,Lost Customers
15308,58,2,1538.5782,4,4,4,12,Champions
15309,58,2,1538.5782,4,4,4,12,Champions
15310,105,3,121.28,4,5,2,11,Potential Loyalists
15311,54,2,1538.5782,4,4,4,12,Champions
15312,58,2,1555.8666,4,4,4,12,Champions
15313,132,1,14.56,3,1,1,5,Potential Loyalists
15314,43,2,1507.1924,5,4,4,13,Champions
15315,263,1,9.98,1,1,1,3,Lost Customers
15316,59,1,21.84,4,1,1,6,New Customers
15317,232,1,53.057300000000005,2,1,1,4,Lost Customers
15318,27,1,44.97,5,1,1,7,New Customers
15319,332,1,9.57,1,1,1,3,Lost Customers
15320,133,2,2828.1664,3,4,5,12,Loyal Customers
15321,143,2,2783.1964,3,4,5,12,Loyal Customers
15322,130,2,2825.4778,3,4,5,12,Loyal Customers
15323,38,1,839.45,5,1,3,9,New Customers
15324,11,1,113.1784,5,1,2,8,New Customers
15325,45,2,1500.8682,5,4,4,13,Champions
15327,33,1,49.96,5,1,1,7,New Customers
15328,130,2,2933.1894,3,4,5,12,Loyal Customers
15329,135,2,2849.1264,3,4,5,12,Loyal Customers
15330,321,1,44.97,1,1,1,3,Lost Customers
15331,248,1,7.28,2,1,1,4,Lost Customers
15332,31,1,44.97,5,1,1,7,New Customers
15333,58,2,1555.8666,4,4,4,12,Champions
15334,1,1,848.1242,5,1,3,9,New Customers
15335,50,1,39.980000000000004,5,1,1,7,New Customers
15337,34,2,1538.5782,5,4,4,13,Champions
15338,49,2,1589.0182,5,4,4,13,Champions
15339,45,2,1538.5782,5,4,4,13,Champions
15340,25,3,200.5688,5,5,3,13,Loyal Customers
15341,31,2,1538.5782,5,4,4,13,Champions
15342,55,2,1585.6743999999999,4,4,4,12,Champions
15343,33,2,1468.5882000000001,5,4,4,13,Champions
15344,254,1,9.98,2,1,1,4,Lost Customers
15345,147,2,2814.0789999999997,3,4,5,12,Loyal Customers
15346,138,2,2939.0578,3,4,5,12,Loyal Customers
15347,46,2,1555.8666,5,4,4,13,Champions
15348,137,2,2889.3006,3,4,5,12,Loyal Customers
15349,145,2,2844.4378,3,4,5,12,Loyal Customers
15350,126,2,2820.0778,3,4,5,12,Loyal Customers
15352,279,1,69.99,1,1,2,4,Lost Customers
15353,25,2,339.8399,5,4,3,12,Loyal Customers
15354,142,3,8090.6666000000005,3,5,5,13,Loyal Customers
15355,55,1,35.0,4,1,1,6,New Customers
15356,295,1,118.0573,1,1,2,4,Lost Customers
15357,165,3,6996.088000000001,3,5,5,13,Loyal Customers
15358,21,1,43.6242,5,1,1,7,New Customers
15359,107,1,101.03620000000001,4,1,2,7,New Customers
15360,18,1,9.98,5,1,1,7,New Customers
15362,87,2,4550.7324,4,4,5,13,Champions
15363,71,2,4470.4696,4,4,5,13,Champions
15364,143,2,2871.1893,3,4,5,12,Loyal Customers
15365,134,2,2849.0178,3,4,5,12,Loyal Customers
15366,308,1,64.97,1,1,2,4,Lost Customers
15367,143,2,2850.4878000000003,3,4,5,12,Loyal Customers
15368,265,1,16.85,1,1,1,3,Lost Customers
15369,139,2,2806.8106,3,4,5,12,Loyal Customers
15370,81,1,12.27,4,1,1,6,New Customers
15371,148,2,2868.4678,3,4,5,12,Loyal Customers
15372,132,2,2775.0978000000005,3,4,5,12,Loyal Customers
15373,15,1,43.6242,5,1,1,7,New Customers
15374,128,2,2850.4878000000003,3,4,5,12,Loyal Customers
15375,171,1,80.87,3,1,2,6,Potential Loyalists
15376,57,3,171.7884,4,5,3,12,Loyal Customers
15377,198,2,114.5042,2,4,2,8,Potential Loyalists
15378,65,3,214.1584,4,5,3,12,Loyal Customers
15379,136,2,2918.7663000000002,3,4,5,12,Loyal Customers
15380,133,2,2820.0778,3,4,5,12,Loyal Customers
15382,145,1,108.47,3,1,2,6,Potential Loyalists
15384,267,1,12.27,1,1,1,3,Lost Customers
15385,257,1,14.56,1,1,1,3,Lost Customers
15386,122,1,14.97,3,1,1,5,Potential Loyalists
15387,33,1,9.98,5,1,1,7,New Customers
15388,149,2,2811.8006,3,4,5,12,Loyal Customers
15389,127,2,2828.1664,3,4,5,12,Loyal Customers
15390,114,1,43.6242,3,1,1,5,Potential Loyalists
15391,56,2,4601.0638,4,4,5,13,Champions
15392,199,1,39.980000000000004,2,1,1,4,Lost Customers
15393,3,1,14.56,5,1,1,7,New Customers
15394,122,2,2847.7806,3,4,5,12,Loyal Customers
15395,45,2,4563.7524,5,4,5,14,Champions
15396,123,2,2833.1463999999996,3,4,5,12,Loyal Customers
15398,136,2,2803.1863999999996,3,4,5,12,Loyal Customers
15399,123,2,2825.9978,3,4,5,12,Loyal Customers
15400,240,1,9.98,2,1,1,4,Lost Customers
15401,70,1,38.6342,4,1,1,6,New Customers
15402,88,3,153.4826,4,5,3,12,Loyal Customers
15403,188,1,44.97,2,1,1,4,Lost Customers
15404,138,2,2812.1263999999996,3,4,5,12,Loyal Customers
15405,242,1,38.410000000000004,2,1,1,4,Lost Customers
15406,284,1,11.86,1,1,1,3,Lost Customers
15407,57,1,44.97,4,1,1,6,New Customers
15408,119,1,39.980000000000004,3,1,1,5,Potential Loyalists
15409,38,2,1498.5482000000002,5,4,4,13,Champions
15410,31,2,1571.5544,5,4,4,13,Champions
15411,126,2,2811.8006,3,4,5,12,Loyal Customers
15412,20,1,14.97,5,1,1,7,New Customers
15413,117,3,391.9473,3,5,3,11,Loyal Customers
15414,321,1,9.98,1,1,1,3,Lost Customers
15415,123,1,93.03730000000002,3,1,2,6,Potential Loyalists
15416,75,1,9.98,4,1,1,6,New Customers
15417,140,2,2797.7563999999998,3,4,5,12,Loyal Customers
15418,184,3,243.9315,2,5,3,10,At Risk
15419,149,2,2770.5178,3,4,5,12,Loyal Customers
15420,300,1,9.98,1,1,1,3,Lost Customers
15421,61,1,9.98,4,1,1,6,New Customers
15422,21,2,1593.2886,5,4,4,13,Champions
15423,292,1,9.98,1,1,1,3,Lost Customers
15424,9,1,61.94,5,1,2,8,New Customers
15425,104,2,3772.4096,4,4,5,13,Champions
15426,47,2,221.7826,5,4,3,12,Loyal Customers
15427,16,2,1512.5482000000002,5,4,4,13,Champions
15428,19,2,1555.8666,5,4,4,13,Champions
15429,148,2,2869.9578,3,4,5,12,Loyal Customers
15430,327,1,38.6342,1,1,1,3,Lost Customers
15431,245,1,14.56,2,1,1,4,Lost Customers
15432,24,2,1502.2323999999999,5,4,4,13,Champions
15433,27,2,1538.5782,5,4,4,13,Champions
15434,84,2,64.56,4,4,2,10,Potential Loyalists
15435,107,2,3830.3696,4,4,5,13,Champions
15436,96,2,3772.4096,4,4,5,13,Champions
15437,45,1,4.58,5,1,1,7,New Customers
15438,70,2,3809.9396,4,4,5,13,Champions
15439,73,2,3804.0782,4,4,5,13,Champions
15440,3,3,6524.0139,5,5,5,15,Champions
15441,208,2,84.55,2,4,2,8,Potential Loyalists
15442,177,1,123.46000000000001,3,1,3,7,Potential Loyalists
15443,325,1,16.85,1,1,1,3,Lost Customers
15444,245,1,58.04730000000001,2,1,1,4,Lost Customers
15445,183,1,119.94,2,1,2,5,Lost Customers
15446,226,1,64.53999999999999,2,1,2,5,Lost Customers
15447,214,1,49.98,2,1,1,4,Lost Customers
15448,112,1,20.89,3,1,1,5,Potential Loyalists
15449,1,2,61.830000000000005,5,4,2,11,Potential Loyalists
15450,301,1,92.23,1,1,2,4,Lost Customers
15451,103,2,2755.1967,4,4,4,12,Champions
15452,282,1,49.98,1,1,1,3,Lost Customers
15453,14,3,6412.0196,5,5,5,15,Champions
15454,114,2,2746.5525,3,4,4,11,Loyal Customers
15455,76,2,3136.25,4,4,5,13,Champions
15456,95,2,2830.5025,4,4,5,13,Champions
15457,102,2,2780.1967,4,4,5,13,Champions
15458,134,1,14.97,3,1,1,5,Potential Loyalists
15459,181,1,69.84,2,1,2,5,Lost Customers
15460,65,2,2746.5525,4,4,4,12,Champions
15461,95,2,110.8826,4,4,2,10,Potential Loyalists
15462,72,2,3109.4262,4,4,5,13,Champions
15463,71,2,2846.4051,4,4,5,13,Champions
15464,14,2,74.54,5,4,2,11,Potential Loyalists
15465,91,2,110.45,4,4,2,10,Potential Loyalists
15466,22,2,1503.5782,5,4,4,13,Champions
15467,1,2,1555.8666,5,4,4,13,Champions
15468,79,3,458.61,4,5,3,12,Loyal Customers
15469,321,1,44.97,1,1,1,3,Lost Customers
15470,134,1,80.02730000000001,3,1,2,6,Potential Loyalists
15471,26,2,1538.5782,5,4,4,13,Champions
15472,12,2,1484.4882,5,4,4,13,Champions
15473,28,2,1468.5882000000001,5,4,4,13,Champions
15474,16,2,1592.5682000000002,5,4,4,13,Champions
15475,1,2,1538.5482000000002,5,4,4,13,Champions
15476,330,1,14.56,1,1,1,3,Lost Customers
15477,14,1,14.56,5,1,1,7,New Customers
15478,126,3,205.79000000000002,3,5,3,11,Loyal Customers
15479,38,1,141.2757,5,1,3,9,New Customers
15480,129,2,2748.1964,3,4,4,11,Loyal Customers
15481,132,2,2826.8206,3,4,5,12,Loyal Customers
15482,146,2,2839.2526,3,4,5,12,Loyal Customers
15483,142,2,2797.7563999999998,3,4,5,12,Loyal Customers
15484,123,2,2869.4678,3,4,5,12,Loyal Customers
15485,290,1,44.97,1,1,1,3,Lost Customers
15486,189,1,43.6242,2,1,1,4,Lost Customers
15487,295,1,91.6915,1,1,2,4,Lost Customers
15488,72,3,199.5,4,5,3,12,Loyal Customers
15489,25,2,1618.5008,5,4,4,13,Champions
15490,44,2,4592.532800000001,5,4,5,14,Champions
15491,149,2,2863.9778,3,4,5,12,Loyal Customers
15492,130,2,2825.2526,3,4,5,12,Loyal Customers
15493,136,2,2792.1564,3,4,5,12,Loyal Customers
15494,36,3,360.4673,5,5,3,13,Loyal Customers
15496,297,1,43.6242,1,1,1,3,Lost Customers
15497,4,2,1538.5782,5,4,4,13,Champions
15498,95,3,282.6735,4,5,3,12,Loyal Customers
15500,124,2,2846.1463999999996,3,4,5,12,Loyal Customers
15501,132,2,2868.1964,3,4,5,12,Loyal Customers
15502,1,2,1503.5782,5,4,4,13,Champions
15503,20,2,1572.1924,5,4,4,13,Champions
15504,222,1,43.6242,2,1,1,4,Lost Customers
15505,187,1,14.56,2,1,1,4,Lost Customers
15506,23,2,1468.5882000000001,5,4,4,13,Champions
15507,151,3,279.11,3,5,3,11,Loyal Customers
15508,157,1,43.6242,3,1,1,5,Potential Loyalists
15509,287,1,43.6242,1,1,1,3,Lost Customers
15510,127,1,44.97,3,1,1,5,Potential Loyalists
15511,220,2,154.53,2,4,3,9,At Risk
15512,66,1,87.5842,4,1,2,7,New Customers
15513,133,1,44.97,3,1,1,5,Potential Loyalists
15514,214,1,129.98,2,1,3,6,Can't Lose Them
15515,28,1,14.56,5,1,1,7,New Customers
15516,177,1,14.56,3,1,1,5,Potential Loyalists
15517,123,2,2783.1964,3,4,5,12,Loyal Customers
15518,111,2,2827.1063999999997,3,4,5,12,Loyal Customers
15519,244,1,21.98,2,1,1,4,Lost Customers
15520,12,2,1549.3286,5,4,4,13,Champions
15521,109,2,2855.4678,4,4,5,13,Champions
15522,132,1,36.95,3,1,1,5,Potential Loyalists
15523,2,2,1555.8666,5,4,4,13,Champions
15524,220,1,9.57,2,1,1,4,Lost Customers
15525,19,2,1476.5382,5,4,4,13,Champions
15526,55,3,237.5204,4,5,3,12,Loyal Customers
15527,11,2,1538.5782,5,4,4,13,Champions
15528,28,2,1592.5682000000002,5,4,4,13,Champions
15529,28,2,1502.2323999999999,5,4,4,13,Champions
15530,12,1,868.44,5,1,3,9,New Customers
15531,9,2,1538.5782,5,4,4,13,Champions
15532,11,2,1543.1282,5,4,4,13,Champions
15533,130,1,4.99,3,1,1,5,Potential Loyalists
15534,114,2,2887.6613,3,4,5,12,Loyal Customers
15535,117,2,2792.1564,3,4,5,12,Loyal Customers
15536,46,2,228.3385,5,4,3,12,Loyal Customers
15537,7,2,1547.2224,5,4,4,13,Champions
15538,9,2,1554.4482,5,4,4,13,Champions
15539,76,1,97.0562,4,1,2,7,New Customers
15540,91,2,2814.4778,4,4,5,13,Champions
15541,127,1,92.57419999999999,3,1,2,6,Potential Loyalists
15542,110,2,2800.4778,4,4,5,13,Champions
15543,86,3,247.9873,4,5,3,12,Loyal Customers
15544,243,1,113.67150000000001,2,1,2,5,Lost Customers
15545,164,1,43.6242,3,1,1,5,Potential Loyalists
15546,10,1,44.97,5,1,1,7,New Customers
15547,3,2,1502.2323999999999,5,4,4,13,Champions
15548,334,2,1269.0482000000002,1,4,4,9,At Risk
15549,350,1,584.97,1,1,3,5,Can't Lose Them
15550,29,1,9.98,5,1,1,7,New Customers
15551,360,2,1318.6482,1,4,4,9,At Risk
15552,336,2,1362.5382,1,4,4,9,At Risk
15553,356,2,1304.0382,1,4,4,9,At Risk
15554,337,2,1284.0682000000002,1,4,4,9,At Risk
15555,345,2,1326.3166,1,4,4,9,At Risk
15556,299,1,612.2384,1,1,3,5,Can't Lose Them
15557,353,2,1259.0582,1,4,4,9,At Risk
15558,326,2,1294.0482000000002,1,4,4,9,At Risk
15559,216,3,212.99,2,5,3,10,At Risk
15560,230,1,9.98,2,1,1,4,Lost Customers
15561,310,2,1343.6381999999999,1,4,4,9,At Risk
15562,331,2,1289.0682000000002,1,4,4,9,At Risk
15563,84,1,44.97,4,1,1,6,New Customers
15564,113,3,227.5473,3,5,3,11,Loyal Customers
15565,92,2,2792.1564,4,4,5,13,Champions
15566,21,2,4724.4528,5,4,5,14,Champions
15567,21,2,4495.8982,5,4,5,14,Champions
15568,91,2,2780.5078,4,4,5,13,Champions
15569,94,2,2748.1964,4,4,4,12,Champions
15570,303,2,1283.0482000000002,1,4,4,9,At Risk
15571,85,3,112.7842,4,5,2,11,Potential Loyalists
15572,75,3,140.1642,4,5,3,12,Loyal Customers
15573,84,1,9.98,4,1,1,6,New Customers
15575,20,2,2910.8996,5,4,5,14,Champions
15576,68,2,4098.1964,4,4,5,13,Champions
15577,137,2,196.0761,3,4,3,10,Loyal Customers
15578,64,2,4261.3292,4,4,5,13,Champions
15579,292,2,94.95,1,4,2,7,Potential Loyalists
15580,15,2,2910.8996,5,4,5,14,Champions
15581,123,2,156.55419999999998,3,4,3,10,Loyal Customers
15582,19,2,2947.5281999999997,5,4,5,14,Champions
15583,71,2,97.53,4,4,2,10,Potential Loyalists
15584,2,2,88.20419999999999,5,4,2,11,Potential Loyalists
15585,75,2,4144.0563999999995,4,4,5,13,Champions
15586,90,2,4254.0676,4,4,5,13,Champions
15587,70,2,4198.122,4,4,5,13,Champions
15588,64,2,4262.1564,4,4,5,13,Champions
15589,87,2,4184.122,4,4,5,13,Champions
15590,61,2,4227.4378,4,4,5,13,Champions
15591,73,2,4102.7764,4,4,5,13,Champions
15592,102,2,84.97,4,4,2,10,Potential Loyalists
15593,164,2,142.1942,3,4,3,10,Loyal Customers
15594,4,1,34.99,5,1,1,7,New Customers
15595,84,2,4120.5178,4,4,5,13,Champions
15596,65,2,4248.4278,4,4,5,13,Champions
15597,68,2,4142.8392,4,4,5,13,Champions
15598,28,2,214.1884,5,4,3,12,Loyal Customers
15599,252,1,53.614200000000004,2,1,1,4,Lost Customers
15600,64,2,4346.8192,4,4,5,13,Champions
15601,73,2,4183.676399999999,4,4,5,13,Champions
15602,13,2,91.60419999999999,5,4,2,11,Potential Loyalists
15603,133,2,89.92999999999999,3,4,2,9,Potential Loyalists
15604,106,2,122.8943,4,4,2,10,Potential Loyalists
15605,35,2,79.94,5,4,2,11,Potential Loyalists
15606,131,2,181.141,3,4,3,10,Loyal Customers
15607,42,1,57.959999999999994,5,1,1,7,New Customers
15608,121,1,43.6242,3,1,1,5,Potential Loyalists
15609,134,1,56.849999999999994,3,1,1,5,Potential Loyalists
15610,61,2,123.5942,4,4,3,11,Loyal Customers
15611,196,1,130.48,2,1,3,6,Can't Lose Them
15612,182,2,93.5942,2,4,2,8,Potential Loyalists
15613,218,1,52.269999999999996,2,1,1,4,Lost Customers
15614,19,2,5877.2581,5,4,5,14,Champions
15615,0,2,96.49000000000001,5,4,2,11,Potential Loyalists
15616,98,1,29.57,4,1,1,6,New Customers
15617,329,1,102.78,1,1,2,4,Lost Customers
15618,270,1,74.97,1,1,2,4,Lost Customers
15619,10,2,5661.0124,5,4,5,14,Champions
15620,21,2,5717.8763,5,4,5,14,Champions
15621,4,2,5751.7758,5,4,5,14,Champions
15622,89,2,3034.2726,4,4,5,13,Champions
15623,96,3,7043.2496,4,5,5,14,Champions
15624,96,3,6773.6463,4,5,5,14,Champions
15625,154,3,6920.8196,3,5,5,13,Loyal Customers
15626,173,3,6819.1656,3,5,5,13,Loyal Customers
15627,122,3,6724.9347,3,5,5,13,Loyal Customers
15628,72,1,92.95,4,1,2,7,New Customers
15630,106,3,5209.2284,4,5,5,14,Champions
15631,89,3,5154.67,4,5,5,14,Champions
15632,78,3,5306.7615000000005,4,5,5,14,Champions
15633,220,1,73.48,2,1,2,5,Lost Customers
15634,26,2,92.57419999999999,5,4,2,11,Potential Loyalists
15635,46,2,143.92000000000002,5,4,3,12,Loyal Customers
15636,199,1,122.2384,2,1,2,5,Lost Customers
15637,81,3,6777.344800000001,4,5,5,14,Champions
15639,228,2,71.42999999999999,2,4,2,8,Potential Loyalists
15640,240,2,69.14,2,4,2,8,Potential Loyalists
15641,247,2,155.28040000000001,2,4,3,9,At Risk
15642,68,2,3772.4096,4,4,5,13,Champions
15643,64,2,3807.3996,4,4,5,13,Champions
15644,54,2,3816.2396,4,4,5,13,Champions
15645,57,2,3783.7324,4,4,5,13,Champions
15646,50,2,3804.0782,5,4,5,14,Champions
15647,60,2,3773.0582,4,4,5,13,Champions
15648,35,2,3806.0538,5,4,5,14,Champions
15649,74,2,3101.9341999999997,4,4,5,13,Champions
15650,14,1,143.0173,5,1,3,9,New Customers
15651,33,2,2746.5525,5,4,4,13,Champions
15652,65,3,5195.06,4,5,5,14,Champions
15653,40,3,5245.9926,5,5,5,15,Champions
15654,200,1,49.98,2,1,1,4,Lost Customers
15655,69,2,2761.1025,4,4,4,12,Champions
15656,76,2,3000.6284,4,4,5,13,Champions
15657,31,3,5262.2642,5,5,5,15,Champions
15658,118,1,93.60419999999999,3,1,2,6,Potential Loyalists
15659,71,2,3085.3962,4,4,5,13,Champions
15660,3,3,5204.05,5,5,5,15,Champions
15661,25,3,5259.6442,5,5,5,15,Champions
15662,17,3,5289.03,5,5,5,15,Champions
15663,33,2,2796.5325000000003,5,4,5,14,Champions
15664,36,2,2798.7909,5,4,5,14,Champions
15665,60,2,2824.1567,4,4,5,13,Champions
15666,47,2,3117.6557,5,4,5,14,Champions
15667,44,2,3147.3,5,4,5,14,Champions
15668,6,2,5669.6596,5,4,5,14,Champions
15669,13,2,5649.6896,5,4,5,14,Champions
15670,11,1,141.6715,5,1,3,9,New Customers
15671,126,2,60.81,3,4,2,9,Potential Loyalists
15672,4,1,91.6915,5,1,2,8,New Customers
15673,261,1,98.5942,1,1,2,4,Lost Customers
15674,55,2,3061.9642,4,4,5,13,Champions
15675,135,3,6965.1324,3,5,5,13,Loyal Customers
15676,85,3,6977.0538,4,5,5,14,Champions
15677,73,3,7018.835800000001,4,5,5,14,Champions
15678,82,3,7027.995,4,5,5,14,Champions
15679,230,1,94.95,2,1,2,5,Lost Customers
15680,175,1,9.98,3,1,1,5,Potential Loyalists
15683,289,1,93.0473,1,1,2,4,Lost Customers
15684,179,3,6758.5172,3,5,5,13,Loyal Customers
15685,158,3,6972.756600000001,3,5,5,13,Loyal Customers
15686,43,2,76.2242,5,4,2,11,Potential Loyalists
15687,2,3,6503.1158,5,5,5,15,Champions
15688,190,3,5975.284900000001,2,5,5,12,At Risk
15689,237,1,35.0,2,1,1,4,Lost Customers
15690,68,1,43.6242,4,1,1,6,New Customers
15691,147,3,8107.353800000001,3,5,5,13,Loyal Customers
15692,149,3,8146.028,3,5,5,13,Loyal Customers
15693,156,3,6667.0091,3,5,5,13,Loyal Customers
15694,104,1,11.86,4,1,1,6,New Customers
15695,124,3,8108.9224,3,5,5,13,Loyal Customers
15696,183,1,208.97,2,1,3,6,Can't Lose Them
15697,178,3,6792.8791,3,5,5,13,Loyal Customers
15698,47,1,49.56,5,1,1,7,New Customers
15699,138,3,6745.728,3,5,5,13,Loyal Customers
15700,177,3,6000.2949,3,5,5,13,Loyal Customers
15701,84,2,92.77420000000001,4,4,2,10,Potential Loyalists
15702,118,3,6693.5807,3,5,5,13,Loyal Customers
15703,333,1,78.6242,1,1,2,4,Lost Customers
15704,130,1,35.0,3,1,1,5,Potential Loyalists
15705,221,1,68.6442,2,1,2,5,Lost Customers
15706,290,1,35.0,1,1,1,3,Lost Customers
15707,107,1,35.0,4,1,1,6,New Customers
15708,307,1,78.6242,1,1,2,4,Lost Customers
15709,278,1,99.97,1,1,2,4,Lost Customers
15710,158,3,6093.6436,3,5,5,13,Loyal Customers
15711,175,2,132.2715,3,4,3,10,Loyal Customers
15712,83,2,79.53,4,4,2,10,Potential Loyalists
15713,30,2,42.58,5,4,1,10,Potential Loyalists
15714,80,1,95.9126,4,1,2,7,New Customers
15715,57,2,74.95,4,4,2,10,Potential Loyalists
15716,83,2,4226.7862000000005,4,4,5,13,Champions
15717,50,2,4170.0778,5,4,5,14,Champions
15718,9,2,88.96,5,4,2,11,Potential Loyalists
15719,59,2,4205.6564,4,4,5,13,Champions
15720,33,2,105.45,5,4,2,11,Potential Loyalists
15721,83,2,147.94,4,4,3,11,Loyal Customers
15722,53,2,4199.0559,4,4,5,13,Champions
15723,32,2,4199.142,5,4,5,14,Champions
15724,36,2,4138.1464,5,4,5,14,Champions
15725,54,2,4184.122,4,4,5,13,Champions
15726,40,2,4191.0378,5,4,5,14,Champions
15727,23,2,178.7877,5,4,3,12,Loyal Customers
15728,55,2,91.60419999999999,4,4,2,10,Potential Loyalists
15729,34,2,4147.4192,5,4,5,14,Champions
15730,61,2,154.9026,4,4,3,11,Loyal Customers
15731,91,2,84.97,4,4,2,10,Potential Loyalists
15732,43,2,4140.4978,5,4,5,14,Champions
15733,47,2,4232.564,5,4,5,14,Champions
15734,30,2,4177.8392,5,4,5,14,Champions
15735,112,2,169.2415,3,4,3,10,Loyal Customers
15736,51,1,117.5442,5,1,2,8,New Customers
15737,121,2,2826.6964,3,4,5,12,Loyal Customers
15738,12,1,173.56,5,1,3,9,New Customers
15739,120,2,2810.0978000000005,3,4,5,12,Loyal Customers
15740,101,1,49.96,4,1,1,6,New Customers
15741,69,1,88.0473,4,1,2,7,New Customers
15742,314,1,43.6242,1,1,1,3,Lost Customers
15743,34,1,44.97,5,1,1,7,New Customers
15744,133,1,33.83,3,1,1,5,Potential Loyalists
15746,25,1,9.98,5,1,1,7,New Customers
15747,114,1,43.6242,3,1,1,5,Potential Loyalists
15748,33,3,350.0246,5,5,3,13,Loyal Customers
15750,95,2,2768.1764,4,4,4,12,Champions
15751,34,2,4197.8292,5,4,5,14,Champions
15752,34,2,4170.0778,5,4,5,14,Champions
15753,41,2,4153.1864,5,4,5,14,Champions
15754,40,2,4175.4778,5,4,5,14,Champions
15755,50,2,4155.507799999999,5,4,5,14,Champions
15756,52,2,4200.4878,4,4,5,13,Champions
15757,30,2,4120.5178,5,4,5,14,Champions
15759,281,1,93.03730000000002,1,1,2,4,Lost Customers
15760,180,3,166.76,2,5,3,10,At Risk
15761,20,3,269.58299999999997,5,5,3,13,Loyal Customers
15762,185,1,563.5381,2,1,3,6,Can't Lose Them
15763,279,2,1334.0382,1,4,4,9,At Risk
15764,49,2,4186.7992,5,4,5,14,Champions
15765,44,2,4120.5178,5,4,5,14,Champions
15766,190,2,89.55,2,4,2,8,Potential Loyalists
15768,95,2,2814.4778,4,4,5,13,Champions
15769,113,2,2849.4678000000004,3,4,5,12,Loyal Customers
15770,111,2,2889.4178,3,4,5,12,Loyal Customers
15771,94,2,2862.5451000000003,4,4,5,13,Champions
15772,161,1,43.6242,3,1,1,5,Potential Loyalists
15773,153,1,68.5181,3,1,2,6,Potential Loyalists
15774,263,1,129.98,1,1,3,5,Can't Lose Them
15775,132,1,28.17,3,1,1,5,Potential Loyalists
15776,215,1,9.98,2,1,1,4,Lost Customers
15777,251,1,43.6242,2,1,1,4,Lost Customers
15778,98,2,2849.1420000000003,4,4,5,13,Champions
15779,220,1,100.45,2,1,2,5,Lost Customers
15780,104,2,2934.4778,4,4,5,13,Champions
15781,110,2,2896.1893,4,4,5,13,Champions
15782,13,1,14.56,5,1,1,7,New Customers
15783,66,2,129.23839999999998,4,4,3,11,Loyal Customers
15784,46,2,4133.1964,5,4,5,14,Champions
15785,59,2,4213.729200000001,4,4,5,13,Champions
15786,46,2,4142.1564,5,4,5,14,Champions
15787,16,2,210.5442,5,4,3,12,Loyal Customers
15788,56,2,4197.4878,4,4,5,13,Champions
15790,303,2,2689.0138,1,4,4,9,At Risk
15791,26,2,84.52,5,4,2,11,Potential Loyalists
15792,276,2,2653.6980000000003,1,4,4,9,At Risk
15793,30,2,4120.5178,5,4,5,14,Champions
15794,1,2,137.61419999999998,5,4,3,12,Loyal Customers
15795,242,2,193.01620000000003,2,4,3,9,At Risk
15796,4,1,33.6442,5,1,1,7,New Customers
15797,55,2,4191.3792,4,4,5,13,Champions
15798,200,2,126.5942,2,4,3,9,At Risk
15799,45,2,4206.779200000001,5,4,5,14,Champions
15800,31,2,4153.1864,5,4,5,14,Champions
15801,31,2,4137.7764,5,4,5,14,Champions
15802,39,2,4194.152,5,4,5,14,Champions
15803,39,2,96.1842,5,4,2,11,Potential Loyalists
15804,14,2,126.5942,5,4,3,12,Loyal Customers
15805,11,2,159.0942,5,4,3,12,Loyal Customers
15806,235,2,136.76420000000002,2,4,3,9,At Risk
15807,15,2,107.8484,5,4,2,11,Potential Loyalists
15808,40,2,4175.5078,5,4,5,14,Champions
15809,160,2,92.58,3,4,2,9,Potential Loyalists
15810,77,2,104.03,4,4,2,10,Potential Loyalists
15811,163,2,109.72,3,4,2,9,Potential Loyalists
15812,55,2,97.52,4,4,2,10,Potential Loyalists
15813,107,1,74.92999999999999,4,1,2,7,New Customers
15814,79,1,97.61420000000001,4,1,2,7,New Customers
15815,3,3,155.4642,5,5,3,13,Loyal Customers
15816,208,3,240.2404,2,5,3,10,At Risk
15817,228,1,90.7204,2,1,2,5,Lost Customers
15818,13,1,4.99,5,1,1,7,New Customers
15819,109,1,61.94,4,1,2,7,New Customers
15820,328,1,114.0073,1,1,2,4,Lost Customers
15821,327,1,61.94,1,1,2,4,Lost Customers
15822,78,2,84.72,4,4,2,10,Potential Loyalists
15823,44,2,100.93,5,4,2,11,Potential Loyalists
15824,286,1,97.95,1,1,2,4,Lost Customers
15826,81,3,242.67,4,5,3,12,Loyal Customers
15827,275,2,1352.0755,1,4,4,9,At Risk
15828,45,2,259.48,5,4,3,12,Loyal Customers
15829,199,2,216.95999999999998,2,4,3,9,At Risk
15830,273,2,2695.3596000000002,1,4,4,9,At Risk
15831,297,2,2678.6282,1,4,4,9,At Risk
15832,265,2,2611.4096,1,4,4,9,At Risk
15833,238,2,2611.4096,2,4,4,10,At Risk
15834,294,2,1239.0882000000001,1,4,4,9,At Risk
15835,22,1,92.6242,5,1,2,8,New Customers
15836,75,1,14.56,4,1,1,6,New Customers
15837,165,1,43.6242,3,1,1,5,Potential Loyalists
15838,242,1,77.60419999999999,2,1,2,5,Lost Customers
15839,235,1,48.54,2,1,1,4,Lost Customers
15840,106,2,2752.7763999999997,4,4,4,12,Champions
15841,117,2,2775.0978000000005,3,4,5,12,Loyal Customers
15842,105,2,2826.8206,4,4,5,13,Champions
15843,104,2,2815.4978,4,4,5,13,Champions
15844,95,2,2803.8206,4,4,5,13,Champions
15845,104,2,2956.4578,4,4,5,13,Champions
15846,13,2,4704.3624,5,4,5,14,Champions
15847,143,2,225.5173,3,4,3,10,Loyal Customers
15848,1,1,43.6242,5,1,1,7,New Customers
15849,197,1,19.55,2,1,1,4,Lost Customers
15850,17,2,4564.4696,5,4,5,14,Champions
15851,114,2,2890.6564,3,4,5,12,Loyal Customers
15852,109,2,2890.5178,4,4,5,13,Champions
15853,183,1,64.97,2,1,2,5,Lost Customers
15854,197,1,83.9,2,1,2,5,Lost Customers
15855,89,1,36.54,4,1,1,6,New Customers
15856,255,2,191.8084,2,4,3,9,At Risk
15857,66,1,9.98,4,1,1,6,New Customers
15858,158,1,14.56,3,1,1,5,Potential Loyalists
15859,83,3,91.41,4,5,2,11,Potential Loyalists
15860,285,2,1239.0882000000001,1,4,4,9,At Risk
15861,329,1,11.86,1,1,1,3,Lost Customers
15862,298,2,1318.0382,1,4,4,9,At Risk
15863,166,3,292.5862,3,5,3,11,Loyal Customers
15864,81,3,138.1642,4,5,3,12,Loyal Customers
15865,257,2,1348.0382,1,4,4,9,At Risk
15866,39,3,196.6942,5,5,3,13,Loyal Customers
15867,15,1,9.57,5,1,1,7,New Customers
15868,222,1,120.6904,2,1,2,5,Lost Customers
15869,297,1,27.96,1,1,1,3,Lost Customers
15871,273,1,48.6142,1,1,1,3,Lost Customers
15872,13,3,269.49,5,5,3,13,Loyal Customers
15873,103,2,2839.4048,4,4,5,13,Champions
15874,55,3,277.40999999999997,4,5,3,12,Loyal Customers
15875,263,1,27.5,1,1,1,3,Lost Customers
15876,27,2,4571.4196,5,4,5,14,Champions
15877,2,1,43.6242,5,1,1,7,New Customers
15878,42,3,291.1784,5,5,3,13,Loyal Customers
15879,134,3,265.5442,3,5,3,11,Loyal Customers
15880,286,1,140.89000000000001,1,1,3,5,Can't Lose Them
15881,294,1,564.99,1,1,3,5,Can't Lose Them
15882,256,2,1336.1644000000001,2,4,4,10,At Risk
15883,267,1,133.8626,1,1,3,5,Can't Lose Them
15884,234,1,44.97,2,1,1,4,Lost Customers
15885,244,2,1327.6924,2,4,4,10,At Risk
15886,260,2,1359.2517,1,4,4,9,At Risk
15887,3,1,43.6242,5,1,1,7,New Customers
15888,104,2,2868.4678,4,4,5,13,Champions
15889,20,2,4614.7724,5,4,5,14,Champions
15890,218,2,1293.6582,2,4,4,10,At Risk
15891,2,1,43.6242,5,1,1,7,New Customers
15892,183,2,1332.5482000000002,2,4,4,10,At Risk
15893,187,2,1373.4039,2,4,4,10,At Risk
15894,266,1,91.6915,1,1,2,4,Lost Customers
15895,186,1,109.5642,2,1,2,5,Lost Customers
15896,115,1,14.56,3,1,1,5,Potential Loyalists
15897,117,2,2817.1263999999996,3,4,5,12,Loyal Customers
15898,53,1,19.55,4,1,1,6,New Customers
15899,121,2,2832.4578,3,4,5,12,Loyal Customers
15900,294,1,709.96,1,1,3,5,Can't Lose Them
15901,208,2,1293.0782,2,4,4,10,At Risk
15902,205,2,1324.0482000000002,2,4,4,10,At Risk
15903,205,2,1304.0382,2,4,4,10,At Risk
15904,210,2,1331.1154999999999,2,4,4,10,At Risk
15905,24,2,4681.4196,5,4,5,14,Champions
15906,2,2,4555.0738,5,4,5,14,Champions
15907,88,1,9.98,4,1,1,6,New Customers
15908,168,2,1371.9882,3,4,4,11,Loyal Customers
15909,161,2,1333.6182,3,4,4,11,Loyal Customers
15910,280,1,43.6242,1,1,1,3,Lost Customers
15911,82,1,53.94,4,1,1,6,New Customers
15912,204,1,98.96000000000001,2,1,2,5,Lost Customers
15913,275,1,737.26,1,1,3,5,Can't Lose Them
15914,112,2,2752.7763999999997,3,4,4,11,Loyal Customers
15915,91,2,2770.5178,4,4,5,13,Champions
15916,23,2,4571.5982,5,4,5,14,Champions
15917,4,2,4433.1682,5,4,5,14,Champions
15918,94,2,2840.2237,4,4,5,13,Champions
15919,4,2,105.90259999999999,5,4,2,11,Potential Loyalists
15920,160,3,5998.9391,3,5,5,13,Loyal Customers
15921,92,3,6304.3638,4,5,5,14,Champions
15922,90,2,171.7284,4,4,3,11,Loyal Customers
15923,16,3,6381.7958,5,5,5,15,Champions
15924,149,3,5393.5142,3,5,5,13,Loyal Customers
15925,130,3,5581.1471,3,5,5,13,Loyal Customers
15926,171,3,6819.894700000001,3,5,5,13,Loyal Customers
15927,178,3,6687.954900000001,3,5,5,13,Loyal Customers
15928,157,3,6777.6464000000005,3,5,5,13,Loyal Customers
15929,109,3,6719.2905,4,5,5,14,Champions
15930,113,1,97.2584,3,1,2,6,Potential Loyalists
15931,139,3,5135.6522,3,5,5,13,Loyal Customers
15932,128,3,6948.7966,3,5,5,13,Loyal Customers
15933,109,3,6723.2049,4,5,5,14,Champions
15934,111,2,2843.1364,3,4,5,12,Loyal Customers
15935,253,1,12.27,2,1,1,4,Lost Customers
15936,57,1,44.97,4,1,1,6,New Customers
15937,91,2,2817.7878,4,4,5,13,Champions
15938,64,1,14.56,4,1,1,6,New Customers
15939,178,1,43.6242,3,1,1,5,Potential Loyalists
15940,303,1,14.56,1,1,1,3,Lost Customers
15941,110,2,2775.0978000000005,4,4,5,13,Champions
15942,98,3,307.4042,4,5,3,12,Loyal Customers
15943,123,3,446.3619,3,5,3,11,Loyal Customers
15944,120,2,2952.1064,3,4,5,12,Loyal Customers
15945,149,1,14.56,3,1,1,5,Potential Loyalists
15946,249,1,108.47,2,1,2,5,Lost Customers
15947,120,1,14.56,3,1,1,5,Potential Loyalists
15948,107,2,2778.1564,4,4,5,13,Champions
15949,121,2,2825.5078,3,4,5,12,Loyal Customers
15950,80,1,14.56,4,1,1,6,New Customers
15951,250,1,44.97,2,1,1,4,Lost Customers
15952,110,2,2862.5451000000003,4,4,5,13,Champions
15953,150,2,1284.0682000000002,3,4,4,11,Loyal Customers
15954,105,2,2795.4878,4,4,5,13,Champions
15955,201,1,44.97,2,1,1,4,Lost Customers
15956,31,1,9.98,5,1,1,7,New Customers
15957,158,1,168.98,3,1,3,7,Potential Loyalists
15958,218,1,73.48,2,1,2,5,Lost Customers
15959,110,2,2793.1764,4,4,5,13,Champions
15960,3,1,9.98,5,1,1,7,New Customers
15961,105,2,2819.0578,4,4,5,13,Champions
15962,35,1,87.5842,5,1,2,8,New Customers
15963,268,1,93.03730000000002,1,1,2,4,Lost Customers
15964,98,2,2805.4678000000004,4,4,5,13,Champions
15965,103,2,2810.1364,4,4,5,13,Champions
15966,120,1,9.98,3,1,1,5,Potential Loyalists
15967,226,1,9.98,2,1,1,4,Lost Customers
15968,95,2,2792.1564,4,4,5,13,Champions
15969,108,2,2834.1164,4,4,5,13,Champions
15970,213,1,43.6242,2,1,1,4,Lost Customers
15971,191,1,43.6242,2,1,1,4,Lost Customers
15972,91,2,2863.1164,4,4,5,13,Champions
15973,25,1,43.6242,5,1,1,7,New Customers
15974,38,3,314.9462,5,5,3,13,Loyal Customers
15975,101,1,171.27,4,1,3,8,New Customers
15976,105,2,2825.5078,4,4,5,13,Champions
15977,61,1,43.6242,4,1,1,6,New Customers
15978,35,1,9.57,5,1,1,7,New Customers
15979,184,1,4.99,2,1,1,4,Lost Customers
15980,106,2,2748.1964,4,4,4,12,Champions
15981,237,1,134.97,2,1,3,6,Can't Lose Them
15982,88,1,14.97,4,1,1,6,New Customers
15984,93,2,2792.4978,4,4,5,13,Champions
15985,117,2,2891.4478,3,4,5,12,Loyal Customers
15986,166,2,1340.7697,3,4,4,11,Loyal Customers
15987,125,2,1343.0382,3,4,4,11,Loyal Customers
15988,63,1,124.83,4,1,3,8,New Customers
15989,112,2,2827.0363999999995,3,4,5,12,Loyal Customers
15990,99,2,2770.1764,4,4,5,13,Champions
15991,115,2,2819.0578,3,4,5,12,Loyal Customers
15992,119,2,2884.4478,3,4,5,12,Loyal Customers
15993,218,1,627.24,2,1,3,6,Can't Lose Them
15994,149,2,1323.0382,3,4,4,11,Loyal Customers
15995,135,1,633.9300000000001,3,1,3,7,Potential Loyalists
15996,226,1,564.99,2,1,3,6,Can't Lose Them
15997,9,2,4505.0496,5,4,5,14,Champions
15998,111,1,2148.0481999999997,3,1,4,8,Potential Loyalists
15999,113,1,2106.4096,3,1,4,8,Potential Loyalists
16000,23,2,4598.6824,5,4,5,14,Champions
16001,294,1,9.57,1,1,1,3,Lost Customers
16002,299,1,65.6042,1,1,2,4,Lost Customers
16003,268,1,9.98,1,1,1,3,Lost Customers
16004,108,1,2298.9181999999996,4,1,4,9,Potential Loyalists
16005,145,3,295.6535,3,5,3,11,Loyal Customers
16006,214,1,44.97,2,1,1,4,Lost Customers
16007,121,1,2084.0982,3,1,4,8,Potential Loyalists
16009,87,2,238.58429999999998,4,4,3,11,Loyal Customers
16010,151,1,14.56,3,1,1,5,Potential Loyalists
16011,74,2,3437.9,4,4,5,13,Champions
16012,188,2,140.51,2,4,3,9,At Risk
16013,313,1,91.6915,1,1,2,4,Lost Customers
16014,147,1,14.56,3,1,1,5,Potential Loyalists
16015,340,1,573.6342,1,1,3,5,Can't Lose Them
16016,75,2,199.5242,4,4,3,11,Loyal Customers
16017,149,1,59.980000000000004,3,1,1,5,Potential Loyalists
16018,326,1,86.7015,1,1,2,4,Lost Customers
16019,139,1,582.2784,3,1,3,7,Potential Loyalists
16020,235,1,648.2184,2,1,3,6,Can't Lose Them
16021,183,1,539.99,2,1,3,6,Can't Lose Them
16022,143,1,613.5842,3,1,3,7,Potential Loyalists
16023,140,2,264.84,3,4,3,10,Loyal Customers
16025,22,2,3829.6019,5,4,5,14,Champions
16026,9,2,3804.0782,5,4,5,14,Champions
16027,23,2,3826.3996,5,4,5,14,Champions
16028,13,2,3806.0538,5,4,5,14,Champions
16029,22,2,3806.0538,5,4,5,14,Champions
16030,60,1,74.53999999999999,4,1,2,7,New Customers
16031,24,2,3750.0882,5,4,5,14,Champions
16032,248,2,146.91,2,4,3,9,At Risk
16033,1,3,3741.4698,5,5,5,15,Champions
16034,33,1,16.85,5,1,1,7,New Customers
16036,184,2,109.5642,2,4,2,8,Potential Loyalists
16037,197,1,44.97,2,1,1,4,Lost Customers
16039,312,1,9.98,1,1,1,3,Lost Customers
16040,299,1,98.5942,1,1,2,4,Lost Customers
16041,332,1,94.95,1,1,2,4,Lost Customers
16042,181,1,49.98,2,1,1,4,Lost Customers
16043,22,2,87.5842,5,4,2,11,Potential Loyalists
16044,285,1,73.48,1,1,2,4,Lost Customers
16045,10,3,3806.8255,5,5,5,15,Champions
16046,28,3,3971.09,5,5,5,15,Champions
16047,30,1,4.99,5,1,1,7,New Customers
16048,255,1,43.6242,2,1,1,4,Lost Customers
16049,175,1,43.6242,3,1,1,5,Potential Loyalists
16050,72,2,117.5442,4,4,2,10,Potential Loyalists
16051,19,2,2746.5525,5,4,4,13,Champions
16052,3,2,2741.5325000000003,5,4,4,13,Champions
16053,5,3,3750.4598,5,5,5,15,Champions
16054,10,3,3796.9393,5,5,5,15,Champions
16055,258,1,135.9862,1,1,3,5,Can't Lose Them
16056,94,1,54.559999999999995,4,1,1,6,New Customers
16057,318,1,43.6242,1,1,1,3,Lost Customers
16058,52,2,76.5,4,4,2,10,Potential Loyalists
16059,284,1,146.97,1,1,3,5,Can't Lose Them
16061,137,1,619.55,3,1,3,7,Potential Loyalists
16062,11,1,14.56,5,1,1,7,New Customers
16063,161,1,9.98,3,1,1,5,Potential Loyalists
16064,121,1,14.56,3,1,1,5,Potential Loyalists
16065,109,1,631.8100000000001,4,1,3,8,New Customers
16066,107,1,647.5542,4,1,3,8,New Customers
16067,118,1,709.8,3,1,3,7,Potential Loyalists
16068,101,1,595.8826,4,1,3,8,New Customers
16071,49,2,97.5842,5,4,2,11,Potential Loyalists
16072,77,1,171.27,4,1,3,8,New Customers
16073,16,1,85.7304,5,1,2,8,New Customers
16074,225,1,44.97,2,1,1,4,Lost Customers
16075,63,1,14.56,4,1,1,6,New Customers
16077,100,1,2196.1200000000003,4,1,4,9,Potential Loyalists
16078,108,1,2173.6380000000004,4,1,4,9,Potential Loyalists
16079,110,1,2130.9382,4,1,4,9,Potential Loyalists
16080,111,1,569.5600000000001,3,1,3,7,Potential Loyalists
16081,63,1,2071.4196,4,1,4,9,Potential Loyalists
16082,183,1,43.6242,2,1,1,4,Lost Customers
16083,192,1,583.95,2,1,3,6,Can't Lose Them
16084,13,1,9.98,5,1,1,7,New Customers
16085,178,3,187.1242,3,5,3,11,Loyal Customers
16086,61,1,2158.3796,4,1,4,9,Potential Loyalists
16087,75,1,2124.0781999999995,4,1,4,9,Potential Loyalists
16088,220,1,12.27,2,1,1,4,Lost Customers
16089,56,3,401.5962,4,5,3,12,Loyal Customers
16090,74,1,609.95,4,1,3,8,New Customers
16091,184,1,49.96,2,1,1,4,Lost Customers
16092,95,1,16.85,4,1,1,6,New Customers
16093,91,1,564.96,4,1,3,8,New Customers
16094,105,1,596.84,4,1,3,8,New Customers
16095,82,1,2084.0982,4,1,4,9,Potential Loyalists
16096,64,3,350.2189,4,5,3,12,Loyal Customers
16097,163,3,138.1642,3,5,3,11,Loyal Customers
16098,133,2,2894.3482,3,4,5,12,Loyal Customers
16099,29,1,91.6915,5,1,2,8,New Customers
16100,83,1,2135.0238000000004,4,1,4,9,Potential Loyalists
16101,75,1,2075.9996,4,1,4,9,Potential Loyalists
16102,99,1,587.2384,4,1,3,8,New Customers
16103,144,2,2894.5054999999998,3,4,5,12,Loyal Customers
16104,61,1,2176.3795999999998,4,1,4,9,Potential Loyalists
16105,90,1,2158.0182,4,1,4,9,Potential Loyalists
16106,25,2,178.79840000000002,5,4,3,12,Loyal Customers
16107,227,1,43.6242,2,1,1,4,Lost Customers
16108,70,1,653.9300000000001,4,1,3,8,New Customers
16109,64,1,557.2784,4,1,3,8,New Customers
16110,65,1,672.45,4,1,3,8,New Customers
16111,84,1,2133.0081999999998,4,1,4,9,Potential Loyalists
16112,88,1,2147.5481999999997,4,1,4,9,Potential Loyalists
16113,77,1,2166.6923999999995,4,1,4,9,Potential Loyalists
16114,72,1,2071.4196,4,1,4,9,Potential Loyalists
16115,274,1,21.84,1,1,1,3,Lost Customers
16116,64,1,2115.3796,4,1,4,9,Potential Loyalists
16117,37,1,131.0362,5,1,3,9,New Customers
16118,68,1,2337.3196000000003,4,1,4,9,Potential Loyalists
16119,322,1,22.97,1,1,1,3,Lost Customers
16120,59,1,14.56,4,1,1,6,New Customers
16121,35,1,662.0662,5,1,3,9,New Customers
16122,83,1,594.96,4,1,3,8,New Customers
16123,53,1,649.95,4,1,3,8,New Customers
16124,40,1,645.7004,5,1,3,9,New Customers
16125,25,1,612.2384,5,1,3,9,New Customers
16126,90,1,599.94,4,1,3,8,New Customers
16127,75,1,643.44,4,1,3,8,New Customers
16128,15,1,539.99,5,1,3,9,New Customers
16129,46,1,564.99,5,1,3,9,New Customers
16130,108,1,82.5942,4,1,2,7,New Customers
16131,53,1,173.56,4,1,3,8,New Customers
16132,343,1,2209.1124999999997,1,1,4,6,Can't Lose Them
16133,5,2,129.11,5,4,3,12,Loyal Customers
16134,245,1,27.96,2,1,1,4,Lost Customers
16135,54,1,594.95,4,1,3,8,New Customers
16136,31,1,564.99,5,1,3,9,New Customers
16137,49,1,574.94,5,1,3,9,New Customers
16138,53,1,564.99,4,1,3,8,New Customers
16139,49,1,663.0073,5,1,3,9,New Customers
16140,277,1,2263.274,1,1,4,6,Can't Lose Them
16141,59,1,603.5942,4,1,3,8,New Customers
16142,52,1,597.2284,4,1,3,8,New Customers
16143,256,1,53.94,2,1,1,4,Lost Customers
16144,74,1,2149.0238,4,1,4,9,Potential Loyalists
16145,85,1,2075.9996,4,1,4,9,Potential Loyalists
16146,72,1,2082.7424,4,1,4,9,Potential Loyalists
16147,63,1,2150.5681999999997,4,1,4,9,Potential Loyalists
16148,90,1,2071.4196,4,1,4,9,Potential Loyalists
16149,96,3,242.98000000000002,4,5,3,12,Loyal Customers
16150,47,1,639.96,5,1,3,9,New Customers
16151,57,1,709.2284999999999,4,1,3,8,New Customers
16152,69,1,90.7204,4,1,2,7,New Customers
16153,137,1,44.97,3,1,1,5,Potential Loyalists
16154,169,1,9.98,3,1,1,5,Potential Loyalists
16155,40,2,4262.977800000001,5,4,5,14,Champions
16156,44,2,4098.1964,5,4,5,14,Champions
16157,55,2,4142.8392,4,4,5,13,Champions
16159,5,2,4175.9978,5,4,5,14,Champions
16160,192,2,2674.0482,2,4,4,10,At Risk
16161,154,2,2698.7024,3,4,4,11,Loyal Customers
16162,43,2,245.2704,5,4,3,12,Loyal Customers
16163,115,2,2676.3596000000002,3,4,4,11,Loyal Customers
16164,105,2,2664.0681999999997,4,4,4,12,Champions
16165,98,2,106.02,4,4,2,10,Potential Loyalists
16166,76,2,148.76420000000002,4,4,3,11,Loyal Customers
16167,10,2,131.2142,5,4,3,12,Loyal Customers
16168,273,2,122.63,1,4,2,7,Potential Loyalists
16169,29,2,4154.162,5,4,5,14,Champions
16170,131,1,94.55,3,1,2,6,Potential Loyalists
16171,231,2,141.0742,2,4,3,9,At Risk
16172,66,2,251.2604,4,4,3,11,Loyal Customers
16173,208,2,90.41,2,4,2,8,Potential Loyalists
16174,192,2,157.42000000000002,2,4,3,9,At Risk
16175,138,1,66.53,3,1,2,6,Potential Loyalists
16176,24,2,4155.507799999999,5,4,5,14,Champions
16177,166,2,200.8504,3,4,3,10,Loyal Customers
16178,39,2,148.76420000000002,5,4,3,12,Loyal Customers
16179,37,2,146.70000000000002,5,4,3,12,Loyal Customers
16180,24,2,4145.4664,5,4,5,14,Champions
16181,6,2,207.6842,5,4,3,12,Loyal Customers
16182,9,2,112.95,5,4,2,11,Potential Loyalists
16183,228,2,62.54,2,4,2,8,Potential Loyalists
16184,55,2,120.0642,4,4,2,10,Potential Loyalists
16185,221,2,53.97,2,4,1,7,Potential Loyalists
16186,181,1,89.96,2,1,2,5,Lost Customers
16187,35,2,74.83,5,4,2,11,Potential Loyalists
16188,30,1,49.96,5,1,1,7,New Customers
16189,20,2,131.2184,5,4,3,12,Loyal Customers
16190,25,2,106.5873,5,4,2,11,Potential Loyalists
16191,68,1,9.98,4,1,1,6,New Customers
16192,243,2,125.5554,2,4,3,9,At Risk
16193,245,2,117.44,2,4,2,8,Potential Loyalists
16194,278,1,95.6343,1,1,2,4,Lost Customers
16195,219,1,125.44999999999999,2,1,3,6,Can't Lose Them
16196,122,3,7024.7496,3,5,5,13,Loyal Customers
16197,58,2,2755.1967,4,4,4,12,Champions
16198,170,2,164.5362,3,4,3,10,Loyal Customers
16199,130,3,6693.6807,3,5,5,13,Loyal Customers
16200,247,2,148.1984,2,4,3,9,At Risk
16201,159,2,3058.0125,3,4,5,12,Loyal Customers
16202,80,1,31.27,4,1,1,6,New Customers
16203,71,3,6727.5391,4,5,5,14,Champions
16204,55,3,6928.7996,4,5,5,14,Champions
16205,47,3,6762.6206999999995,5,5,5,15,Champions
16206,124,3,6996.3808,3,5,5,13,Loyal Customers
16207,117,3,6996.1897,3,5,5,13,Loyal Customers
16208,298,1,151.6715,1,1,3,5,Can't Lose Them
16209,327,1,61.94,1,1,2,4,Lost Customers
16210,12,1,722.89,5,1,3,9,New Customers
16211,26,1,608.95,5,1,3,9,New Customers
16212,12,1,43.6242,5,1,1,7,New Customers
16213,77,3,188.2315,4,5,3,12,Loyal Customers
16214,271,1,30.46,1,1,1,3,Lost Customers
16215,6,1,640.84,5,1,3,9,New Customers
16216,23,1,663.5081,5,1,3,9,New Customers
16217,121,1,129.98,3,1,3,7,Potential Loyalists
16218,349,1,574.98,1,1,3,5,Can't Lose Them
16219,201,1,567.95,2,1,3,6,Can't Lose Them
16220,156,1,585.2384,3,1,3,7,Potential Loyalists
16221,315,1,596.6042,1,1,3,5,Can't Lose Them
16222,316,1,582.97,1,1,3,5,Can't Lose Them
16223,316,1,594.2284,1,1,3,5,Can't Lose Them
16224,304,1,572.53,1,1,3,5,Can't Lose Them
16225,299,1,567.95,1,1,3,5,Can't Lose Them
16226,299,1,562.96,1,1,3,5,Can't Lose Them
16227,331,1,100.67150000000001,1,1,2,4,Lost Customers
16228,17,1,624.94,5,1,3,9,New Customers
16229,21,1,602.24,5,1,3,9,New Customers
16230,10,1,618.98,5,1,3,9,New Customers
16231,350,1,2262.2298,1,1,4,6,Can't Lose Them
16232,313,1,2214.1625,1,1,4,6,Can't Lose Them
16234,208,1,41.94,2,1,1,4,Lost Customers
16235,312,1,2181.5625,1,1,4,6,Can't Lose Them
16236,94,1,108.9799,4,1,2,7,New Customers
16237,300,1,2255.7867,1,1,4,6,Can't Lose Them
16238,262,1,30.87,1,1,1,3,Lost Customers
16241,106,2,147.5942,4,4,3,11,Loyal Customers
16242,187,1,9.57,2,1,1,4,Lost Customers
16243,123,2,113.94999999999999,3,4,2,9,Potential Loyalists
16244,75,1,2127.7224,4,1,4,9,Potential Loyalists
16246,203,1,25.880000000000003,2,1,1,4,Lost Customers
16247,158,3,168.3384,3,5,3,11,Loyal Customers
16248,239,1,43.6242,2,1,1,4,Lost Customers
16249,242,1,27.96,2,1,1,4,Lost Customers
16250,0,2,4264.3049,5,4,5,14,Champions
16251,10,2,31.96,5,4,1,10,Potential Loyalists
16252,56,2,2780.1967,4,4,5,13,Champions
16253,41,2,2721.5525,5,4,4,13,Champions
16254,309,1,49.98,1,1,1,3,Lost Customers
16255,254,1,212.97,2,1,3,6,Can't Lose Them
16256,115,2,81.96000000000001,3,4,2,9,Potential Loyalists
16258,9,1,95.5942,5,1,2,8,New Customers
16259,20,2,2755.1967,5,4,4,13,Champions
16260,142,2,3016.0025,3,4,5,12,Loyal Customers
16261,46,3,6961.5644,5,5,5,15,Champions
16262,15,3,6724.9721,5,5,5,15,Champions
16263,100,3,7029.4382,4,5,5,14,Champions
16264,34,2,87.58420000000001,5,4,2,11,Potential Loyalists
16265,87,1,56.849999999999994,4,1,1,6,New Customers
16266,175,1,91.60419999999999,3,1,2,6,Potential Loyalists
16267,36,2,3037.33,5,4,5,14,Champions
16268,13,2,2813.3825,5,4,5,14,Champions
16269,17,2,2811.0924999999997,5,4,5,14,Champions
16270,26,2,2785.1567,5,4,5,14,Champions
16271,13,2,3066.5684,5,4,5,14,Champions
16272,135,2,3021.0425,3,4,5,12,Loyal Customers
16273,28,2,2824.1567,5,4,5,14,Champions
16275,139,2,3282.83,3,4,5,12,Loyal Customers
16276,16,1,9.57,5,1,1,7,New Customers
16277,143,2,3016.4082,3,4,5,12,Loyal Customers
16278,22,2,2991.9842,5,4,5,14,Champions
16279,92,1,60.9126,4,1,2,7,New Customers
16280,54,1,17.93,4,1,1,6,New Customers
16281,183,1,91.60419999999999,2,1,2,5,Lost Customers
16282,181,2,94.4542,2,4,2,8,Potential Loyalists
16283,86,1,92.95,4,1,2,7,New Customers
16284,198,1,19.55,2,1,1,4,Lost Customers
16286,26,3,6672.042100000001,5,5,5,15,Champions
16287,28,2,4292.5621,5,4,5,14,Champions
16288,18,2,2812.4925000000003,5,4,5,14,Champions
16289,2,2,2810.4925000000003,5,4,5,14,Champions
16290,28,2,2858.9725,5,4,5,14,Champions
16291,340,2,4658.5567,1,4,5,10,At Risk
16292,277,1,64.56,1,1,2,4,Lost Customers
16293,179,1,9.98,3,1,1,5,Potential Loyalists
16294,175,1,27.96,3,1,1,5,Potential Loyalists
16295,285,1,186.7677,1,1,3,5,Can't Lose Them
16296,26,1,156.9599,5,1,3,9,New Customers
16297,65,3,6643.7207,4,5,5,14,Champions
16298,88,3,6795.5247,4,5,5,14,Champions
16299,247,1,14.97,2,1,1,4,Lost Customers
16300,8,2,135.6515,5,4,3,12,Loyal Customers
16301,286,1,108.89259999999999,1,1,2,4,Lost Customers
16302,248,1,49.98,2,1,1,4,Lost Customers
16304,241,1,48.5381,2,1,1,4,Lost Customers
16305,14,2,2983.34,5,4,5,14,Champions
16307,68,3,6692.3349,4,5,5,14,Champions
16308,5,2,4316.586300000001,5,4,5,14,Champions
16309,89,3,6679.6807,4,5,5,14,Champions
16310,68,3,5806.8823999999995,4,5,5,14,Champions
16311,357,2,3025.5924999999997,1,4,5,10,At Risk
16312,36,1,66.6142,5,1,2,8,New Customers
16313,364,2,4730.9398,1,4,5,10,At Risk
16314,178,2,157.63150000000002,3,4,3,10,Loyal Customers
16315,67,1,57.959999999999994,4,1,1,6,New Customers
16316,345,2,4398.015,1,4,5,10,At Risk
16317,104,2,2999.1198,4,4,5,13,Champions
16318,117,2,3059.6467000000002,3,4,5,12,Loyal Customers
16319,278,1,54.559999999999995,1,1,1,3,Lost Customers
16320,301,1,122.06620000000001,1,1,2,4,Lost Customers
16321,153,1,91.6915,3,1,2,6,Potential Loyalists
16322,133,1,57.959999999999994,3,1,1,5,Potential Loyalists
16323,130,1,49.98,3,1,1,5,Potential Loyalists
16324,321,2,3316.4442,1,4,5,10,At Risk
16325,36,2,188.53,5,4,3,12,Loyal Customers
16326,262,1,74.97,1,1,2,4,Lost Customers
16327,335,2,4417.3634,1,4,5,10,At Risk
16328,101,2,2999.1198,4,4,5,13,Champions
16329,100,2,3331.34,4,4,5,13,Champions
16330,221,1,60.25,2,1,2,5,Lost Customers
16331,271,2,106.12,1,4,2,7,Potential Loyalists
16332,5,2,204.1342,5,4,3,12,Loyal Customers
16333,206,1,77.60419999999999,2,1,2,5,Lost Customers
16334,331,1,92.87,1,1,2,4,Lost Customers
16335,96,1,56.94,4,1,1,6,New Customers
16336,88,1,115.6143,4,1,2,7,New Customers
16337,32,1,19.55,5,1,1,7,New Customers
16338,241,2,224.4481,2,4,3,9,At Risk
16339,354,2,3049.5357,1,4,5,10,At Risk
16340,274,1,622.94,1,1,3,5,Can't Lose Them
16341,81,2,143.8,4,4,3,11,Loyal Customers
16342,32,1,91.0562,5,1,2,8,New Customers
16343,58,2,121.49,4,4,2,10,Potential Loyalists
16344,68,1,2049.0982,4,1,4,9,Potential Loyalists
16345,72,1,624.95,4,1,3,8,New Customers
16346,5,2,77.39,5,4,2,11,Potential Loyalists
16347,6,1,2102.2882,5,1,4,10,Potential Loyalists
16348,5,1,2102.7224,5,1,4,10,Potential Loyalists
16349,10,1,2071.4196,5,1,4,10,Potential Loyalists
16350,5,1,2116.9082,5,1,4,10,Potential Loyalists
16351,25,1,2049.0982,5,1,4,10,Potential Loyalists
16352,27,1,2144.8296,5,1,4,10,Potential Loyalists
16353,201,1,147.6515,2,1,3,6,Can't Lose Them
16354,293,1,574.98,1,1,3,5,Can't Lose Them
16355,282,1,93.03730000000002,1,1,2,4,Lost Customers
16356,165,1,19.55,3,1,1,5,Potential Loyalists
16357,123,1,9.98,3,1,1,5,Potential Loyalists
16358,94,4,140.9,4,5,3,12,Loyal Customers
16359,136,1,14.56,3,1,1,5,Potential Loyalists
16360,301,1,562.96,1,1,3,5,Can't Lose Them
16361,291,1,2257.1324999999997,1,1,4,6,Can't Lose Them
16362,253,1,2226.7225,2,1,4,7,Can't Lose Them
16363,283,1,2233.0706,1,1,4,6,Can't Lose Them
16364,248,1,2226.7225,2,1,4,7,Can't Lose Them
16365,42,1,2238.6325,5,1,4,10,Potential Loyalists
16366,47,1,2301.5625,5,1,4,10,Potential Loyalists
16367,61,1,43.6242,4,1,1,6,New Customers
16369,117,1,53.94,3,1,1,5,Potential Loyalists
16370,19,1,21.98,5,1,1,7,New Customers
16371,195,1,58.04730000000001,2,1,1,4,Lost Customers
16372,267,1,2233.0025,1,1,4,6,Can't Lose Them
16373,255,1,2319.2867,2,1,4,7,Can't Lose Them
16374,8,1,30.46,5,1,1,7,New Customers
16375,226,1,2216.5525,2,1,4,7,Can't Lose Them
16376,56,1,9.57,4,1,1,6,New Customers
16377,307,1,22.278399999999998,1,1,1,3,Lost Customers
16378,14,1,27.2684,5,1,1,7,New Customers
16379,25,1,63.97,5,1,2,8,New Customers
16380,26,2,194.0273,5,4,3,12,Loyal Customers
16381,302,1,9.98,1,1,1,3,Lost Customers
16382,264,1,69.96000000000001,1,1,2,4,Lost Customers
16383,299,1,63.97,1,1,2,4,Lost Customers
16384,330,1,12.27,1,1,1,3,Lost Customers
16385,205,1,90.7204,2,1,2,5,Lost Customers
16386,124,2,135.3157,3,4,3,10,Loyal Customers
16387,9,2,106.6615,5,4,2,11,Potential Loyalists
16388,351,2,4429.7192,1,4,5,10,At Risk
16389,256,2,4391.085,2,4,5,11,At Risk
16390,261,2,4395.725,1,4,5,10,At Risk
16391,343,2,4363.125,1,4,5,10,At Risk
16392,88,3,5537.8121,4,5,5,14,Champions
16393,74,3,5594.5236,4,5,5,14,Champions
16394,351,2,4398.115,1,4,5,10,At Risk
16395,303,1,91.60419999999999,1,1,2,4,Lost Customers
16396,267,1,64.53999999999999,1,1,2,4,Lost Customers
16397,149,1,89.96,3,1,2,6,Potential Loyalists
16398,291,1,105.0562,1,1,2,4,Lost Customers
16399,286,1,59.55,1,1,1,3,Lost Customers
16400,334,2,4699.1367,1,4,5,10,At Risk
16401,50,2,113.1742,5,4,2,11,Potential Loyalists
16402,22,1,9.98,5,1,1,7,New Customers
16403,18,1,54.94,5,1,1,7,New Customers
16404,62,3,5776.868,4,5,5,14,Champions
16405,317,2,3260.9073,1,4,5,10,At Risk
16406,330,2,3110.0525,1,4,5,10,At Risk
16408,283,2,4450.065,1,4,5,10,At Risk
16409,230,2,4699.968699999999,2,4,5,11,At Risk
16410,79,2,3280.6499999999996,4,4,5,13,Champions
16411,239,2,4396.769200000001,2,4,5,11,At Risk
16412,252,2,4662.0925,2,4,5,11,At Risk
16413,297,1,75.86,1,1,2,4,Lost Customers
16414,213,2,4657.5125,2,4,5,11,At Risk
16415,247,2,4677.1909,2,4,5,11,At Risk
16416,252,2,4706.624,2,4,5,11,At Risk
16417,78,2,2999.1198,4,4,5,13,Champions
16418,317,1,54.559999999999995,1,1,1,3,Lost Customers
16419,60,1,52.269999999999996,4,1,1,6,New Customers
16420,77,2,2966.9525,4,4,5,13,Champions
16421,59,1,60.25,4,1,2,7,New Customers
16422,179,2,4386.975,3,4,5,12,Loyal Customers
16423,88,1,112.95,4,1,2,7,New Customers
16424,84,3,5511.792100000001,4,5,5,14,Champions
16425,87,3,5472.4121,4,5,5,14,Champions
16426,56,3,5544.7491,4,5,5,14,Champions
16427,330,2,2996.9551,1,4,5,10,At Risk
16428,84,2,3024.6666999999998,4,4,5,13,Champions
16429,159,2,4704.4725,3,4,5,12,Loyal Customers
16430,232,2,4396.075,2,4,5,11,At Risk
16431,234,2,4530.2212,2,4,5,11,At Risk
16432,192,2,4381.105,2,4,5,11,At Risk
16433,208,2,4434.705,2,4,5,11,At Risk
16434,208,1,103.60419999999999,2,1,2,5,Lost Customers
16435,11,1,12.56,5,1,1,7,New Customers
16436,178,2,4441.3392,3,4,5,12,Loyal Customers
16437,198,2,60.8842,2,4,2,8,Potential Loyalists
16438,245,1,49.98,2,1,1,4,Lost Customers
16439,121,1,49.98,3,1,1,5,Potential Loyalists
16440,304,1,57.959999999999994,1,1,1,3,Lost Customers
16441,315,1,24.99,1,1,1,3,Lost Customers
16442,154,2,4665.4925,3,4,5,12,Loyal Customers
16444,291,2,3278.8873,1,4,5,10,At Risk
16445,51,2,3272.8199999999997,5,4,5,14,Champions
16446,55,2,3093.0325000000003,4,5,5,14,Champions
16447,212,2,3009.6666999999998,2,5,5,12,At Risk
16448,73,3,6670.2433,4,5,5,14,Champions
16449,216,2,58.184200000000004,2,5,1,8,Potential Loyalists
16450,77,1,75.94,4,1,2,7,New Customers
16451,124,2,4379.025,3,5,5,13,Loyal Customers
16453,64,2,26.830000000000002,4,5,1,10,Potential Loyalists
16454,248,2,59.53000000000001,2,5,1,8,Potential Loyalists
16455,275,1,57.959999999999994,1,1,1,3,Lost Customers
16456,113,1,94.95,3,1,2,6,Potential Loyalists
16457,136,1,179.95999999999998,3,1,3,7,Potential Loyalists
16458,275,1,49.98,1,1,1,3,Lost Customers
16459,267,2,58.1842,1,5,1,7,Potential Loyalists
16460,35,2,58.1842,5,5,1,11,Potential Loyalists
16461,35,2,3284.4554,5,5,5,15,Champions
16463,199,1,127.77,2,1,3,6,Can't Lose Them
16464,112,2,53.6042,3,5,1,9,Potential Loyalists
16465,57,2,3305.0584,4,5,5,14,Champions
16466,92,2,4363.125,4,5,5,14,Champions
16467,75,1,4.99,4,1,1,6,New Customers
16468,111,1,92.95,3,1,2,6,Potential Loyalists
16469,255,1,95.5942,2,1,2,5,Lost Customers
16470,230,2,3021.0425,2,5,5,12,At Risk
16471,25,1,105.0562,5,1,2,8,New Customers
16472,57,1,54.559999999999995,4,1,1,6,New Customers
16473,84,1,49.98,4,1,1,6,New Customers
16474,274,1,49.98,1,1,1,3,Lost Customers
16475,110,2,4419.7392,4,5,5,14,Champions
16476,134,2,4453.705,3,5,5,13,Loyal Customers
16477,315,1,48.6142,1,1,1,3,Lost Customers
16478,77,1,2186.9981999999995,4,1,4,9,Potential Loyalists
16479,36,3,223.0842,5,5,3,13,Loyal Customers
16480,182,1,119.93,2,1,2,5,Lost Customers
16481,7,2,243.87,5,5,3,13,Loyal Customers
16482,310,1,1082.149,1,1,4,6,Can't Lose Them
16483,37,1,539.99,5,1,3,9,New Customers
16484,56,1,624.54,4,1,3,8,New Customers
16485,77,1,39.980000000000004,4,1,1,6,New Customers
16486,301,1,98.95,1,1,2,4,Lost Customers
16487,163,2,80.88419999999999,3,5,2,10,Potential Loyalists
16488,283,1,148.8826,1,1,3,5,Can't Lose Them
16489,232,2,153.1054,2,5,3,10,At Risk
16490,222,1,2215.2067,2,1,4,7,Can't Lose Them
16492,59,1,37.6342,4,1,1,6,New Customers
16493,8,1,618.98,5,1,3,9,New Customers
16494,12,1,2142.3096,5,1,4,10,Potential Loyalists
16495,23,1,2181.7124,5,1,4,10,Potential Loyalists
16496,3,1,2160.3596000000002,5,1,4,10,Potential Loyalists
16497,18,4,202.9304,5,5,3,13,Loyal Customers
16498,112,1,49.96,3,1,1,5,Potential Loyalists
16499,5,1,9.98,5,1,1,7,New Customers
16500,251,1,606.5842,2,1,3,6,Can't Lose Them
16501,117,1,9.98,3,1,1,5,Potential Loyalists
16503,224,1,9.98,2,1,1,4,Lost Customers
16504,266,1,602.94,1,1,3,5,Can't Lose Them
16505,17,1,43.6242,5,1,1,7,New Customers
16506,177,2,122.0781,3,5,2,10,Potential Loyalists
16508,126,1,137.94,3,1,3,7,Potential Loyalists
16509,51,2,3314.73,5,5,5,15,Champions
16510,263,1,52.269999999999996,1,1,1,3,Lost Customers
16511,165,2,58.184200000000004,3,5,1,9,Potential Loyalists
16512,227,2,3260.9073,2,5,5,12,At Risk
16513,142,2,4419.6050000000005,3,5,5,13,Loyal Customers
16514,320,1,1071.7159,1,1,4,6,Can't Lose Them
16515,284,1,1035.4275,1,1,4,6,Can't Lose Them
16516,289,1,1034.0817,1,1,3,5,Can't Lose Them
16517,280,1,1000.4375,1,1,3,5,Can't Lose Them
16518,276,1,1000.4375,1,1,3,5,Can't Lose Them
16519,262,1,1054.4275,1,1,4,6,Can't Lose Them
16520,265,1,1058.3975,1,1,4,6,Can't Lose Them
16521,270,1,1000.4375,1,1,3,5,Can't Lose Them
16522,263,1,1000.4375,1,1,3,5,Can't Lose Them
16523,265,1,1000.4375,1,1,3,5,Can't Lose Them
16524,243,1,1035.4275,2,1,4,7,Can't Lose Them
16525,235,1,1054.4275,2,1,4,7,Can't Lose Them
16526,199,1,1081.1779,2,1,4,7,Can't Lose Them
16527,185,1,1054.4275,2,1,4,7,Can't Lose Them
16528,189,1,1000.4375,2,1,3,6,Can't Lose Them
16529,192,1,1054.4275,2,1,4,7,Can't Lose Them
16530,27,2,2999.1198,5,5,5,15,Champions
16531,18,2,3335.0784,5,5,5,15,Champions
16532,98,2,4658.5567,4,5,5,14,Champions
16533,95,2,4454.585,4,5,5,14,Champions
16534,67,2,4562.705,4,5,5,14,Champions
16535,207,1,75.2484,2,1,2,5,Lost Customers
16536,210,1,54.559999999999995,2,1,1,4,Lost Customers
16537,215,1,49.98,2,1,1,4,Lost Customers
16538,82,2,4398.115,4,5,5,14,Champions
16539,324,1,108.96000000000001,1,1,2,4,Lost Customers
16540,36,2,4437.349200000001,5,5,5,15,Champions
16541,18,2,3050.0025,5,5,5,15,Champions
16542,2,2,53.604200000000006,5,5,1,11,Potential Loyalists
16543,111,2,65.9026,3,5,2,10,Potential Loyalists
16544,148,1,57.959999999999994,3,1,1,5,Potential Loyalists
16545,77,1,62.54,4,1,2,7,New Customers
16546,15,2,3058.5125,5,5,5,15,Champions
16547,88,2,4656.8724999999995,4,5,5,14,Champions
16549,56,2,4667.2009,4,5,5,14,Champions
16550,14,2,2999.1198,5,5,5,15,Champions
16551,33,2,4795.646,5,5,5,15,Champions
16552,42,2,4728.9925,5,5,5,15,Champions
16553,211,2,2999.1198,2,5,5,12,At Risk
16554,13,2,3038.0987,5,5,5,15,Champions
16555,100,1,41.54,4,1,1,6,New Customers
16556,189,1,138.91,2,1,3,6,Can't Lose Them
16557,276,1,66.53,1,1,2,4,Lost Customers
16558,278,1,49.98,1,1,1,3,Lost Customers
16559,5,2,4449.9834,5,5,5,15,Champions
16560,4,2,4381.105,5,5,5,15,Champions
16561,7,2,3038.3309,5,5,5,15,Champions
16562,186,2,2999.1198,2,5,5,12,At Risk
16563,172,2,99.2084,3,5,2,10,Potential Loyalists
16564,124,2,144.54,3,5,3,11,Loyal Customers
16565,53,3,7004.972400000001,4,5,5,14,Champions
16566,30,3,5615.7221,5,5,5,15,Champions
16567,54,3,6916.0982,4,5,5,14,Champions
16568,319,1,74.96000000000001,1,1,2,4,Lost Customers
16569,356,2,3936.5425,1,5,5,11,At Risk
16570,343,2,4242.3873,1,5,5,11,At Risk
16571,14,2,75.84,5,5,2,12,Potential Loyalists
16572,12,2,4624.9125,5,5,5,15,Champions
16573,11,2,2999.1198,5,5,5,15,Champions
16574,32,2,53.6042,5,5,1,11,Potential Loyalists
16575,117,3,6767.3578,3,5,5,13,Loyal Customers
16577,147,1,84.96000000000001,3,1,2,6,Potential Loyalists
16578,53,1,74.98,4,1,2,7,New Customers
16579,54,2,120.2284,4,5,2,11,Potential Loyalists
16580,145,3,5234.2564,3,5,5,13,Loyal Customers
16581,64,1,65.46000000000001,4,1,2,7,New Customers
16582,308,1,35.0,1,1,1,3,Lost Customers
16584,167,2,186.2384,3,5,3,11,Loyal Customers
16585,98,3,6945.1524,4,5,5,14,Champions
16586,155,1,69.99000000000001,3,1,2,6,Potential Loyalists
16587,122,3,6834.002,3,5,5,13,Loyal Customers
16588,114,3,6783.6363,3,5,5,13,Loyal Customers
16589,102,3,7096.0638,4,5,5,14,Champions
16590,132,2,178.9699,3,5,3,11,Loyal Customers
16591,53,2,151.2484,4,5,3,12,Loyal Customers
16592,288,1,78.6242,1,1,2,4,Lost Customers
16593,222,2,131.6462,2,5,3,10,At Risk
16594,117,3,6986.443800000001,3,5,5,13,Loyal Customers
16595,112,3,6661.828799999999,3,5,5,13,Loyal Customers
16596,129,2,4250.6407,3,5,5,13,Loyal Customers
16597,300,1,108.48,1,1,2,4,Lost Customers
16598,93,3,6894.4982,4,5,5,14,Champions
16599,9,2,175.1335,5,5,3,13,Loyal Customers
16600,225,1,126.6915,2,1,3,6,Can't Lose Them
16601,42,2,107.7826,5,5,2,12,Potential Loyalists
16602,116,2,86.84,3,5,2,10,Potential Loyalists
16603,137,3,6788.213100000001,3,5,5,13,Loyal Customers
16604,64,1,77.60419999999999,4,1,2,7,New Customers
16605,5,2,118.53,5,5,2,12,Potential Loyalists
16606,133,2,101.74,3,5,2,10,Potential Loyalists
16607,21,1,2097.6382,5,1,4,10,Potential Loyalists
16608,36,2,134.20420000000001,5,5,3,13,Loyal Customers
16609,268,2,393.0,1,5,3,9,At Risk
16610,265,2,102.56,1,5,2,8,Potential Loyalists
16611,30,2,80.52,5,5,2,12,Potential Loyalists
16612,1,1,2071.4196,5,1,4,10,Potential Loyalists
16613,129,2,187.8804,3,5,3,11,Loyal Customers
16614,41,2,139.12,5,5,3,13,Loyal Customers
16615,181,2,185.05,2,5,3,10,At Risk
16616,23,1,2098.6582,5,1,4,10,Potential Loyalists
16617,105,2,195.53,4,5,3,12,Loyal Customers
16618,27,2,94.7,5,5,2,12,Potential Loyalists
16619,159,2,126.2242,3,5,3,11,Loyal Customers
16620,25,1,2071.0782,5,1,4,10,Potential Loyalists
16621,107,2,117.41,4,5,2,11,Potential Loyalists
16622,136,1,44.57,3,1,1,5,Potential Loyalists
16623,20,1,2155.0338,5,1,4,10,Potential Loyalists
16624,5,1,2121.3896,5,1,4,10,Potential Loyalists
16625,177,2,131.02,3,5,3,11,Loyal Customers
16626,221,2,110.54,2,5,2,9,Potential Loyalists
16627,181,2,127.15,2,5,3,10,At Risk
16628,6,2,222.56,5,5,3,13,Loyal Customers
16629,18,1,2106.4196,5,1,4,10,Potential Loyalists
16630,23,1,2150.0438000000004,5,1,4,10,Potential Loyalists
16631,6,1,2075.9996,5,1,4,10,Potential Loyalists
16632,75,2,105.14,4,5,2,11,Potential Loyalists
16633,160,1,78.2142,3,1,2,6,Potential Loyalists
16634,67,2,149.17419999999998,4,5,3,12,Loyal Customers
16635,253,1,41.17,2,1,1,4,Lost Customers
16636,18,1,2131.1844,5,1,4,10,Potential Loyalists
16638,14,1,2191.3496,5,1,4,10,Potential Loyalists
16639,9,1,2091.3996,5,1,4,10,Potential Loyalists
16640,253,1,104.95,2,1,2,5,Lost Customers
16641,63,1,2211.6724999999997,4,1,4,9,Potential Loyalists
16642,32,1,38.6342,5,1,1,7,New Customers
16643,228,2,125.6142,2,5,3,10,At Risk
16644,153,1,9.98,3,1,1,5,Potential Loyalists
16645,79,1,2110.9996,4,1,4,9,Potential Loyalists
16646,5,2,277.343,5,5,3,13,Loyal Customers
16647,101,1,58.04730000000001,4,1,1,6,New Customers
16648,18,1,14.56,5,1,1,7,New Customers
16649,5,2,171.1884,5,5,3,13,Loyal Customers
16650,52,1,9.98,4,1,1,6,New Customers
16651,35,1,27.2684,5,1,1,7,New Customers
16652,156,1,53.96000000000001,3,1,1,5,Potential Loyalists
16653,80,1,2171.0481999999997,4,1,4,9,Potential Loyalists
16654,142,2,2838.7066,3,5,5,13,Loyal Customers
16655,106,1,38.6342,4,1,1,6,New Customers
16656,10,1,2126.7024,5,1,4,10,Potential Loyalists
16657,22,1,2078.2896,5,1,4,10,Potential Loyalists
16658,14,1,2049.0982,5,1,4,10,Potential Loyalists
16659,19,1,2049.0982,5,1,4,10,Potential Loyalists
16660,16,1,2071.4196,5,1,4,10,Potential Loyalists
16661,19,1,2084.0881999999997,5,1,4,10,Potential Loyalists
16662,344,1,793.34,1,1,3,5,Can't Lose Them
16663,318,1,893.47,1,1,3,5,Can't Lose Them
16664,331,1,829.47,1,1,3,5,Can't Lose Them
16665,59,2,163.97,4,5,3,12,Loyal Customers
16666,154,2,225.1323,3,5,3,11,Loyal Customers
16667,61,3,114.92,4,5,2,11,Potential Loyalists
16668,250,1,621.94,2,1,3,6,Can't Lose Them
16669,56,1,9.98,4,1,1,6,New Customers
16670,218,1,2215.2067,2,1,4,7,Can't Lose Them
16671,15,1,9.98,5,1,1,7,New Customers
16672,192,1,14.56,2,1,1,4,Lost Customers
16673,181,1,2230.8109,2,1,4,7,Can't Lose Them
16674,121,2,149.69,3,5,3,11,Loyal Customers
16675,314,1,849.02,1,1,3,5,Can't Lose Them
16676,100,1,27.2684,4,1,1,6,New Customers
16677,149,1,27.2684,3,1,1,5,Potential Loyalists
16678,123,2,2918.1397,3,5,5,13,Loyal Customers
16679,271,2,140.1942,1,5,3,9,At Risk
16680,72,2,170.7742,4,5,3,12,Loyal Customers
16681,171,2,75.15,3,5,2,10,Potential Loyalists
16682,49,2,70.57000000000001,5,5,2,12,Potential Loyalists
16683,146,2,102.15,3,5,2,10,Potential Loyalists
16684,27,1,594.95,5,1,3,9,New Customers
16685,18,1,634.94,5,1,3,9,New Customers
16686,4,1,617.0462,5,1,3,9,New Customers
16687,345,1,2243.1667,1,1,4,6,Can't Lose Them
16688,363,1,2262.3029,1,1,4,6,Can't Lose Them
16689,129,2,322.0842,3,5,3,11,Loyal Customers
16690,88,2,197.70420000000001,4,5,3,12,Loyal Customers
16691,289,1,893.47,1,1,3,5,Can't Lose Them
16692,133,2,37.55,3,5,1,9,Potential Loyalists
16693,358,1,2226.7225,1,1,4,6,Can't Lose Them
16694,92,2,121.41,4,5,2,11,Potential Loyalists
16695,59,2,118.0,4,5,2,11,Potential Loyalists
16696,295,1,928.49,1,1,3,5,Can't Lose Them
16697,84,2,146.1181,4,5,3,12,Loyal Customers
16698,224,1,204.16,2,1,3,6,Can't Lose Them
16699,92,2,102.56,4,5,2,11,Potential Loyalists
16700,185,2,131.95,2,5,3,10,At Risk
16701,282,1,857.46,1,1,3,5,Can't Lose Them
16702,356,1,2181.5625,1,1,4,6,Can't Lose Them
16703,327,1,2264.5125,1,1,4,6,Can't Lose Them
16704,168,2,133.51999999999998,3,5,3,11,Loyal Customers
16705,48,2,141.2384,5,5,3,13,Loyal Customers
16706,89,2,122.6142,4,5,2,11,Potential Loyalists
16707,265,1,829.47,1,1,3,5,Can't Lose Them
16708,246,1,833.46,2,1,3,6,Can't Lose Them
16709,155,2,179.9,3,5,3,11,Loyal Customers
16710,1,2,158.52,5,5,3,13,Loyal Customers
16711,168,2,144.8926,3,5,3,11,Loyal Customers
16712,256,1,839.48,2,1,3,6,Can't Lose Them
16713,322,1,2264.5125,1,1,4,6,Can't Lose Them
16714,145,1,85.7304,3,1,2,6,Potential Loyalists
16715,125,1,12.27,3,1,1,5,Potential Loyalists
16716,263,1,52.88,1,1,1,3,Lost Customers
16717,102,3,298.3104,4,5,3,12,Loyal Customers
16718,40,1,27.96,5,1,1,7,New Customers
16719,70,1,43.6242,4,1,1,6,New Customers
16720,179,1,43.6242,3,1,1,5,Potential Loyalists
16721,263,1,23.779999999999998,1,1,1,3,Lost Customers
16722,30,1,9.98,5,1,1,7,New Customers
16724,56,1,44.97,4,1,1,6,New Customers
16725,19,1,27.96,5,1,1,7,New Customers
16726,2,1,14.56,5,1,1,7,New Customers
16727,210,1,2197.4625,2,1,4,7,Can't Lose Them
16728,201,1,2181.5625,2,1,4,7,Can't Lose Them
16729,74,2,55.86,4,5,1,10,Potential Loyalists
16730,26,1,77.96000000000001,5,1,2,8,New Customers
16732,161,1,2189.5125,3,1,4,8,Potential Loyalists
16733,143,2,66.53,3,5,2,10,Potential Loyalists
16734,199,2,152.03730000000002,2,5,3,10,At Risk
16735,128,1,63.97,3,1,2,6,Potential Loyalists
16736,195,1,64.97,2,1,2,5,Lost Customers
16737,102,1,9.98,4,1,1,6,New Customers
16738,221,2,89.2084,2,5,2,9,Potential Loyalists
16739,63,2,114.59729999999999,4,5,2,11,Potential Loyalists
16740,316,1,2264.0325,1,1,4,6,Can't Lose Them
16741,282,1,2215.2067,1,1,4,6,Can't Lose Them
16742,288,1,2236.4925,1,1,4,6,Can't Lose Them
16743,273,1,2252.1567,1,1,4,6,Can't Lose Them
16744,294,1,2243.1667,1,1,4,6,Can't Lose Them
16745,281,1,2181.5625,1,1,4,6,Can't Lose Them
16746,302,1,90.7204,1,1,2,4,Lost Customers
16747,180,1,2222.1425,2,1,4,7,Can't Lose Them
16748,20,1,63.97,5,1,2,8,New Customers
16749,23,1,87.5842,5,1,2,8,New Customers
16750,281,1,14.56,1,1,1,3,Lost Customers
16751,160,1,2244.5125,3,1,4,8,Potential Loyalists
16752,132,1,2278.4925,3,1,4,8,Potential Loyalists
16753,70,1,2071.4196,4,1,4,9,Potential Loyalists
16754,147,2,2886.2996000000003,3,5,5,13,Loyal Customers
16755,70,1,2071.0782,4,1,4,9,Potential Loyalists
16756,73,1,2169.3696,4,1,4,9,Potential Loyalists
16758,127,2,2813.7696,3,5,5,13,Loyal Customers
16759,66,1,11.86,4,1,1,6,New Customers
16760,292,1,81.2584,1,1,2,4,Lost Customers
16761,98,1,2214.1625,4,1,4,9,Potential Loyalists
16762,97,1,2222.1425,4,1,4,9,Potential Loyalists
16763,260,1,1700.99,1,1,4,6,Can't Lose Them
16764,220,1,1781.7304,2,1,4,7,Can't Lose Them
16765,152,1,9.98,3,1,1,5,Potential Loyalists
16766,54,1,9.98,4,1,1,6,New Customers
16767,288,1,64.97,1,1,2,4,Lost Customers
16769,72,1,9.98,4,1,1,6,New Customers
16770,112,1,2216.5525,3,1,4,8,Potential Loyalists
16771,98,3,140.1642,4,5,3,12,Loyal Customers
16772,64,2,83.91,4,5,2,11,Potential Loyalists
16773,172,1,35.9126,3,1,1,5,Potential Loyalists
16774,195,1,58.04730000000001,2,1,1,4,Lost Customers
16775,100,1,14.97,4,1,1,6,New Customers
16776,91,1,2181.5625,4,1,4,9,Potential Loyalists
16777,306,1,129.98,1,1,3,5,Can't Lose Them
16778,62,1,2287.8309,4,1,4,9,Potential Loyalists
16779,65,1,2053.6782,4,1,4,9,Potential Loyalists
16780,114,1,63.0373,3,1,2,6,Potential Loyalists
16781,332,1,62.1823,1,1,2,4,Lost Customers
16782,81,1,2226.7225,4,1,4,9,Potential Loyalists
16783,36,1,2209.5225,5,1,4,10,Potential Loyalists
16784,239,1,1734.6342,2,1,4,7,Can't Lose Them
16785,89,1,2122.2696,4,1,4,9,Potential Loyalists
16786,63,1,2049.0982,4,1,4,9,Potential Loyalists
16787,33,1,44.97,5,1,1,7,New Customers
16788,256,1,44.97,2,1,1,4,Lost Customers
16789,9,1,2181.5625,5,1,4,10,Potential Loyalists
16790,3,1,2303.854,5,1,4,10,Potential Loyalists
16791,218,1,1783.94,2,1,4,7,Can't Lose Them
16792,344,1,1734.6342,1,1,4,6,Can't Lose Them
16793,354,1,1849.2957000000001,1,1,4,6,Can't Lose Them
16794,346,1,1782.7015000000001,1,1,4,6,Can't Lose Them
16795,34,1,80.87,5,1,2,8,New Customers
16796,224,1,58.04730000000001,2,1,1,4,Lost Customers
16797,353,1,1759.54,1,1,4,6,Can't Lose Them
16798,345,1,1821.5742,1,1,4,6,Can't Lose Them
16799,338,1,1700.99,1,1,4,6,Can't Lose Them
16800,28,2,85.78,5,5,2,12,Potential Loyalists
16801,109,1,58.04730000000001,4,1,1,6,New Customers
16802,313,1,27.96,1,1,1,3,Lost Customers
16803,347,1,1766.3457,1,1,4,6,Can't Lose Them
16804,346,1,1780.54,1,1,4,6,Can't Lose Them
16805,346,1,1791.93,1,1,4,6,Can't Lose Them
16806,21,1,58.04730000000001,5,1,1,7,New Customers
16807,347,1,1755.55,1,1,4,6,Can't Lose Them
16808,103,1,18.624200000000002,4,1,1,6,New Customers
16809,73,1,23.6142,4,1,1,6,New Customers
16810,60,2,2818.3496,4,5,5,14,Champions
16811,303,1,1700.99,1,1,4,6,Can't Lose Them
16812,314,1,1735.98,1,1,4,6,Can't Lose Them
16813,34,1,27.2684,5,1,1,7,New Customers
16814,327,1,39.980000000000004,1,1,1,3,Lost Customers
16817,76,1,9.98,4,1,1,6,New Customers
16818,82,1,2173.9938,4,1,4,9,Potential Loyalists
16819,76,1,2093.0582,4,1,4,9,Potential Loyalists
16820,19,2,3008.4844,5,5,5,15,Champions
16821,130,3,7006.7166,3,5,5,13,Loyal Customers
16822,103,3,6947.4308,4,5,5,14,Champions
16823,95,3,7039.4282,4,5,5,14,Champions
16824,149,3,6705.9647,3,5,5,13,Loyal Customers
16825,41,1,121.0162,5,1,2,8,New Customers
16826,126,3,6738.9591,3,5,5,13,Loyal Customers
16828,73,3,6961.3366000000005,4,5,5,14,Champions
16829,85,3,6947.776599999999,4,5,5,14,Champions
16830,126,3,6909.0581999999995,3,5,5,13,Loyal Customers
16831,72,3,6974.458199999999,4,5,5,14,Champions
16832,67,1,2146.3596000000002,4,1,4,9,Potential Loyalists
16833,61,1,2110.0238000000004,4,1,4,9,Potential Loyalists
16834,215,1,1749.0573,2,1,4,7,Can't Lose Them
16835,77,1,2049.0982,4,1,4,9,Potential Loyalists
16836,10,2,3010.0854000000004,5,5,5,15,Champions
16837,11,2,155.47,5,5,3,13,Loyal Customers
16838,89,1,27.96,4,1,1,6,New Customers
16839,79,1,2049.0982,4,1,4,9,Potential Loyalists
16840,183,2,217.6415,2,5,3,10,At Risk
16841,212,2,169.5742,2,5,3,10,At Risk
16842,64,1,14.97,4,1,1,6,New Customers
16843,62,1,93.03730000000002,4,1,2,7,New Customers
16844,67,1,2127.7224,4,1,4,9,Potential Loyalists
16845,84,1,2178.5382,4,1,4,9,Potential Loyalists
16846,252,2,201.5842,2,5,3,10,At Risk
16847,36,2,188.2484,5,5,3,13,Loyal Customers
16848,330,1,117.08619999999999,1,1,2,4,Lost Customers
16849,24,1,118.0573,5,1,2,8,New Customers
16850,85,1,2105.0638000000004,4,1,4,9,Potential Loyalists
16851,66,1,2136.3696,4,1,4,9,Potential Loyalists
16852,74,1,2178.8796,4,1,4,9,Potential Loyalists
16853,8,1,9.98,5,1,1,7,New Customers
16854,85,1,2109.9782,4,1,4,9,Potential Loyalists
16855,11,2,179.3057,5,5,3,13,Loyal Customers
16856,121,1,32.2584,3,1,1,5,Potential Loyalists
16857,237,1,58.04730000000001,2,1,1,4,Lost Customers
16858,21,1,9.98,5,1,1,7,New Customers
16859,72,1,2156.5582,4,1,4,9,Potential Loyalists
16860,290,1,9.98,1,1,1,3,Lost Customers
16863,297,1,95.71039999999999,1,1,2,4,Lost Customers
16865,67,1,2135.0238000000004,4,1,4,9,Potential Loyalists
16866,76,1,2246.4339999999997,4,1,4,9,Potential Loyalists
16867,85,1,2193.0654999999997,4,1,4,9,Potential Loyalists
16868,73,1,2075.9996,4,1,4,9,Potential Loyalists
16869,85,1,2171.0038,4,1,4,9,Potential Loyalists
16870,188,3,208.6062,2,5,3,10,At Risk
16871,82,1,2071.0782,4,1,4,9,Potential Loyalists
16872,73,1,2149.9196,4,1,4,9,Potential Loyalists
16873,157,1,615.0462,3,1,3,7,Potential Loyalists
16874,225,1,9.98,2,1,1,4,Lost Customers
16875,186,1,43.6242,2,1,1,4,Lost Customers
16876,23,3,182.8315,5,5,3,13,Loyal Customers
16877,315,1,44.97,1,1,1,3,Lost Customers
16878,307,1,1734.6342,1,1,4,6,Can't Lose Them
16879,304,1,1757.84,1,1,4,6,Can't Lose Them
16880,65,1,2127.3122000000003,4,1,4,9,Potential Loyalists
16881,61,1,2071.4196,4,1,4,9,Potential Loyalists
16882,64,1,2049.0982,4,1,4,9,Potential Loyalists
16884,265,1,43.6242,1,1,1,3,Lost Customers
16885,286,1,44.97,1,1,1,3,Lost Customers
16886,326,1,1758.95,1,1,4,6,Can't Lose Them
16887,310,1,1783.94,1,1,4,6,Can't Lose Them
16888,322,1,1754.98,1,1,4,6,Can't Lose Them
16889,292,1,1758.95,1,1,4,6,Can't Lose Them
16890,288,1,1856.0462,1,1,4,6,Can't Lose Them
16891,31,1,64.97,5,1,2,8,New Customers
16892,64,1,2115.3796,4,1,4,9,Potential Loyalists
16893,72,1,2102.0481999999997,4,1,4,9,Potential Loyalists
16894,295,1,1772.2684,1,1,4,6,Can't Lose Them
16896,286,1,1728.95,1,1,4,6,Can't Lose Them
16897,301,1,1772.2684,1,1,4,6,Can't Lose Them
16898,276,1,1749.0573,1,1,4,6,Can't Lose Them
16899,194,1,9.98,2,1,1,4,Lost Customers
16900,132,1,14.56,3,1,1,5,Potential Loyalists
16901,94,1,44.97,4,1,1,6,New Customers
16902,218,1,163.96,2,1,3,6,Can't Lose Them
16903,46,1,9.98,5,1,1,7,New Customers
16904,79,1,9.98,4,1,1,6,New Customers
16905,146,1,9.98,3,1,1,5,Potential Loyalists
16906,139,1,2116.3996,3,1,4,8,Potential Loyalists
16907,64,1,2115.3796,4,1,4,9,Potential Loyalists
16908,83,1,2141.1255,4,1,4,9,Potential Loyalists
16909,62,1,2150.3696,4,1,4,9,Potential Loyalists
16910,167,2,162.0173,3,5,3,11,Loyal Customers
16911,108,1,63.97,4,1,2,7,New Customers
16912,32,1,2156.5582,5,1,4,10,Potential Loyalists
16913,126,1,27.2684,3,1,1,5,Potential Loyalists
16914,30,1,2146.6823999999997,5,1,4,10,Potential Loyalists
16915,30,1,2126.4096,5,1,4,10,Potential Loyalists
16916,45,1,2234.2866,5,1,4,10,Potential Loyalists
16917,19,1,9.98,5,1,1,7,New Customers
16919,6,2,106.91,5,5,2,12,Potential Loyalists
16920,278,1,1700.99,1,1,4,6,Can't Lose Them
16921,228,1,1754.98,2,1,4,7,Can't Lose Them
16923,22,1,59.980000000000004,5,1,1,7,New Customers
16924,250,1,1796.1535,2,1,4,7,Can't Lose Them
16925,262,1,1792.5942,1,1,4,6,Can't Lose Them
16926,8,2,58.2384,5,5,1,11,Potential Loyalists
16927,313,1,52.95,1,1,1,3,Lost Customers
16928,192,1,1000.4375,2,1,3,6,Can't Lose Them
16929,186,1,1034.0817,2,1,3,6,Can't Lose Them
16930,269,1,15.9,1,1,1,3,Lost Customers
16931,200,1,1083.3875,2,1,4,7,Can't Lose Them
16932,117,2,24.130000000000003,3,5,1,9,Potential Loyalists
16933,13,2,108.00730000000001,5,5,2,12,Potential Loyalists
16934,68,2,123.9,4,5,3,12,Loyal Customers
16935,95,2,101.67150000000001,4,5,2,11,Potential Loyalists
16936,312,1,92.95,1,1,2,4,Lost Customers
16937,345,2,3933.4851,1,5,5,11,At Risk
16938,4,2,3110.0525,5,5,5,15,Champions
16939,127,1,64.95,3,1,2,6,Potential Loyalists
16940,2,2,4744.9125,5,5,5,15,Champions
16941,21,1,93.60419999999999,5,1,2,8,New Customers
16942,313,2,2749.4948,1,5,4,10,At Risk
16943,178,1,75.86,3,1,2,6,Potential Loyalists
16944,358,2,4249.5996,1,5,5,11,At Risk
16945,9,2,3260.9073,5,5,5,15,Champions
16946,4,2,3069.1098,5,5,5,15,Champions
16947,255,1,1735.98,2,1,4,7,Can't Lose Them
16948,178,2,249.94,3,5,3,11,Loyal Customers
16949,251,1,1788.6242,2,1,4,7,Can't Lose Them
16950,157,3,278.3057,3,5,3,11,Loyal Customers
16951,268,1,1735.98,1,1,4,6,Can't Lose Them
16952,212,1,1735.98,2,1,4,7,Can't Lose Them
16953,328,1,36.95,1,1,1,3,Lost Customers
16955,182,1,1781.7304,2,1,4,7,Can't Lose Them
16956,260,1,1700.99,1,1,4,6,Can't Lose Them
16957,7,1,44.97,5,1,1,7,New Customers
16958,268,3,215.2504,1,5,3,9,At Risk
16959,127,3,162.32,3,5,3,11,Loyal Customers
16960,88,1,9.98,4,1,1,6,New Customers
16961,59,1,2092.0481999999997,4,1,4,9,Potential Loyalists
16963,269,1,43.6242,1,1,1,3,Lost Customers
16964,187,3,149.49,2,5,3,10,At Risk
16965,284,1,38.6342,1,1,1,3,Lost Customers
16966,11,1,9.98,5,1,1,7,New Customers
16967,48,1,2071.0782,5,1,4,10,Potential Loyalists
16968,40,1,2110.3466,5,1,4,10,Potential Loyalists
16969,41,1,2191.4196,5,1,4,10,Potential Loyalists
16970,259,1,1754.98,1,1,4,6,Can't Lose Them
16972,259,1,1754.98,1,1,4,6,Can't Lose Them
16973,255,1,1869.8600000000001,2,1,4,7,Can't Lose Them
16974,262,1,1758.95,1,1,4,6,Can't Lose Them
16975,113,1,72.61420000000001,3,1,2,6,Potential Loyalists
16976,271,1,1782.7015000000001,1,1,4,6,Can't Lose Them
16977,233,1,1718.97,2,1,4,7,Can't Lose Them
16978,290,1,9.98,1,1,1,3,Lost Customers
16979,45,1,2075.9996,5,1,4,10,Potential Loyalists
16980,260,1,48.6142,1,1,1,3,Lost Customers
16981,41,1,2094.9582,5,1,4,10,Potential Loyalists
16982,333,1,93.03730000000002,1,1,2,4,Lost Customers
16983,35,1,2110.9996,5,1,4,10,Potential Loyalists
16984,226,1,1766.3457,2,1,4,7,Can't Lose Them
16985,124,1,27.2684,3,1,1,5,Potential Loyalists
16986,177,1,68.49,3,1,2,6,Potential Loyalists
16987,136,1,2169.0982,3,1,4,8,Potential Loyalists
16988,27,1,9.98,5,1,1,7,New Customers
16989,32,1,2071.4196,5,1,4,10,Potential Loyalists
16990,183,1,64.97,2,1,2,5,Lost Customers
16991,281,1,44.97,1,1,1,3,Lost Customers
16992,271,1,9.98,1,1,1,3,Lost Customers
16993,185,1,129.98,2,1,3,6,Can't Lose Them
16994,119,1,44.97,3,1,1,5,Potential Loyalists
16995,199,1,1735.98,2,1,4,7,Can't Lose Them
16996,195,1,1754.98,2,1,4,7,Can't Lose Them
16997,222,1,1772.2684,2,1,4,7,Can't Lose Them
16998,223,1,1734.6342,2,1,4,7,Can't Lose Them
16999,229,1,1735.98,2,1,4,7,Can't Lose Them
17000,46,1,2049.0982,5,1,4,10,Potential Loyalists
17001,51,1,2115.3796,5,1,4,10,Potential Loyalists
17002,40,1,2101.0382,5,1,4,10,Potential Loyalists
17003,60,1,2210.5431000000003,4,1,4,9,Potential Loyalists
17004,57,1,2169.9096,4,1,4,9,Potential Loyalists
17005,37,1,2150.2504999999996,5,1,4,10,Potential Loyalists
17006,36,1,2179.2517,5,1,4,10,Potential Loyalists
17007,47,1,2084.0982,5,1,4,10,Potential Loyalists
17008,43,1,2093.0582,5,1,4,10,Potential Loyalists
17009,50,1,2126.7024,5,1,4,10,Potential Loyalists
17010,43,1,2142.1455,5,1,4,10,Potential Loyalists
17011,233,1,1749.0573,2,1,4,7,Can't Lose Them
17012,216,1,1749.0573,2,1,4,7,Can't Lose Them
17013,40,1,2173.9177,5,1,4,10,Potential Loyalists
17014,319,1,4.99,1,1,1,3,Lost Customers
17015,238,1,9.98,2,1,1,4,Lost Customers
17016,314,1,102.02730000000001,1,1,2,4,Lost Customers
17017,30,1,2088.6782,5,1,4,10,Potential Loyalists
17018,232,1,98.96000000000001,2,1,2,5,Lost Customers
17019,28,1,58.04730000000001,5,1,1,7,New Customers
17020,239,1,1723.96,2,1,4,7,Can't Lose Them
17021,220,1,1700.99,2,1,4,7,Can't Lose Them
17022,212,1,1772.2684,2,1,4,7,Can't Lose Them
17023,198,1,1735.98,2,1,4,7,Can't Lose Them
17024,232,1,1824.0273,2,1,4,7,Can't Lose Them
17025,165,1,1718.2784,3,1,4,8,Potential Loyalists
17026,282,3,339.4092,1,5,3,9,At Risk
17027,206,3,318.8781,2,5,3,10,At Risk
17028,221,1,1772.2684,2,1,4,7,Can't Lose Them
17029,214,1,1766.3457,2,1,4,7,Can't Lose Them
17030,235,1,1700.99,2,1,4,7,Can't Lose Them
17031,262,1,27.2684,1,1,1,3,Lost Customers
17032,76,1,30.87,4,1,1,6,New Customers
17034,152,1,1749.0573,3,1,4,8,Potential Loyalists
17035,315,1,63.97,1,1,2,4,Lost Customers
17036,210,2,195.6615,2,5,3,10,At Risk
17037,115,1,2096.3896,3,1,4,8,Potential Loyalists
17038,56,1,2195.9996,4,1,4,9,Potential Loyalists
17039,235,1,1799.48,2,1,4,7,Can't Lose Them
17040,215,1,1781.7304,2,1,4,7,Can't Lose Them
17041,220,1,1700.99,2,1,4,7,Can't Lose Them
17042,214,1,1735.98,2,1,4,7,Can't Lose Them
17043,239,1,1781.7304,2,1,4,7,Can't Lose Them
17044,105,1,49.96,4,1,1,6,New Customers
17045,251,1,910.7583999999999,2,1,3,6,Can't Lose Them
17046,243,1,887.5473,2,1,3,6,Can't Lose Them
17047,269,1,769.49,1,1,3,5,Can't Lose Them
17048,221,1,803.1342,2,1,3,6,Can't Lose Them
17049,224,1,769.49,2,1,3,6,Can't Lose Them
17050,227,1,940.5662,2,1,3,6,Can't Lose Them
17051,244,1,2226.7225,2,1,4,7,Can't Lose Them
17052,191,2,139.85,2,5,3,10,At Risk
17053,106,2,158.94,4,5,3,12,Loyal Customers
17054,66,2,83.98,4,5,2,11,Potential Loyalists
17055,221,1,769.49,2,1,3,6,Can't Lose Them
17056,219,1,839.48,2,1,3,6,Can't Lose Them
17057,254,1,64.56,2,1,2,5,Lost Customers
17058,18,2,113.97,5,5,2,12,Potential Loyalists
17059,20,2,127.6042,5,5,3,13,Loyal Customers
17060,105,2,182.5942,4,5,3,12,Loyal Customers
17061,165,2,118.55,3,5,2,10,Potential Loyalists
17062,292,2,128.53,1,5,3,9,At Risk
17063,271,2,132.1842,1,5,3,9,At Risk
17064,230,1,928.49,2,1,3,6,Can't Lose Them
17065,187,1,839.48,2,1,3,6,Can't Lose Them
17066,88,2,130.4235,4,5,3,12,Loyal Customers
17067,7,2,139.67149999999998,5,5,3,13,Loyal Customers
17068,181,1,53.99,2,1,1,4,Lost Customers
17069,182,1,857.46,2,1,3,6,Can't Lose Them
17070,310,2,193.92000000000002,1,5,3,9,At Risk
17071,192,1,839.48,2,1,3,6,Can't Lose Them
17072,33,2,192.2397,5,5,3,13,Loyal Customers
17073,82,2,81.0373,4,5,2,11,Potential Loyalists
17074,185,2,136.5399,2,5,3,10,At Risk
17075,127,2,102.62729999999999,3,5,2,10,Potential Loyalists
17076,2,2,157.1135,5,5,3,13,Loyal Customers
17077,171,2,163.2196,3,5,3,11,Loyal Customers
17078,283,2,235.20839999999998,1,5,3,9,At Risk
17079,200,1,839.48,2,1,3,6,Can't Lose Them
17080,304,2,2763.9674999999997,1,5,4,10,At Risk
17081,173,1,98.0473,3,1,2,6,Potential Loyalists
17082,314,2,3891.1967,1,5,5,11,At Risk
17083,275,1,103.92,1,1,2,4,Lost Customers
17084,81,1,64.24,4,1,2,7,New Customers
17085,195,2,3026.0025,2,5,5,12,At Risk
17086,317,2,4192.4073,1,5,5,11,At Risk
17087,153,2,95.43,3,5,2,10,Potential Loyalists
17088,160,1,49.98,3,1,1,5,Potential Loyalists
17089,202,1,93.60419999999999,2,1,2,5,Lost Customers
17090,74,1,89.96,4,1,2,7,New Customers
17091,9,1,64.53999999999999,5,1,2,8,New Customers
17092,321,1,74.53999999999999,1,1,2,4,Lost Customers
17093,30,3,6692.3349,5,5,5,15,Champions
17094,187,2,2999.1198,2,5,5,12,At Risk
17095,287,2,2766.7832,1,5,4,10,At Risk
17096,325,2,4144.34,1,5,5,11,At Risk
17097,23,2,3054.6567,5,5,5,15,Champions
17098,345,2,2790.5125,1,5,5,11,At Risk
17099,289,2,2701.4275,1,5,4,10,At Risk
17100,96,1,146.2084,4,1,3,8,New Customers
17101,87,2,180.8726,4,5,3,12,Loyal Customers
17102,290,1,42.25,1,1,1,3,Lost Customers
17103,33,3,6725.4311,5,5,5,15,Champions
17104,273,1,4.99,1,1,1,3,Lost Customers
17105,206,2,147.2185,2,5,3,10,At Risk
17106,86,1,83.90259999999999,4,1,2,7,New Customers
17107,325,2,4177.9842,1,5,5,11,At Risk
17108,115,1,24.99,3,1,1,5,Potential Loyalists
17109,293,2,2783.3775,1,5,5,11,At Risk
17110,90,2,58.1842,4,5,1,10,Potential Loyalists
17111,307,1,4.99,1,1,1,3,Lost Customers
17112,162,1,12.56,3,1,1,5,Potential Loyalists
17113,130,1,9.98,3,1,1,5,Potential Loyalists
17114,49,3,7038.3864,5,5,5,15,Champions
17115,199,2,3030.0025,2,5,5,12,At Risk
17116,170,1,1768.0273,3,1,4,8,Potential Loyalists
17117,49,1,38.6342,5,1,1,7,New Customers
17118,218,1,576.5942,2,1,3,6,Can't Lose Them
17119,242,3,279.5715,2,5,3,10,At Risk
17120,219,1,1735.98,2,1,4,7,Can't Lose Them
17121,213,1,1734.6342,2,1,4,7,Can't Lose Them
17122,266,1,58.980000000000004,1,1,1,3,Lost Customers
17123,194,1,585.2384,2,1,3,6,Can't Lose Them
17124,197,1,576.2484000000001,2,1,3,6,Can't Lose Them
17125,81,1,539.99,4,1,3,8,New Customers
17126,135,1,69.99,3,1,2,6,Potential Loyalists
17127,219,1,1792.45,2,1,4,7,Can't Lose Them
17128,219,1,1735.98,2,1,4,7,Can't Lose Them
17129,218,1,1735.98,2,1,4,7,Can't Lose Them
17130,297,1,108.9799,1,1,2,4,Lost Customers
17131,18,1,9.98,5,1,1,7,New Customers
17132,23,1,9.98,5,1,1,7,New Customers
17133,56,1,2113.2896,4,1,4,9,Potential Loyalists
17135,38,1,2152.1600000000003,5,1,4,10,Potential Loyalists
17136,52,1,2053.6782,4,1,4,9,Potential Loyalists
17137,309,1,9.98,1,1,1,3,Lost Customers
17138,279,1,59.980000000000004,1,1,1,3,Lost Customers
17139,51,1,2074.0581999999995,5,1,4,10,Potential Loyalists
17140,41,1,2071.4196,5,1,4,10,Potential Loyalists
17141,30,1,2149.0238,5,1,4,10,Potential Loyalists
17142,215,1,1780.54,2,1,4,7,Can't Lose Them
17143,174,1,1772.2684,3,1,4,8,Potential Loyalists
17144,214,1,1897.54,2,1,4,7,Can't Lose Them
17145,45,1,32.95,5,1,1,7,New Customers
17146,53,1,43.6242,4,1,1,6,New Customers
17147,145,1,1700.99,3,1,4,8,Potential Loyalists
17148,123,1,1796.1535,3,1,4,8,Potential Loyalists
17149,200,1,1734.6342,2,1,4,7,Can't Lose Them
17152,148,1,25.880000000000003,3,1,1,5,Potential Loyalists
17153,193,1,1752.6142,2,1,4,7,Can't Lose Them
17154,195,1,1792.5942,2,1,4,7,Can't Lose Them
17155,147,1,27.2684,3,1,1,5,Potential Loyalists
17156,52,1,2256.7455,4,1,4,9,Potential Loyalists
17157,60,1,2094.0782,4,1,4,9,Potential Loyalists
17158,280,1,39.980000000000004,1,1,1,3,Lost Customers
17159,205,1,1735.98,2,1,4,7,Can't Lose Them
17160,46,1,9.98,5,1,1,7,New Customers
17161,275,1,64.97,1,1,2,4,Lost Customers
17162,240,1,38.6342,2,1,1,4,Lost Customers
17163,183,1,1763.53,2,1,4,7,Can't Lose Them
17164,43,1,33.83,5,1,1,7,New Customers
17165,317,1,14.97,1,1,1,3,Lost Customers
17166,63,1,9.98,4,1,1,6,New Customers
17167,194,1,1734.6342,2,1,4,7,Can't Lose Them
17168,201,1,9.98,2,1,1,4,Lost Customers
17169,283,1,9.98,1,1,1,3,Lost Customers
17170,257,1,27.96,1,1,1,3,Lost Customers
17171,55,1,2191.4196,4,1,4,9,Potential Loyalists
17172,142,1,73.48,3,1,2,6,Potential Loyalists
17173,46,1,9.98,5,1,1,7,New Customers
17174,192,1,14.97,2,1,1,4,Lost Customers
17175,110,1,2099.0681999999997,4,1,4,9,Potential Loyalists
17176,53,1,2145.0138,4,1,4,9,Potential Loyalists
17177,186,1,27.2684,2,1,1,4,Lost Customers
17178,12,1,27.2684,5,1,1,7,New Customers
17179,164,1,57.0762,3,1,1,5,Potential Loyalists
17180,48,1,73.96000000000001,5,1,2,8,New Customers
17181,127,3,6702.3349,3,5,5,13,Loyal Customers
17182,75,3,6703.3649000000005,4,5,5,14,Champions
17183,133,3,6966.9763,3,5,5,13,Loyal Customers
17184,132,3,7044.3838000000005,3,5,5,13,Loyal Customers
17185,63,3,6737.911700000001,4,5,5,14,Champions
17186,176,2,79.56,3,5,2,10,Potential Loyalists
17187,149,2,3084.4857,3,5,5,13,Loyal Customers
17188,148,2,3104.5256999999997,3,5,5,13,Loyal Customers
17189,293,1,91.0562,1,1,2,4,Lost Customers
17191,136,3,6649.7207,3,5,5,13,Loyal Customers
17192,67,3,6750.9920999999995,4,5,5,14,Champions
17193,2,2,139.95000000000002,5,5,3,13,Loyal Customers
17194,157,1,166.02620000000002,3,1,3,7,Potential Loyalists
17195,147,2,3092.3371,3,5,5,13,Loyal Customers
17196,131,2,3100.3956999999996,3,5,5,13,Loyal Customers
17197,3,1,99.5842,5,1,2,8,New Customers
17198,128,3,7009.8369,3,5,5,13,Loyal Customers
17199,142,3,6811.240500000001,3,5,5,13,Loyal Customers
17200,247,1,43.96,2,1,1,4,Lost Customers
17201,4,1,43.96,5,1,1,7,New Customers
17202,44,3,6775.712500000001,5,5,5,15,Champions
17203,42,3,6742.4863000000005,5,5,5,15,Champions
17204,49,2,122.2484,5,5,2,12,Potential Loyalists
17205,49,2,84.96000000000001,5,5,2,12,Potential Loyalists
17206,140,2,3049.5357,3,5,5,13,Loyal Customers
17207,36,3,6771.2749,5,5,5,15,Champions
17208,161,1,91.2084,3,1,2,6,Potential Loyalists
17209,143,3,6932.4838,3,5,5,13,Loyal Customers
17211,316,1,60.88,1,1,2,4,Lost Customers
17212,31,1,88.94,5,1,2,8,New Customers
17214,58,3,6971.8096000000005,4,5,5,14,Champions
17215,111,1,63.94,3,1,2,6,Potential Loyalists
17216,92,2,3136.8071,4,5,5,14,Champions
17217,244,1,110.00730000000001,2,1,2,5,Lost Customers
17218,36,3,6707.2275,5,5,5,15,Champions
17219,122,1,35.0,3,1,1,5,Potential Loyalists
17220,123,3,6690.4807,3,5,5,13,Loyal Customers
17221,130,3,7119.6366,3,5,5,13,Loyal Customers
17222,166,1,73.92,3,1,2,6,Potential Loyalists
17223,119,1,43.96,3,1,1,5,Potential Loyalists
17224,223,1,87.5942,2,1,2,5,Lost Customers
17225,58,3,6744.6036,4,5,5,14,Champions
17226,205,2,112.2684,2,5,2,9,Potential Loyalists
17227,201,2,123.9799,2,5,3,10,At Risk
17228,53,2,125.32730000000001,4,5,3,12,Loyal Customers
17229,166,1,893.47,3,1,3,7,Potential Loyalists
17230,128,2,113.97,3,5,2,10,Potential Loyalists
17231,118,2,83.98,3,5,2,10,Potential Loyalists
17232,175,1,769.49,3,1,3,7,Potential Loyalists
17233,177,1,769.49,3,1,3,7,Potential Loyalists
17234,21,2,128.53,5,5,3,13,Loyal Customers
17235,161,2,113.97,3,5,2,10,Potential Loyalists
17236,153,2,118.55,3,5,2,10,Potential Loyalists
17237,295,1,71.2784,1,1,2,4,Lost Customers
17238,273,2,207.46,1,5,3,9,At Risk
17239,106,1,94.55,4,1,2,7,New Customers
17240,140,1,844.03,3,1,3,7,Potential Loyalists
17241,128,1,803.1342,3,1,3,7,Potential Loyalists
17242,129,1,846.5462,3,1,3,7,Potential Loyalists
17243,204,2,113.97,2,5,2,9,Potential Loyalists
17244,183,2,118.55,2,5,2,9,Potential Loyalists
17245,41,2,131.95,5,5,3,13,Loyal Customers
17246,127,1,834.05,3,1,3,7,Potential Loyalists
17247,147,1,876.0842,3,1,3,7,Potential Loyalists
17248,118,1,804.48,3,1,3,7,Potential Loyalists
17249,93,1,857.46,4,1,3,8,New Customers
17250,177,1,71.2784,3,1,2,6,Potential Loyalists
17251,199,2,187.5842,2,5,3,10,At Risk
17252,91,2,139.9026,4,5,3,12,Loyal Customers
17253,266,1,53.99,1,1,1,3,Lost Customers
17254,261,2,177.47,1,5,3,9,At Risk
17255,114,1,910.1243,3,1,3,7,Potential Loyalists
17256,96,1,799.45,4,1,3,8,New Customers
17257,96,1,910.7583999999999,4,1,3,8,New Customers
17258,88,1,769.49,4,1,3,8,New Customers
17259,70,1,869.0742,4,1,3,8,New Customers
17260,282,1,49.96,1,1,1,3,Lost Customers
17261,191,1,1817.5842,2,1,4,7,Can't Lose Them
17262,211,1,1734.6342,2,1,4,7,Can't Lose Them
17263,132,1,1700.99,3,1,4,8,Potential Loyalists
17264,37,1,2111.0382,5,1,4,10,Potential Loyalists
17265,117,1,4.99,3,1,1,5,Potential Loyalists
17266,101,1,59.980000000000004,4,1,1,6,New Customers
17267,49,1,2105.0638000000004,5,1,4,10,Potential Loyalists
17268,40,1,2071.4196,5,1,4,10,Potential Loyalists
17269,208,1,1782.83,2,1,4,7,Can't Lose Them
17270,186,1,1734.6342,2,1,4,7,Can't Lose Them
17271,200,1,1750.97,2,1,4,7,Can't Lose Them
17272,194,1,1723.96,2,1,4,7,Can't Lose Them
17273,18,1,81.2584,5,1,2,8,New Customers
17274,234,1,35.9126,2,1,1,4,Lost Customers
17275,292,1,4.99,1,1,1,3,Lost Customers
17276,330,1,81.2584,1,1,2,4,Lost Customers
17277,79,1,856.7684,4,1,3,8,New Customers
17278,89,1,803.1342,4,1,3,8,New Customers
17279,261,1,2181.5625,1,1,4,6,Can't Lose Them
17280,268,1,2258.5225,1,1,4,6,Can't Lose Them
17281,84,2,123.9799,4,5,3,12,Loyal Customers
17282,110,1,74.53999999999999,4,1,2,7,New Customers
17283,165,1,56.7115,3,1,1,5,Potential Loyalists
17284,147,2,128.5873,3,5,3,11,Loyal Customers
17285,199,1,2255.7867,2,1,4,7,Can't Lose Them
17286,207,1,2197.4625,2,1,4,7,Can't Lose Them
17287,107,2,165.8284,4,5,3,12,Loyal Customers
17288,88,1,862.95,4,1,3,8,New Customers
17289,56,2,138.2184,4,5,3,12,Loyal Customers
17290,136,2,131.2584,3,5,3,11,Loyal Customers
17291,252,2,118.55,2,5,2,9,Potential Loyalists
17292,10,2,136.74,5,5,3,13,Loyal Customers
17293,67,1,839.48,4,1,3,8,New Customers
17294,53,1,777.44,4,1,3,8,New Customers
17295,60,1,823.1142,4,1,3,8,New Customers
17296,122,1,92.95,3,1,2,6,Potential Loyalists
17297,218,2,184.45260000000002,2,5,3,10,At Risk
17298,140,2,209.43,3,5,3,11,Loyal Customers
17299,44,1,803.1342,5,1,3,9,New Customers
17300,206,2,134.45,2,5,3,10,At Risk
17301,30,2,98.0473,5,5,2,12,Potential Loyalists
17302,89,2,205.4019,4,5,3,12,Loyal Customers
17303,110,2,152.6904,4,5,3,12,Loyal Customers
17304,101,1,33.6442,4,1,1,6,New Customers
17305,331,1,242.89260000000002,1,1,3,5,Can't Lose Them
17306,217,2,145.5942,2,5,3,10,At Risk
17307,307,2,174.8826,1,5,3,9,At Risk
17308,181,1,2181.5625,2,1,4,7,Can't Lose Them
17309,203,1,2199.5425,2,1,4,7,Can't Lose Them
17310,205,1,2197.4625,2,1,4,7,Can't Lose Them
17311,35,1,103.60419999999999,5,1,2,8,New Customers
17312,46,1,893.47,5,1,3,9,New Customers
17313,185,2,149.7326,2,5,3,10,At Risk
17314,15,2,122.2384,5,5,2,12,Potential Loyalists
17315,189,1,2199.5425,2,1,4,7,Can't Lose Them
17316,30,2,155.9888,5,5,3,13,Loyal Customers
17317,90,2,177.60410000000002,4,5,3,12,Loyal Customers
17318,245,2,92.2384,2,5,2,9,Potential Loyalists
17319,11,2,98.6142,5,5,2,12,Potential Loyalists
17320,33,1,813.47,5,1,3,9,New Customers
17321,76,1,17.2884,4,1,1,6,New Customers
17322,230,1,107.46000000000001,2,1,2,5,Lost Customers
17323,13,2,115.2384,5,5,2,12,Potential Loyalists
17324,62,2,156.8226,4,5,3,12,Loyal Customers
17325,63,2,68.2284,4,5,2,11,Potential Loyalists
17326,59,1,889.49,4,1,3,8,New Customers
17327,37,2,150.1884,5,5,3,13,Loyal Customers
17328,22,1,808.1242,5,1,3,9,New Customers
17329,207,1,2181.5625,2,1,4,7,Can't Lose Them
17330,100,2,61.248400000000004,4,5,2,11,Potential Loyalists
17331,115,2,91.2184,3,5,2,10,Potential Loyalists
17332,16,1,910.7583999999999,5,1,3,9,New Customers
17333,114,2,104.2184,3,5,2,10,Potential Loyalists
17334,21,1,769.49,5,1,3,9,New Customers
17335,248,1,9.98,2,1,1,4,Lost Customers
17336,305,1,31.96,1,1,1,3,Lost Customers
17337,58,3,192.82999999999998,4,5,3,12,Loyal Customers
17338,49,2,102.2,5,5,2,12,Potential Loyalists
17339,261,1,9.98,1,1,1,3,Lost Customers
17340,48,1,63.510000000000005,5,1,2,8,New Customers
17341,115,1,40.95,3,1,1,5,Potential Loyalists
17342,267,1,43.6242,1,1,1,3,Lost Customers
17343,221,1,43.6242,2,1,1,4,Lost Customers
17344,77,1,14.97,4,1,1,6,New Customers
17345,117,1,1788.6042,3,1,4,8,Potential Loyalists
17346,185,2,80.5181,2,5,2,9,Potential Loyalists
17347,50,3,167.6342,5,5,3,13,Loyal Customers
17348,113,3,310.4662,3,5,3,11,Loyal Customers
17349,72,1,92.06620000000001,4,1,2,7,New Customers
17350,85,2,131.46,4,5,3,12,Loyal Customers
17351,166,1,2280.6805999999997,3,1,4,8,Potential Loyalists
17352,157,1,2181.5625,3,1,4,8,Potential Loyalists
17353,170,1,2218.5125,3,1,4,8,Potential Loyalists
17354,166,1,2197.4625,3,1,4,8,Potential Loyalists
17355,179,2,67.5081,3,5,2,10,Potential Loyalists
17357,244,1,9.98,2,1,1,4,Lost Customers
17358,196,1,1753.26,2,1,4,7,Can't Lose Them
17359,297,1,43.6242,1,1,1,3,Lost Customers
17360,13,3,192.4473,5,5,3,13,Loyal Customers
17361,204,1,1767.0373,2,1,4,7,Can't Lose Them
17362,34,1,2074.0681999999997,5,1,4,10,Potential Loyalists
17363,43,1,2137.3596000000002,5,1,4,10,Potential Loyalists
17364,40,1,2126.7024,5,1,4,10,Potential Loyalists
17365,46,1,2130.0338,5,1,4,10,Potential Loyalists
17366,287,1,44.97,1,1,1,3,Lost Customers
17367,263,1,68.49,1,1,2,4,Lost Customers
17368,322,1,4.99,1,1,1,3,Lost Customers
17369,319,1,19.55,1,1,1,3,Lost Customers
17370,199,1,1061.0517,2,1,4,7,Can't Lose Them
17371,18,3,184.97729999999999,5,5,3,13,Loyal Customers
17372,107,1,1733.96,4,1,4,9,Potential Loyalists
17373,101,1,1734.6342,4,1,4,9,Potential Loyalists
17374,169,3,316.4062,3,5,3,11,Loyal Customers
17375,236,1,47.0962,2,1,1,4,Lost Customers
17376,202,1,9.98,2,1,1,4,Lost Customers
17377,92,1,9.98,4,1,1,6,New Customers
17379,295,1,129.98,1,1,3,5,Can't Lose Them
17380,290,1,44.97,1,1,1,3,Lost Customers
17381,318,1,196.88,1,1,3,5,Can't Lose Them
17382,70,1,57.0762,4,1,1,6,New Customers
17383,102,1,12.27,4,1,1,6,New Customers
17384,197,1,1783.0762,2,1,4,7,Can't Lose Them
17385,75,3,332.2377,4,5,3,12,Loyal Customers
17386,197,1,1735.98,2,1,4,7,Can't Lose Them
17387,268,3,308.3984,1,5,3,9,At Risk
17388,116,1,1772.2684,3,1,4,8,Potential Loyalists
17389,205,1,1802.0762,2,1,4,7,Can't Lose Them
17390,233,1,44.97,2,1,1,4,Lost Customers
17392,268,1,27.2684,1,1,1,3,Lost Customers
17393,43,1,2186.2696,5,1,4,10,Potential Loyalists
17394,68,1,73.48,4,1,2,7,New Customers
17395,124,1,9.98,3,1,1,5,Potential Loyalists
17396,180,1,25.880000000000003,2,1,1,4,Lost Customers
17398,56,1,2105.0638000000004,4,1,4,9,Potential Loyalists
17399,58,1,2141.1255,4,1,4,9,Potential Loyalists
17400,108,1,2118.0281999999997,4,1,4,9,Potential Loyalists
17401,32,1,2084.0982,5,1,4,10,Potential Loyalists
17402,100,1,2069.0782,4,1,4,9,Potential Loyalists
17403,121,1,2075.9996,3,1,4,8,Potential Loyalists
17404,95,1,1709.6342,4,1,4,9,Potential Loyalists
17405,190,1,1748.0862,2,1,4,7,Can't Lose Them
17406,85,1,14.56,4,1,1,6,New Customers
17407,233,1,53.057300000000005,2,1,1,4,Lost Customers
17408,125,1,9.98,3,1,1,5,Potential Loyalists
17409,90,2,227.87,4,5,3,12,Loyal Customers
17410,113,2,213.6935,3,5,3,11,Loyal Customers
17411,64,2,155.47,4,5,3,12,Loyal Customers
17412,45,1,2169.0982,5,1,4,10,Potential Loyalists
17413,45,1,2152.638,5,1,4,10,Potential Loyalists
17414,49,1,2049.0982,5,1,4,10,Potential Loyalists
17415,60,1,2053.6782,4,1,4,9,Potential Loyalists
17416,60,1,2147.0481999999997,4,1,4,9,Potential Loyalists
17417,35,1,2106.4196,5,1,4,10,Potential Loyalists
17418,238,1,48.6142,2,1,1,4,Lost Customers
17420,36,1,2144.8296,5,1,4,10,Potential Loyalists
17422,148,2,213.2183,3,5,3,11,Loyal Customers
17423,45,1,2051.3882,5,1,4,10,Potential Loyalists
17424,41,1,2179.8996,5,1,4,10,Potential Loyalists
17425,45,1,2160.7697,5,1,4,10,Potential Loyalists
17426,186,1,14.97,2,1,1,4,Lost Customers
17427,34,1,2148.0481999999997,5,1,4,10,Potential Loyalists
17428,210,1,44.97,2,1,1,4,Lost Customers
17429,28,1,9.98,5,1,1,7,New Customers
17430,219,1,9.98,2,1,1,4,Lost Customers
17431,285,1,14.97,1,1,1,3,Lost Customers
17432,169,1,9.98,3,1,1,5,Potential Loyalists
17433,46,1,2140.1544,5,1,4,10,Potential Loyalists
17434,189,1,9.98,2,1,1,4,Lost Customers
17435,82,1,77.6042,4,1,2,7,New Customers
17436,172,1,9.98,3,1,1,5,Potential Loyalists
17437,299,1,63.97,1,1,2,4,Lost Customers
17438,91,1,64.97,4,1,2,7,New Customers
17439,60,1,2137.3596000000002,4,1,4,9,Potential Loyalists
17440,140,1,9.98,3,1,1,5,Potential Loyalists
17441,42,1,2186.658,5,1,4,10,Potential Loyalists
17442,7,3,400.6284,5,5,3,13,Loyal Customers
17443,210,1,1754.98,2,1,4,7,Can't Lose Them
17444,197,1,134.97,2,1,3,6,Can't Lose Them
17445,202,1,1733.96,2,1,4,7,Can't Lose Them
17446,30,1,2149.4469000000004,5,1,4,10,Potential Loyalists
17447,326,1,35.9126,1,1,1,3,Lost Customers
17448,94,1,92.06620000000001,4,1,2,7,New Customers
17449,290,1,4.99,1,1,1,3,Lost Customers
17450,33,1,123.97999999999999,5,1,3,9,New Customers
17451,64,1,48.6142,4,1,1,6,New Customers
17452,35,1,9.98,5,1,1,7,New Customers
17453,33,1,2149.0238,5,1,4,10,Potential Loyalists
17454,116,1,9.98,3,1,1,5,Potential Loyalists
17455,239,1,14.56,2,1,1,4,Lost Customers
17456,198,1,9.98,2,1,1,4,Lost Customers
17457,28,1,53.057300000000005,5,1,1,7,New Customers
17458,49,1,2127.7224,5,1,4,10,Potential Loyalists
17459,184,1,64.97,2,1,2,5,Lost Customers
17461,49,1,2158.3796,5,1,4,10,Potential Loyalists
17462,45,1,2094.0782,5,1,4,10,Potential Loyalists
17463,202,1,1802.9499,2,1,4,7,Can't Lose Them
17464,188,1,1841.3157,2,1,4,7,Can't Lose Them
17465,182,1,1793.94,2,1,4,7,Can't Lose Them
17466,73,1,73.48,4,1,2,7,New Customers
17467,206,1,9.98,2,1,1,4,Lost Customers
17468,48,2,221.4842,5,5,3,13,Loyal Customers
17469,53,1,12.27,4,1,1,6,New Customers
17470,43,1,2084.0982,5,1,4,10,Potential Loyalists
17471,145,1,43.6242,3,1,1,5,Potential Loyalists
17472,5,1,14.97,5,1,1,7,New Customers
17473,96,1,9.98,4,1,1,6,New Customers
17474,52,1,2105.0638000000004,4,1,4,9,Potential Loyalists
17475,35,1,2147.0481999999997,5,1,4,10,Potential Loyalists
17476,89,1,1700.99,4,1,4,9,Potential Loyalists
17477,195,1,1700.99,2,1,4,7,Can't Lose Them
17478,204,1,1104.726,2,1,4,7,Can't Lose Them
17479,205,2,214.3681,2,5,3,10,At Risk
17480,193,1,1750.97,2,1,4,7,Can't Lose Them
17481,238,2,181.20839999999998,2,5,3,10,At Risk
17482,147,2,185.5642,3,5,3,11,Loyal Customers
17483,188,2,99.00999999999999,2,5,2,9,Potential Loyalists
17485,282,1,106.9973,1,1,2,4,Lost Customers
17486,242,1,96.6815,2,1,2,5,Lost Customers
17487,125,1,16.85,3,1,1,5,Potential Loyalists
17488,285,1,9.98,1,1,1,3,Lost Customers
17489,212,1,63.97,2,1,2,5,Lost Customers
17490,53,1,30.87,4,1,1,6,New Customers
17491,59,1,69.97,4,1,2,7,New Customers
17492,190,1,117.0562,2,1,2,5,Lost Customers
17493,16,2,152.94,5,5,3,13,Loyal Customers
17494,214,2,132.5942,2,5,3,10,At Risk
17495,81,2,171.82,4,5,3,12,Loyal Customers
17496,92,1,131.5942,4,1,3,8,New Customers
17497,152,1,1735.82,3,1,4,8,Potential Loyalists
17498,194,1,594.94,2,1,3,6,Can't Lose Them
17499,52,1,2049.0982,4,1,4,9,Potential Loyalists
17500,69,1,120.0,4,1,2,7,New Customers
17501,61,2,163.96,4,5,3,12,Loyal Customers
17502,133,1,2252.1567,3,1,4,8,Potential Loyalists
17503,2,2,126.5942,5,5,3,13,Loyal Customers
17504,24,1,799.45,5,1,3,9,New Customers
17505,235,1,16.85,2,1,1,4,Lost Customers
17506,327,1,20.89,1,1,1,3,Lost Customers
17507,148,1,73.96000000000001,3,1,2,6,Potential Loyalists
17508,36,1,2116.9082,5,1,4,10,Potential Loyalists
17509,18,2,190.5662,5,5,3,13,Loyal Customers
17510,10,1,813.45,5,1,3,9,New Customers
17511,341,1,602.24,1,1,3,5,Can't Lose Them
17512,357,1,619.55,1,1,3,5,Can't Lose Them
17514,327,1,587.2384,1,1,3,5,Can't Lose Them
17515,243,1,564.99,2,1,3,6,Can't Lose Them
17516,3,1,44.97,5,1,1,7,New Customers
17517,35,1,43.6242,5,1,1,7,New Customers
17518,185,1,539.99,2,1,3,6,Can't Lose Them
17519,280,1,68.96000000000001,1,1,2,4,Lost Customers
17520,80,1,9.98,4,1,1,6,New Customers
17521,176,1,1749.0573,3,1,4,8,Potential Loyalists
17522,48,2,114.2184,5,5,2,12,Potential Loyalists
17523,2,1,9.98,5,1,1,7,New Customers
17524,37,1,2093.0582,5,1,4,10,Potential Loyalists
17525,131,1,9.98,3,1,1,5,Potential Loyalists
17526,269,1,9.98,1,1,1,3,Lost Customers
17527,60,1,30.87,4,1,1,6,New Customers
17528,51,1,58.04730000000001,5,1,1,7,New Customers
17529,93,1,32.2584,4,1,1,6,New Customers
17530,157,1,105.1435,3,1,2,6,Potential Loyalists
17531,197,1,27.2684,2,1,1,4,Lost Customers
17532,171,1,9.98,3,1,1,5,Potential Loyalists
17533,153,1,1734.6342,3,1,4,8,Potential Loyalists
17534,112,1,9.98,3,1,1,5,Potential Loyalists
17535,52,1,2156.8996,4,1,4,9,Potential Loyalists
17536,34,1,2150.3696,5,1,4,10,Potential Loyalists
17537,41,1,2071.4196,5,1,4,10,Potential Loyalists
17538,194,1,9.98,2,1,1,4,Lost Customers
17539,51,2,286.16970000000003,5,5,3,13,Loyal Customers
17540,324,1,27.2684,1,1,1,3,Lost Customers
17541,211,1,9.98,2,1,1,4,Lost Customers
17542,44,1,2115.3796,5,1,4,10,Potential Loyalists
17543,53,1,2169.0982,4,1,4,9,Potential Loyalists
17544,53,1,2116.3996,4,1,4,9,Potential Loyalists
17545,41,1,2115.3796,5,1,4,10,Potential Loyalists
17546,56,1,2106.3366,4,1,4,9,Potential Loyalists
17547,167,1,4.99,3,1,1,5,Potential Loyalists
17548,159,1,1700.99,3,1,4,8,Potential Loyalists
17550,9,1,9.98,5,1,1,7,New Customers
17551,127,2,242.8899,3,5,3,11,Loyal Customers
17552,44,1,2110.9996,5,1,4,10,Potential Loyalists
17553,36,1,2127.2696,5,1,4,10,Potential Loyalists
17554,315,1,38.6342,1,1,1,3,Lost Customers
17555,60,1,2174.9096,4,1,4,9,Potential Loyalists
17556,266,1,9.98,1,1,1,3,Lost Customers
17557,186,1,539.99,2,1,3,6,Can't Lose Them
17558,65,1,1821.6143,4,1,4,9,Potential Loyalists
17559,171,1,1762.5942,3,1,4,8,Potential Loyalists
17560,134,1,44.97,3,1,1,5,Potential Loyalists
17561,157,1,1735.98,3,1,4,8,Potential Loyalists
17562,189,1,27.2684,2,1,1,4,Lost Customers
17563,39,1,2182.2596,5,1,4,10,Potential Loyalists
17564,173,1,1734.6342,3,1,4,8,Potential Loyalists
17565,151,1,1749.0573,3,1,4,8,Potential Loyalists
17566,164,1,1735.98,3,1,4,8,Potential Loyalists
17567,177,1,1718.2784,3,1,4,8,Potential Loyalists
17568,142,1,1719.96,3,1,4,8,Potential Loyalists
17569,304,1,90.7204,1,1,2,4,Lost Customers
17570,304,1,82.2584,1,1,2,4,Lost Customers
17571,132,1,1772.2684,3,1,4,8,Potential Loyalists
17572,136,1,1734.6342,3,1,4,8,Potential Loyalists
17573,136,1,1735.98,3,1,4,8,Potential Loyalists
17574,142,1,1718.2784,3,1,4,8,Potential Loyalists
17575,129,1,1734.6342,3,1,4,8,Potential Loyalists
17576,133,1,1749.0573,3,1,4,8,Potential Loyalists
17577,165,1,44.97,3,1,1,5,Potential Loyalists
17578,201,1,14.56,2,1,1,4,Lost Customers
17579,19,2,229.6504,5,5,3,13,Loyal Customers
17580,41,1,2154.4769,5,1,4,10,Potential Loyalists
17581,54,1,2159.7986,4,1,4,9,Potential Loyalists
17582,41,1,2154.8896,5,1,4,10,Potential Loyalists
17583,316,1,44.97,1,1,1,3,Lost Customers
17585,24,2,194.73839999999998,5,5,3,13,Loyal Customers
17586,84,1,1749.0573,4,1,4,9,Potential Loyalists
17587,54,1,9.98,4,1,1,6,New Customers
17588,47,1,27.2684,5,1,1,7,New Customers
17590,299,1,9.98,1,1,1,3,Lost Customers
17591,31,1,2098.6582,5,1,4,10,Potential Loyalists
17592,35,1,2101.3796,5,1,4,10,Potential Loyalists
17593,54,1,2156.5582,4,1,4,9,Potential Loyalists
17594,31,1,2150.3696,5,1,4,10,Potential Loyalists
17595,43,1,1782.7015000000001,5,1,4,10,Potential Loyalists
17596,136,1,1749.0573,3,1,4,8,Potential Loyalists
17597,129,1,1754.8826,3,1,4,8,Potential Loyalists
17598,144,1,39.980000000000004,3,1,1,5,Potential Loyalists
17600,139,1,1796.1535,3,1,4,8,Potential Loyalists
17601,185,2,313.00419999999997,2,5,3,10,At Risk
17602,141,1,9.98,3,1,1,5,Potential Loyalists
17603,97,1,9.98,4,1,1,6,New Customers
17604,59,1,2127.7224,4,1,4,9,Potential Loyalists
17605,253,1,43.6242,2,1,1,4,Lost Customers
17606,103,1,9.98,4,1,1,6,New Customers
17607,120,1,58.04730000000001,3,1,1,5,Potential Loyalists
17608,143,1,1700.99,3,1,4,8,Potential Loyalists
17609,148,1,1750.97,3,1,4,8,Potential Loyalists
17610,200,1,43.6242,2,1,1,4,Lost Customers
17611,223,1,43.6242,2,1,1,4,Lost Customers
17612,34,1,2148.6823999999997,5,1,4,10,Potential Loyalists
17613,94,1,2174.7697,4,1,4,9,Potential Loyalists
17614,140,1,1700.99,3,1,4,8,Potential Loyalists
17615,143,1,1780.9126,3,1,4,8,Potential Loyalists
17616,246,1,4.99,2,1,1,4,Lost Customers
17617,142,1,1754.98,3,1,4,8,Potential Loyalists
17618,132,1,44.97,3,1,1,5,Potential Loyalists
17619,37,2,240.9373,5,5,3,13,Loyal Customers
17620,146,1,1700.99,3,1,4,8,Potential Loyalists
17621,130,1,1761.24,3,1,4,8,Potential Loyalists
17622,103,1,2126.4096,4,1,4,9,Potential Loyalists
17623,53,1,2091.0582,4,1,4,9,Potential Loyalists
17624,54,1,2110.9996,4,1,4,9,Potential Loyalists
17625,92,1,2208.4269000000004,4,1,4,9,Potential Loyalists
17626,194,2,2999.1198,2,5,5,12,At Risk
17627,191,2,3029.6567,2,5,5,12,At Risk
17628,230,2,129.5773,2,5,3,10,At Risk
17629,326,2,4202.3,1,5,5,11,At Risk
17630,323,1,9.98,1,1,1,3,Lost Customers
17631,284,1,106.9799,1,1,2,4,Lost Customers
17632,168,2,3014.6567,3,5,5,13,Loyal Customers
17633,266,2,2788.9575,1,5,5,11,At Risk
17634,249,2,2735.0717,2,5,4,11,At Risk
17635,284,2,4161.6284,1,5,5,11,At Risk
17636,85,1,112.2384,4,1,2,7,New Customers
17637,318,1,184.95,1,1,3,5,Can't Lose Them
17638,21,1,104.95,5,1,2,8,New Customers
17639,162,2,3075.0325000000003,3,5,5,13,Loyal Customers
17640,310,1,24.99,1,1,1,3,Lost Customers
17641,225,2,2736.4175,2,5,4,11,At Risk
17642,15,2,82.8426,5,5,2,12,Potential Loyalists
17643,51,1,109.94,5,1,2,8,New Customers
17644,356,2,3025.6284,1,5,5,11,At Risk
17645,46,2,146.83,5,5,3,13,Loyal Customers
17646,222,2,2749.4948,2,5,4,11,At Risk
17647,57,3,3873.5972,4,5,5,14,Champions
17648,42,3,3890.4799000000003,5,5,5,15,Champions
17649,316,1,11.97,1,1,1,3,Lost Customers
17650,49,1,37.6342,5,1,1,7,New Customers
17651,33,3,3983.8401000000003,5,5,5,15,Champions
17652,248,1,20.51,2,1,1,4,Lost Customers
17653,231,1,48.6142,2,1,1,4,Lost Customers
17654,42,1,1767.0373,5,1,4,10,Potential Loyalists
17655,34,1,1749.0573,5,1,4,10,Potential Loyalists
17656,38,1,582.5081,5,1,3,9,New Customers
17657,313,1,97.95,1,1,2,4,Lost Customers
17658,123,1,14.56,3,1,1,5,Potential Loyalists
17659,145,1,1718.97,3,1,4,8,Potential Loyalists
17660,142,1,1728.95,3,1,4,8,Potential Loyalists
17661,143,1,1718.2784,3,1,4,8,Potential Loyalists
17662,145,1,1772.2684,3,1,4,8,Potential Loyalists
17663,279,1,9.57,1,1,1,3,Lost Customers
17664,206,1,671.6904,2,1,3,6,Can't Lose Them
17665,55,1,38.6342,4,1,1,6,New Customers
17666,122,1,1734.6342,3,1,4,8,Potential Loyalists
17667,134,1,1781.7304,3,1,4,8,Potential Loyalists
17668,186,1,567.95,2,1,3,6,Can't Lose Them
17669,188,1,655.5362,2,1,3,6,Can't Lose Them
17670,205,1,539.99,2,1,3,6,Can't Lose Them
17671,197,1,590.95,2,1,3,6,Can't Lose Them
17672,197,1,539.99,2,1,3,6,Can't Lose Them
17675,62,1,129.98,4,1,3,8,New Customers
17676,209,1,603.49,2,1,3,6,Can't Lose Them
17677,149,1,1734.6342,3,1,4,8,Potential Loyalists
17678,118,1,1735.98,3,1,4,8,Potential Loyalists
17679,70,1,43.6242,4,1,1,6,New Customers
17680,130,1,55.6242,3,1,1,5,Potential Loyalists
17681,103,1,1734.6342,4,1,4,9,Potential Loyalists
17682,172,1,73.48,3,1,2,6,Potential Loyalists
17683,294,1,9.98,1,1,1,3,Lost Customers
17684,41,1,9.98,5,1,1,7,New Customers
17685,329,1,14.97,1,1,1,3,Lost Customers
17686,233,1,64.56,2,1,2,5,Lost Customers
17688,125,1,9.98,3,1,1,5,Potential Loyalists
17689,166,1,9.98,3,1,1,5,Potential Loyalists
17690,117,1,1700.99,3,1,4,8,Potential Loyalists
17691,49,1,1802.0762,5,1,4,10,Potential Loyalists
17692,115,1,27.2684,3,1,1,5,Potential Loyalists
17693,272,1,27.2684,1,1,1,3,Lost Customers
17694,252,1,9.98,2,1,1,4,Lost Customers
17695,239,1,80.87,2,1,2,5,Lost Customers
17696,171,1,43.6242,3,1,1,5,Potential Loyalists
17698,237,1,82.95,2,1,2,5,Lost Customers
17699,178,1,80.87,3,1,2,6,Potential Loyalists
17700,343,2,2803.264,1,5,5,11,At Risk
17701,100,2,67.0562,4,5,2,11,Potential Loyalists
17702,81,2,111.6362,4,5,2,11,Potential Loyalists
17703,210,1,120.89259999999999,2,1,2,5,Lost Customers
17704,267,1,64.53999999999999,1,1,2,4,Lost Customers
17705,63,2,67.24,4,5,2,11,Potential Loyalists
17706,208,1,87.91,2,1,2,5,Lost Customers
17707,157,1,39.55,3,1,1,5,Potential Loyalists
17708,45,1,57.0762,5,1,1,7,New Customers
17709,59,2,135.8826,4,5,3,12,Loyal Customers
17710,154,2,142.2284,3,5,3,11,Loyal Customers
17711,175,1,134.94,3,1,3,7,Potential Loyalists
17712,167,1,91.94,3,1,2,6,Potential Loyalists
17713,252,1,104.95,2,1,2,5,Lost Customers
17714,236,2,2735.0717,2,5,4,11,At Risk
17715,325,2,2828.264,1,5,5,11,At Risk
17716,225,2,2701.4275,2,5,4,11,At Risk
17717,291,2,2877.5987,1,5,5,11,At Risk
17718,161,1,64.53999999999999,3,1,2,6,Potential Loyalists
17720,255,2,2797.4851,2,5,5,12,At Risk
17721,273,1,108.5942,1,1,2,4,Lost Customers
17722,290,2,3882.5525,1,5,5,11,At Risk
17723,84,2,167.86,4,5,3,12,Loyal Customers
17724,138,1,73.92,3,1,2,6,Potential Loyalists
17725,197,1,1000.4375,2,1,3,6,Can't Lose Them
17726,207,1,1045.6859,2,1,4,7,Can't Lose Them
17727,266,1,43.96,1,1,1,3,Lost Customers
17728,175,1,1062.9775,3,1,4,8,Potential Loyalists
17729,269,1,138.0073,1,1,3,5,Can't Lose Them
17730,177,1,1080.5037,3,1,4,8,Potential Loyalists
17731,23,1,49.849999999999994,5,1,1,7,New Customers
17732,164,1,1054.4275,3,1,4,8,Potential Loyalists
17733,160,1,1081.1779,3,1,4,8,Potential Loyalists
17734,178,1,1000.4375,3,1,3,7,Potential Loyalists
17735,141,1,1054.4275,3,1,4,8,Potential Loyalists
17736,123,1,1053.4075,3,1,4,8,Potential Loyalists
17737,208,1,59.98,2,1,1,4,Lost Customers
17738,309,1,49.98,1,1,1,3,Lost Customers
17739,195,2,2736.4175,2,5,4,11,At Risk
17740,276,1,77.96,1,1,2,4,Lost Customers
17742,271,2,4198.33,1,5,5,11,At Risk
17743,271,2,2791.5998,1,5,5,11,At Risk
17744,243,2,2772.4851,2,5,5,12,At Risk
17745,200,1,39.55,2,1,1,4,Lost Customers
17746,270,1,59.959999999999994,1,1,1,3,Lost Customers
17747,248,2,2765.5125,2,5,4,11,At Risk
17748,133,1,64.56,3,1,2,6,Potential Loyalists
17749,143,1,138.5842,3,1,3,7,Potential Loyalists
17750,252,2,2910.5125,2,5,5,12,At Risk
17751,224,1,123.47999999999999,2,1,3,6,Can't Lose Them
17752,182,2,2799.4748,2,5,5,12,At Risk
17753,220,2,3129.24,2,5,5,12,At Risk
17754,195,2,2755.4175,2,5,4,11,At Risk
17755,228,2,2790.5125,2,5,5,12,At Risk
17756,210,2,2734.3775,2,5,4,11,At Risk
17757,38,2,108.0273,5,5,2,12,Potential Loyalists
17758,154,1,64.53999999999999,3,1,2,6,Potential Loyalists
17759,199,1,104.53,2,1,2,5,Lost Customers
17760,11,2,134.5,5,5,3,13,Loyal Customers
17761,220,2,3939.6098,2,5,5,12,At Risk
17762,232,2,3936.5425,2,5,5,12,At Risk
17763,80,2,75.86,4,5,2,11,Potential Loyalists
17764,227,2,3905.5225,2,5,5,12,At Risk
17765,232,2,3933.4851,2,5,5,12,At Risk
17766,34,3,3891.8113000000003,5,5,5,15,Champions
17767,13,3,3873.1671,5,5,5,15,Champions
17768,228,2,3929.6486999999997,2,5,5,12,At Risk
17769,207,2,3934.8225,2,5,5,12,At Risk
17770,208,2,2729.3875,2,5,4,11,At Risk
17771,324,1,73.6142,1,1,2,4,Lost Customers
17772,228,2,2856.7721,2,5,5,12,At Risk
17773,182,2,2749.4948,2,5,4,11,At Risk
17775,205,2,2822.8875,2,5,5,12,At Risk
17776,183,2,110.45419999999999,2,5,2,9,Potential Loyalists
17777,204,2,4177.9842,2,5,5,12,At Risk
17778,20,3,3947.1541,5,5,5,15,Champions
17779,9,3,4041.9019,5,5,5,15,Champions
17780,19,3,3862.2744000000002,5,5,5,15,Champions
17781,58,3,6947.098,4,5,5,14,Champions
17782,165,2,3021.0425,3,5,5,13,Loyal Customers
17783,281,1,49.98,1,1,1,3,Lost Customers
17784,192,2,3908.4851,2,5,5,12,At Risk
17785,282,2,99.53,1,5,2,8,Potential Loyalists
17786,227,2,142.0462,2,5,3,10,At Risk
17787,165,2,2751.4075000000003,3,5,4,12,Loyal Customers
17788,270,1,93.60419999999999,1,1,2,4,Lost Customers
17789,188,2,3936.5425,2,5,5,12,At Risk
17790,232,2,3100.2126,2,5,5,12,At Risk
17791,198,1,98.5942,2,1,2,5,Lost Customers
17792,137,2,3283.7526,3,5,5,13,Loyal Customers
17793,109,2,3292.37,4,5,5,14,Champions
17794,195,2,2770.0924999999997,2,5,4,11,At Risk
17795,186,2,2983.34,2,5,5,12,At Risk
17796,197,2,3966.5987,2,5,5,12,At Risk
17797,147,1,93.60419999999999,3,1,2,6,Potential Loyalists
17798,188,2,3073.29,2,5,5,12,At Risk
17799,210,2,3932.5325000000003,2,5,5,12,At Risk
17800,163,1,41.849999999999994,3,1,1,5,Potential Loyalists
17801,35,1,192.88,5,1,3,9,New Customers
17802,194,1,113.92,2,1,2,5,Lost Customers
17803,209,2,2793.6187,2,5,5,12,At Risk
17804,183,1,112.2384,2,1,2,5,Lost Customers
17805,211,1,66.85,2,1,2,5,Lost Customers
17806,313,1,98.5942,1,1,2,4,Lost Customers
17807,88,2,146.7984,4,5,3,12,Loyal Customers
17808,13,2,187.2284,5,5,3,13,Loyal Customers
17809,175,1,250.8284,3,1,3,7,Potential Loyalists
17810,214,2,143.151,2,5,3,10,At Risk
17811,25,3,6757.364799999999,5,5,5,15,Champions
17812,98,2,3045.6025,4,5,5,14,Champions
17813,205,2,3025.29,2,5,5,12,At Risk
17814,35,2,184.6015,5,5,3,13,Loyal Customers
17815,188,2,3183.3462,2,5,5,12,At Risk
17816,179,1,72.25,3,1,2,6,Potential Loyalists
17817,37,1,97.0762,5,1,2,8,New Customers
17818,103,1,7.98,4,1,1,6,New Customers
17820,253,1,7.98,2,1,1,4,Lost Customers
17821,253,1,8.57,2,1,1,4,Lost Customers
17822,117,1,89.97,3,1,2,6,Potential Loyalists
17823,147,1,78.17,3,1,2,6,Potential Loyalists
17824,210,2,4372.16,2,5,5,12,At Risk
17825,15,3,6830.6436,5,5,5,15,Champions
17827,155,2,2755.4175,3,5,4,12,Loyal Customers
17828,116,2,3260.9073,3,5,5,13,Loyal Customers
17829,99,2,2985.6225,4,5,5,14,Champions
17830,155,2,2749.4948,3,5,4,12,Loyal Customers
17831,174,2,2759.3875,3,5,4,12,Loyal Customers
17832,136,1,49.98,3,1,1,5,Potential Loyalists
17833,72,3,5799.8182,4,5,5,14,Champions
17834,19,3,3947.1470000000004,5,5,5,15,Champions
17835,119,2,104.93,3,5,2,10,Potential Loyalists
17836,130,1,62.269999999999996,3,1,2,6,Potential Loyalists
17837,154,1,125.8726,3,1,3,7,Potential Loyalists
17838,72,2,39.55,4,5,1,10,Potential Loyalists
17839,10,2,69.94,5,5,2,12,Potential Loyalists
17840,97,2,253.95,4,5,3,12,Loyal Customers
17841,181,2,2825.5025,2,5,5,12,At Risk
17842,283,1,44.55,1,1,1,3,Lost Customers
17843,243,1,123.47999999999999,2,1,3,6,Can't Lose Them
17844,229,2,205.83,2,5,3,10,At Risk
17845,297,1,49.98,1,1,1,3,Lost Customers
17846,150,1,104.95,3,1,2,6,Potential Loyalists
17847,181,2,4144.34,2,5,5,12,At Risk
17848,179,2,3916.1967,3,5,5,13,Loyal Customers
17849,118,2,3046.216,3,5,5,13,Loyal Customers
17850,314,1,120.89259999999999,1,1,2,4,Lost Customers
17852,263,1,137.5642,1,1,3,5,Can't Lose Them
17853,153,1,84.95,3,1,2,6,Potential Loyalists
17855,12,2,218.5942,5,5,3,13,Loyal Customers
17856,105,1,69.53,4,1,2,7,New Customers
17857,181,1,74.97,2,1,2,5,Lost Customers
17858,39,1,1700.99,5,1,4,10,Potential Loyalists
17859,105,1,1735.98,4,1,4,9,Potential Loyalists
17860,113,1,1791.5842,3,1,4,8,Potential Loyalists
17861,35,1,1758.95,5,1,4,10,Potential Loyalists
17862,110,1,1749.0573,4,1,4,9,Potential Loyalists
17863,118,1,85.86,3,1,2,6,Potential Loyalists
17864,112,1,1749.0573,3,1,4,8,Potential Loyalists
17865,30,1,1788.6242,5,1,4,10,Potential Loyalists
17866,108,1,1734.6342,4,1,4,9,Potential Loyalists
17867,108,1,99.5842,4,1,2,7,New Customers
17868,102,1,1734.6342,4,1,4,9,Potential Loyalists
17869,113,1,1781.7304,3,1,4,8,Potential Loyalists
17870,117,1,1700.99,3,1,4,8,Potential Loyalists
17871,91,1,1758.95,4,1,4,9,Potential Loyalists
17872,68,1,43.6242,4,1,1,6,New Customers
17873,165,2,4209.6957,3,5,5,13,Loyal Customers
17874,38,1,69.96,5,1,2,8,New Customers
17875,224,1,49.98,2,1,1,4,Lost Customers
17876,226,1,57.959999999999994,2,1,1,4,Lost Customers
17877,224,1,216.95999999999998,2,1,3,6,Can't Lose Them
17878,51,1,73.6142,5,1,2,8,New Customers
17879,57,2,146.6615,4,5,3,12,Loyal Customers
17880,3,2,81.8,5,5,2,12,Potential Loyalists
17881,243,1,64.97,2,1,2,5,Lost Customers
17882,331,1,39.55,1,1,1,3,Lost Customers
17883,123,1,129.5368,3,1,3,7,Potential Loyalists
17884,146,1,59.959999999999994,3,1,1,5,Potential Loyalists
17885,136,2,2701.4275,3,5,4,12,Loyal Customers
17886,244,1,52.258399999999995,2,1,1,4,Lost Customers
17887,99,1,93.60419999999999,4,1,2,7,New Customers
17888,110,1,34.97,4,1,1,6,New Customers
17889,156,2,3041.9842,3,5,5,13,Loyal Customers
17890,152,2,2785.4925000000003,3,5,5,13,Loyal Customers
17891,143,2,2736.4175,3,5,4,12,Loyal Customers
17892,152,2,2816.4451,3,5,5,13,Loyal Customers
17894,126,2,2718.7159,3,5,4,12,Loyal Customers
17895,257,1,59.959999999999994,1,1,1,3,Lost Customers
17896,177,2,3099.3662,3,5,5,13,Loyal Customers
17897,131,2,2802.5137,3,5,5,13,Loyal Customers
17898,161,2,4237.29,3,5,5,13,Loyal Customers
17899,219,1,59.98,2,1,1,4,Lost Customers
17900,137,2,2749.4948,3,5,4,12,Loyal Customers
17901,57,1,66.53,4,1,2,7,New Customers
17902,175,2,4177.29,3,5,5,13,Loyal Customers
17903,65,1,66.83,4,1,2,7,New Customers
17904,144,1,1034.0817,3,1,3,7,Potential Loyalists
17905,49,1,33.46,5,1,1,7,New Customers
17906,24,1,21.49,5,1,1,7,New Customers
17907,82,1,53.25,4,1,1,6,New Customers
17908,291,1,67.45,1,1,2,4,Lost Customers
17909,143,1,1063.0717,3,1,4,8,Potential Loyalists
17910,97,1,1000.4375,4,1,3,8,New Customers
17911,120,1,1000.4375,3,1,3,7,Potential Loyalists
17912,95,1,1054.4275,4,1,4,9,Potential Loyalists
17913,117,1,1035.4275,3,1,4,8,Potential Loyalists
17914,106,1,1000.4375,4,1,3,8,New Customers
17915,112,1,1109.4274,3,1,4,8,Potential Loyalists
17916,91,1,1089.4175,4,1,4,9,Potential Loyalists
17917,119,1,1034.0817,3,1,3,7,Potential Loyalists
17918,112,1,1034.0817,3,1,3,7,Potential Loyalists
17919,106,1,1035.4275,4,1,4,9,Potential Loyalists
17920,85,1,1035.4275,4,1,4,9,Potential Loyalists
17921,85,1,1000.4375,4,1,3,8,New Customers
17922,84,1,1128.3875,4,1,4,9,Potential Loyalists
17923,65,1,1054.4275,4,1,4,9,Potential Loyalists
17924,71,1,1034.0817,4,1,3,8,New Customers
17925,66,1,1000.4375,4,1,3,8,New Customers
17926,36,1,1034.3175,5,1,4,10,Potential Loyalists
17927,44,1,1030.0075,5,1,3,9,New Customers
17928,155,2,3916.1967,3,5,5,13,Loyal Customers
17929,141,2,3910.5125,3,5,5,13,Loyal Customers
17930,101,1,103.60419999999999,4,1,2,7,New Customers
17931,122,1,29.99,3,1,1,5,Potential Loyalists
17932,125,2,2769.3875,3,5,4,12,Loyal Customers
17933,163,2,3110.0315,3,5,5,13,Loyal Customers
17934,130,2,3929.6486999999997,3,5,5,13,Loyal Customers
17935,188,1,117.94,2,1,2,5,Lost Customers
17936,253,1,68.6142,2,1,2,5,Lost Customers
17937,144,2,3090.8,3,5,5,13,Loyal Customers
17940,143,2,3882.5525,3,5,5,13,Loyal Customers
17941,104,2,3945.5025,4,5,5,14,Champions
17942,96,2,3910.5125,4,5,5,14,Champions
17943,133,2,2781.5425,3,5,5,13,Loyal Customers
17944,130,2,2749.4948,3,5,4,12,Loyal Customers
17945,119,2,3983.6387,3,5,5,13,Loyal Customers
17946,100,2,3882.5525,4,5,5,14,Champions
17947,110,2,3930.6198,4,5,5,14,Champions
17948,135,2,3082.2599999999998,3,5,5,13,Loyal Customers
17949,30,3,2603.9790000000003,5,5,4,14,Champions
17950,145,2,2763.9674999999997,3,5,4,12,Loyal Customers
17951,175,1,31.86,3,1,1,5,Potential Loyalists
17952,64,2,3948.5998,4,5,5,14,Champions
17953,130,1,118.0273,3,1,2,6,Potential Loyalists
17954,221,1,69.96,2,1,2,5,Lost Customers
17955,44,1,116.5942,5,1,2,8,New Customers
17956,113,1,1763.53,3,1,4,8,Potential Loyalists
17957,96,1,1735.98,4,1,4,9,Potential Loyalists
17958,127,2,2815.1666999999998,3,5,5,13,Loyal Customers
17959,124,2,2773.8225,3,5,5,13,Loyal Customers
17960,69,2,2999.1198,4,5,5,14,Champions
17961,54,1,112.2384,4,1,2,7,New Customers
17962,130,2,2830.4725,3,5,5,13,Loyal Customers
17963,78,2,3930.6198,4,5,5,14,Champions
17964,61,3,5526.4033,4,5,5,14,Champions
17965,84,2,2999.1198,4,5,5,14,Champions
17966,32,2,3260.9073,5,5,5,15,Champions
17967,0,1,69.53,5,1,2,8,New Customers
17968,124,2,3041.9842,3,5,5,13,Loyal Customers
17969,116,2,3062.29,3,5,5,13,Loyal Customers
17970,270,1,54.559999999999995,1,1,1,3,Lost Customers
17971,93,1,1734.6342,4,1,4,9,Potential Loyalists
17972,119,2,2801.5225,3,5,5,13,Loyal Customers
17973,112,1,1885.82,3,1,4,8,Potential Loyalists
17974,98,2,2836.3725,4,5,5,14,Champions
17975,321,1,817.5573,1,1,3,5,Can't Lose Them
17976,63,3,5549.5436,4,5,5,14,Champions
17977,58,2,2991.0025,4,5,5,14,Champions
17978,19,2,3048.6367,5,5,5,15,Champions
17979,6,2,3016.0025,5,5,5,15,Champions
17980,71,2,4192.4073,4,5,5,14,Champions
17981,93,2,2983.34,4,5,5,14,Champions
17982,267,1,859.4300000000001,1,1,3,5,Can't Lose Them
17983,81,3,5550.067499999999,4,5,5,14,Champions
17984,75,3,5831.907999999999,4,5,5,14,Champions
17985,71,3,5781.1277,4,5,5,14,Champions
17986,37,3,5602.0806,5,5,5,15,Champions
17987,90,1,1749.0573,4,1,4,9,Potential Loyalists
17988,66,1,119.84,4,1,2,7,New Customers
17989,89,2,3930.6198,4,5,5,14,Champions
17990,79,2,2778.5225,4,5,5,14,Champions
17991,156,1,110.89259999999999,3,1,2,6,Potential Loyalists
17992,303,1,64.83,1,1,2,4,Lost Customers
17993,327,1,78.98,1,1,2,4,Lost Customers
17994,314,1,52.269999999999996,1,1,1,3,Lost Customers
17995,116,1,56.849999999999994,3,1,1,5,Potential Loyalists
17996,90,1,1754.98,4,1,4,9,Potential Loyalists
17997,253,1,109.94,2,1,2,5,Lost Customers
17998,84,2,4144.34,4,5,5,14,Champions
17999,87,1,1754.98,4,1,4,9,Potential Loyalists
18000,72,2,3154.21,4,5,5,14,Champions
18001,47,1,62.54,5,1,2,8,New Customers
18002,98,1,79.55,4,1,2,7,New Customers
18004,240,1,817.5573,2,1,3,6,Can't Lose Them
18005,39,3,5572.6149,5,5,5,15,Champions
18006,240,1,45.6142,2,1,1,4,Lost Customers
18007,153,1,42.97,3,1,1,5,Potential Loyalists
18008,83,2,2474.0881,4,5,4,13,Champions
18009,90,2,2435.0782,4,5,4,13,Champions
18010,66,2,2481.7997,4,5,4,13,Champions
18011,72,2,2625.6182,4,5,4,13,Champions
18012,56,1,54.949999999999996,4,1,1,6,New Customers
18014,265,1,93.49,1,1,2,4,Lost Customers
18016,44,1,69.96,5,1,2,8,New Customers
18017,313,1,49.98,1,1,1,3,Lost Customers
18018,111,1,73.95,3,1,2,6,Potential Loyalists
18019,31,3,5480.4607,5,5,5,15,Champions
18020,126,1,86.39,3,1,2,6,Potential Loyalists
18021,61,2,2813.5798,4,5,5,14,Champions
18022,303,1,91.60419999999999,1,1,2,4,Lost Customers
18023,88,1,216.95999999999998,4,1,3,8,New Customers
18024,270,1,154.97,1,1,3,5,Can't Lose Them
18025,129,1,69.55,3,1,2,6,Potential Loyalists
18026,26,2,2995.6025,5,5,5,15,Champions
18027,84,2,3916.1967,4,5,5,14,Champions
18028,28,2,2999.1198,5,5,5,15,Champions
18029,123,1,82.97,3,1,2,6,Potential Loyalists
18030,296,1,118.5942,1,1,2,4,Lost Customers
18031,225,1,49.98,2,1,1,4,Lost Customers
18032,236,1,193.7777,2,1,3,6,Can't Lose Them
18033,118,1,49.98,3,1,1,5,Potential Loyalists
18034,220,1,87.6142,2,1,2,5,Lost Customers
18035,2,1,92.95,5,1,2,8,New Customers
18036,274,1,49.98,1,1,1,3,Lost Customers
18037,110,1,97.0762,4,1,2,7,New Customers
18038,82,2,2435.0782,4,5,4,13,Champions
18039,87,2,2448.1555,4,5,4,13,Champions
18040,181,1,228.95999999999998,2,1,3,6,Can't Lose Them
18041,163,1,67.24,3,1,2,6,Potential Loyalists
18042,270,1,59.959999999999994,1,1,1,3,Lost Customers
18043,221,1,64.97,2,1,2,5,Lost Customers
18044,112,1,62.25,3,1,2,6,Potential Loyalists
18045,64,2,3939.6098,4,5,5,14,Champions
18046,82,2,2433.7324,4,5,4,13,Champions
18047,79,2,2736.4175,4,5,4,13,Champions
18048,40,1,99.94,5,1,2,8,New Customers
18049,106,1,1782.7015000000001,4,1,4,9,Potential Loyalists
18050,110,1,1749.0573,4,1,4,9,Potential Loyalists
18051,26,1,1735.98,5,1,4,10,Potential Loyalists
18052,102,1,1734.6342,4,1,4,9,Potential Loyalists
18053,319,1,14.56,1,1,1,3,Lost Customers
18054,79,2,182.5242,4,5,3,12,Loyal Customers
18055,140,2,239.8873,3,5,3,11,Loyal Customers
18056,113,1,1775.96,3,1,4,8,Potential Loyalists
18057,117,1,1700.99,3,1,4,8,Potential Loyalists
18058,116,1,43.6242,3,1,1,5,Potential Loyalists
18059,112,1,1719.96,3,1,4,8,Potential Loyalists
18060,118,1,1700.99,3,1,4,8,Potential Loyalists
18062,97,1,83.9799,4,1,2,7,New Customers
18063,276,1,58.04730000000001,1,1,1,3,Lost Customers
18064,280,1,68.96000000000001,1,1,2,4,Lost Customers
18065,78,2,177.45,4,5,3,12,Loyal Customers
18066,46,1,2122.6924,5,1,4,10,Potential Loyalists
18067,41,1,2134.5782,5,1,4,10,Potential Loyalists
18068,58,1,2191.4196,4,1,4,9,Potential Loyalists
18069,148,1,9.98,3,1,1,5,Potential Loyalists
18071,246,1,78.47,2,1,2,5,Lost Customers
18072,112,1,9.98,3,1,1,5,Potential Loyalists
18074,161,1,63.97,3,1,2,6,Potential Loyalists
18075,53,1,2156.3796,4,1,4,9,Potential Loyalists
18076,60,1,88.82000000000001,4,1,2,7,New Customers
18077,211,1,124.7004,2,1,3,6,Can't Lose Them
18078,97,2,196.74880000000002,4,5,3,12,Loyal Customers
18079,103,1,1700.99,4,1,4,9,Potential Loyalists
18080,115,1,1774.85,3,1,4,8,Potential Loyalists
18081,150,2,103.94,3,5,2,10,Potential Loyalists
18082,50,1,81.2584,5,1,2,8,New Customers
18083,180,1,91.6915,2,1,2,5,Lost Customers
18084,100,1,1796.1535,4,1,4,9,Potential Loyalists
18085,92,1,1768.0273,4,1,4,9,Potential Loyalists
18086,108,1,1755.2284,4,1,4,9,Potential Loyalists
18087,121,1,27.2684,3,1,1,5,Potential Loyalists
18088,107,1,1734.6342,4,1,4,9,Potential Loyalists
18090,220,2,134.81,2,5,3,10,At Risk
18091,23,1,1749.0573,5,1,4,10,Potential Loyalists
18092,26,1,1814.7004,5,1,4,10,Potential Loyalists
18093,194,1,27.96,2,1,1,4,Lost Customers
18094,311,1,68.49,1,1,2,4,Lost Customers
18095,325,1,63.97,1,1,2,4,Lost Customers
18096,113,1,1735.98,3,1,4,8,Potential Loyalists
18097,280,1,43.6242,1,1,1,3,Lost Customers
18098,113,1,1754.98,3,1,4,8,Potential Loyalists
18099,200,1,9.98,2,1,1,4,Lost Customers
18100,163,1,64.97,3,1,2,6,Potential Loyalists
18101,40,1,114.2685,5,1,2,8,New Customers
18102,326,1,9.98,1,1,1,3,Lost Customers
18103,18,1,1735.98,5,1,4,10,Potential Loyalists
18104,269,1,22.278399999999998,1,1,1,3,Lost Customers
18105,276,1,43.6242,1,1,1,3,Lost Customers
18106,250,1,9.98,2,1,1,4,Lost Customers
18108,118,1,1734.6342,3,1,4,8,Potential Loyalists
18109,307,1,128.47,1,1,3,5,Can't Lose Them
18110,327,1,33.83,1,1,1,3,Lost Customers
18111,315,1,9.98,1,1,1,3,Lost Customers
18112,200,1,92.06620000000001,2,1,2,5,Lost Customers
18113,51,1,2163.4469000000004,5,1,4,10,Potential Loyalists
18115,35,1,27.2684,5,1,1,7,New Customers
18116,77,1,2127.0438000000004,4,1,4,9,Potential Loyalists
18117,5,1,27.2684,5,1,1,7,New Customers
18118,29,1,1749.0573,5,1,4,10,Potential Loyalists
18119,70,1,27.2684,4,1,1,6,New Customers
18120,113,1,1750.97,3,1,4,8,Potential Loyalists
18122,64,1,2191.4196,4,1,4,9,Potential Loyalists
18123,299,1,9.98,1,1,1,3,Lost Customers
18124,103,1,77.60419999999999,4,1,2,7,New Customers
18125,147,3,5490.927100000001,3,5,5,13,Loyal Customers
18126,36,3,6713.3249,5,5,5,15,Champions
18127,39,3,6784.4111,5,5,5,15,Champions
18128,256,1,107.46000000000001,2,1,2,5,Lost Customers
18130,140,3,5532.9833,3,5,5,13,Loyal Customers
18131,111,2,2775.0978000000005,3,5,5,13,Loyal Customers
18132,110,2,2800.4778,4,5,5,14,Champions
18133,110,3,5553.877100000001,4,5,5,14,Champions
18134,105,3,5501.8267,4,5,5,14,Champions
18135,41,3,6713.962100000001,5,5,5,15,Champions
18137,111,2,2821.4204,3,5,5,13,Loyal Customers
18138,22,1,97.95,5,1,2,8,New Customers
18139,111,3,5566.105500000001,3,5,5,13,Loyal Customers
18140,104,3,5529.7471000000005,4,5,5,14,Champions
18141,12,3,6785.2207,5,5,5,15,Champions
18142,61,1,48.54,4,1,1,6,New Customers
18143,112,2,2832.1463999999996,3,5,5,13,Loyal Customers
18144,28,1,63.94,5,1,2,8,New Customers
18145,320,1,92.0273,1,1,2,4,Lost Customers
18146,66,1,85.92,4,1,2,7,New Customers
18148,232,2,1516.6555,2,5,4,11,At Risk
18149,58,2,64.79,4,5,2,11,Potential Loyalists
18150,309,1,98.95,1,1,2,4,Lost Customers
18151,279,1,98.95,1,1,2,4,Lost Customers
18152,304,1,120.93,1,1,2,4,Lost Customers
18154,214,1,135.9862,2,1,3,6,Can't Lose Them
18155,180,1,53.614200000000004,2,1,1,4,Lost Customers
18156,3,2,93.1842,5,5,2,12,Potential Loyalists
18157,108,2,3157.7897000000003,4,5,5,14,Champions
18158,25,3,6632.0190999999995,5,5,5,15,Champions
18160,15,3,6677.3449,5,5,5,15,Champions
18161,217,1,19.55,2,1,1,4,Lost Customers
18162,79,1,14.56,4,1,1,6,New Customers
18163,98,2,2813.1464,4,5,5,14,Champions
18164,92,2,3083.1799,4,5,5,14,Champions
18165,85,2,94.53,4,5,2,11,Potential Loyalists
18166,17,3,6978.4482,5,5,5,15,Champions
18167,114,2,3154.9144,3,5,5,13,Loyal Customers
18168,10,3,6671.9221,5,5,5,15,Champions
18169,276,1,14.56,1,1,1,3,Lost Customers
18170,294,1,38.6342,1,1,1,3,Lost Customers
18171,119,2,3086.7940999999996,3,5,5,13,Loyal Customers
18172,69,1,44.97,4,1,1,6,New Customers
18173,23,3,7019.005,5,5,5,15,Champions
18174,331,1,12.27,1,1,1,3,Lost Customers
18175,94,2,2835.4778,4,5,5,14,Champions
18176,101,2,3114.4857,4,5,5,14,Champions
18177,19,3,6851.019400000001,5,5,5,15,Champions
18178,202,1,43.96,2,1,1,4,Lost Customers
18179,254,1,9.98,2,1,1,4,Lost Customers
18180,231,1,25.880000000000003,2,1,1,4,Lost Customers
18181,204,2,227.9099,2,5,3,10,At Risk
18182,262,1,9.98,1,1,1,3,Lost Customers
18183,110,2,3117.7171,4,5,5,14,Champions
18184,73,1,93.03730000000002,4,1,2,7,New Customers
18185,108,2,3123.4557,4,5,5,14,Champions
18186,143,2,184.0342,3,5,3,11,Loyal Customers
18187,207,1,121.78999999999999,2,1,2,5,Lost Customers
18188,141,1,2255.7867,3,1,4,8,Potential Loyalists
18189,215,1,539.99,2,1,3,6,Can't Lose Them
18190,99,2,91.8726,4,5,2,11,Potential Loyalists
18191,50,2,124.7484,5,5,3,13,Loyal Customers
18193,147,1,594.55,3,1,3,7,Potential Loyalists
18194,144,2,116.2384,3,5,2,10,Potential Loyalists
18195,31,2,102.7684,5,5,2,12,Potential Loyalists
18196,127,1,569.95,3,1,3,7,Potential Loyalists
18197,99,2,61.248400000000004,4,5,2,11,Potential Loyalists
18198,65,1,589.97,4,1,3,8,New Customers
18199,178,2,145.1984,3,5,3,11,Loyal Customers
18200,90,1,604.53,4,1,3,8,New Customers
18201,73,1,607.0562,4,1,3,8,New Customers
18202,42,1,564.99,5,1,3,9,New Customers
18203,42,1,593.98,5,1,3,9,New Customers
18204,45,1,569.95,5,1,3,9,New Customers
18205,352,1,2216.5525,1,1,4,6,Can't Lose Them
18206,175,2,116.87259999999999,3,5,2,10,Potential Loyalists
18207,339,1,2249.5325,1,1,4,6,Can't Lose Them
18208,362,1,2209.5225,1,1,4,6,Can't Lose Them
18209,352,1,2216.5525,1,1,4,6,Can't Lose Them
18210,341,1,2231.8009,1,1,4,6,Can't Lose Them
18211,158,2,94.8926,3,5,2,10,Potential Loyalists
18212,358,1,2197.4625,1,1,4,6,Can't Lose Them
18214,350,1,2261.1225,1,1,4,6,Can't Lose Them
18215,58,2,181.2484,4,5,3,12,Loyal Customers
18216,54,2,69.19839999999999,4,5,2,11,Potential Loyalists
18217,349,1,2216.5525,1,1,4,6,Can't Lose Them
18218,352,1,2181.5625,1,1,4,6,Can't Lose Them
18219,342,1,2216.4824999999996,1,1,4,6,Can't Lose Them
18220,354,1,2181.5625,1,1,4,6,Can't Lose Them
18221,123,2,113.1884,3,5,2,10,Potential Loyalists
18222,342,1,2226.8109,1,1,4,6,Can't Lose Them
18223,305,1,38.6342,1,1,1,3,Lost Customers
18224,53,1,2172.13,4,1,4,9,Potential Loyalists
18225,53,1,2134.0281999999997,4,1,4,9,Potential Loyalists
18226,69,1,1775.96,4,1,4,9,Potential Loyalists
18227,90,1,1758.95,4,1,4,9,Potential Loyalists
18228,85,1,1718.2784,4,1,4,9,Potential Loyalists
18229,63,1,1700.99,4,1,4,9,Potential Loyalists
18230,36,1,9.98,5,1,1,7,New Customers
18231,31,1,2169.0982,5,1,4,10,Potential Loyalists
18232,50,1,2127.7224,5,1,4,10,Potential Loyalists
18233,90,1,1763.53,4,1,4,9,Potential Loyalists
18235,119,1,38.6342,3,1,1,5,Potential Loyalists
18236,71,1,2169.0982,4,1,4,9,Potential Loyalists
18237,89,1,2091.3565999999996,4,1,4,9,Potential Loyalists
18238,336,1,2199.5425,1,1,4,6,Can't Lose Them
18239,364,1,2190.5525,1,1,4,6,Can't Lose Them
18240,353,1,2280.8008999999997,1,1,4,6,Can't Lose Them
18241,343,1,2222.1425,1,1,4,6,Can't Lose Them
18242,336,1,2285.6425,1,1,4,6,Can't Lose Them
18243,354,1,2222.1425,1,1,4,6,Can't Lose Them
18244,348,1,2181.5625,1,1,4,6,Can't Lose Them
18245,126,1,2181.5625,3,1,4,8,Potential Loyalists
18246,355,1,2208.5325,1,1,4,6,Can't Lose Them
18247,66,2,137.2184,4,5,3,12,Loyal Customers
18248,305,1,2220.8025,1,1,4,6,Can't Lose Them
18249,325,1,2226.8109,1,1,4,6,Can't Lose Them
18250,331,1,2222.1425,1,1,4,6,Can't Lose Them
18251,327,1,2214.5125,1,1,4,6,Can't Lose Them
18252,322,1,2181.5625,1,1,4,6,Can't Lose Them
18253,135,2,82.5642,3,5,2,10,Potential Loyalists
18254,327,1,2181.5625,1,1,4,6,Can't Lose Them
18255,149,1,2253.1025,3,1,4,8,Potential Loyalists
18256,95,2,126.5942,4,5,3,12,Loyal Customers
18257,131,2,144.3057,3,5,3,11,Loyal Customers
18258,60,2,116.8326,4,5,2,11,Potential Loyalists
18259,180,2,61.248400000000004,2,5,2,9,Potential Loyalists
18260,304,1,2209.5225,1,1,4,6,Can't Lose Them
18261,117,2,94.25840000000001,3,5,2,10,Potential Loyalists
18262,5,2,192.6904,5,5,3,13,Loyal Customers
18263,24,2,181.20839999999998,5,5,3,13,Loyal Customers
18264,71,2,103.60419999999999,4,5,2,11,Potential Loyalists
18265,59,2,93.6242,4,5,2,11,Potential Loyalists
18266,130,2,135.8842,3,5,3,11,Loyal Customers
18267,26,2,93.6242,5,5,2,12,Potential Loyalists
18268,122,1,2282.7567,3,1,4,8,Potential Loyalists
18269,102,1,2277.1325,4,1,4,9,Potential Loyalists
18270,169,2,124.7484,3,5,3,11,Loyal Customers
18271,4,2,157.5268,5,5,3,13,Loyal Customers
18272,328,1,2216.5525,1,1,4,6,Can't Lose Them
18273,311,1,2262.2298,1,1,4,6,Can't Lose Them
18274,63,2,61.248400000000004,4,5,2,11,Potential Loyalists
18275,326,1,2181.5625,1,1,4,6,Can't Lose Them
18276,120,1,2264.6198,3,1,4,8,Potential Loyalists
18277,112,1,2243.1667,3,1,4,8,Potential Loyalists
18278,164,2,197.5742,3,5,3,11,Loyal Customers
18279,17,2,258.5562,5,5,3,13,Loyal Customers
18280,6,2,193.6073,5,5,3,13,Loyal Customers
18281,103,1,2262.3029,4,1,4,9,Potential Loyalists
18282,102,2,39.2684,4,5,1,10,Potential Loyalists
18283,147,1,148.8826,3,1,3,7,Potential Loyalists
18284,304,1,2197.4625,1,1,4,6,Can't Lose Them
18285,131,2,177.8284,3,5,3,11,Loyal Customers
18286,24,2,209.1642,5,5,3,13,Loyal Customers
18287,283,2,107.14,1,5,2,8,Potential Loyalists
18288,325,1,2251.7967000000003,1,1,4,6,Can't Lose Them
18289,74,1,17.2884,4,1,1,6,New Customers
18290,63,2,115.2384,4,5,2,11,Potential Loyalists
18291,76,2,52.6042,4,5,1,10,Potential Loyalists
18292,87,2,90.49,4,5,2,11,Potential Loyalists
18293,330,2,134.1242,1,5,3,9,At Risk
18294,41,2,102.53,5,5,2,12,Potential Loyalists
18295,229,2,168.54000000000002,2,5,3,10,At Risk
18296,314,1,2304.2287,1,1,4,6,Can't Lose Them
18297,304,1,2286.4851,1,1,4,6,Can't Lose Them
18298,122,2,48.54,3,5,1,9,Potential Loyalists
18299,148,2,62.150000000000006,3,5,2,10,Potential Loyalists
18300,135,2,97.16,3,5,2,10,Potential Loyalists
18302,325,1,2197.4625,1,1,4,6,Can't Lose Them
18303,311,1,2190.5525,1,1,4,6,Can't Lose Them
18304,250,1,2.29,2,1,1,4,Lost Customers
18305,80,2,173.1742,4,5,3,12,Loyal Customers
18306,157,2,112.03999999999999,3,5,2,10,Potential Loyalists
18307,323,1,2181.5625,1,1,4,6,Can't Lose Them
18308,327,1,2205.1124999999997,1,1,4,6,Can't Lose Them
18309,332,1,2264.5125,1,1,4,6,Can't Lose Them
18310,198,1,42.98,2,1,1,4,Lost Customers
18311,13,1,27.2684,5,1,1,7,New Customers
18312,269,1,30.46,1,1,1,3,Lost Customers
18313,28,1,19.55,5,1,1,7,New Customers
18314,177,3,195.1242,3,5,3,11,Loyal Customers
18315,183,1,17.26,2,1,1,4,Lost Customers
18316,64,1,12.27,4,1,1,6,New Customers
18317,37,1,65.94,5,1,2,8,New Customers
18318,88,1,1783.0762,4,1,4,9,Potential Loyalists
18319,247,1,85.95,2,1,2,5,Lost Customers
18320,33,2,239.5054,5,5,3,13,Loyal Customers
18321,275,1,25.880000000000003,1,1,1,3,Lost Customers
18323,161,1,48.6142,3,1,1,5,Potential Loyalists
18324,10,1,1735.98,5,1,4,10,Potential Loyalists
18325,221,2,148.76420000000002,2,5,3,10,At Risk
18327,274,1,23.96,1,1,1,3,Lost Customers
18328,80,1,14.56,4,1,1,6,New Customers
18329,65,3,278.75,4,5,3,12,Loyal Customers
18330,288,1,64.97,1,1,2,4,Lost Customers
18331,40,1,1054.4275,5,1,4,10,Potential Loyalists
18332,36,1,1054.4275,5,1,4,10,Potential Loyalists
18333,4,1,81.02,5,1,2,8,New Customers
18334,60,1,1000.4375,4,1,3,8,New Customers
18335,38,1,2204.5325,5,1,4,10,Potential Loyalists
18336,9,1,2339.676,5,1,4,10,Potential Loyalists
18337,25,1,2181.5625,5,1,4,10,Potential Loyalists
18338,16,1,2307.4925,5,1,4,10,Potential Loyalists
18339,76,1,23.6142,4,1,1,6,New Customers
18340,50,1,48.6142,5,1,1,7,New Customers
18342,215,1,38.6342,2,1,1,4,Lost Customers
18343,133,1,48.6142,3,1,1,5,Potential Loyalists
18344,70,1,1766.3457,4,1,4,9,Potential Loyalists
18345,58,2,167.44,4,5,3,12,Loyal Customers
18346,310,1,22.278399999999998,1,1,1,3,Lost Customers
18347,162,1,43.6242,3,1,1,5,Potential Loyalists
18348,305,1,52.086200000000005,1,1,1,3,Lost Customers
18349,277,1,49.96,1,1,1,3,Lost Customers
18350,69,1,1734.6342,4,1,4,9,Potential Loyalists
18351,35,1,2071.4196,5,1,4,10,Potential Loyalists
18352,49,1,2089.0881999999997,5,1,4,10,Potential Loyalists
18353,51,1,2093.0582,5,1,4,10,Potential Loyalists
18354,248,1,145.88,2,1,3,6,Can't Lose Them
18355,7,2,187.9499,5,5,3,13,Loyal Customers
18356,44,1,81.84,5,1,2,8,New Customers
18357,58,1,2084.0481999999997,4,1,4,9,Potential Loyalists
18358,261,1,44.97,1,1,1,3,Lost Customers
18360,90,1,1749.0573,4,1,4,9,Potential Loyalists
18361,82,1,1749.0573,4,1,4,9,Potential Loyalists
18362,28,1,1749.43,5,1,4,10,Potential Loyalists
18363,8,1,1700.99,5,1,4,10,Potential Loyalists
18364,292,1,129.98,1,1,3,5,Can't Lose Them
18365,207,1,44.97,2,1,1,4,Lost Customers
18366,74,1,1819.7016,4,1,4,9,Potential Loyalists
18368,9,1,1754.98,5,1,4,10,Potential Loyalists
18369,77,1,1750.97,4,1,4,9,Potential Loyalists
18370,75,1,1700.99,4,1,4,9,Potential Loyalists
18371,79,1,1754.98,4,1,4,9,Potential Loyalists
18372,16,1,1783.0762,5,1,4,10,Potential Loyalists
18373,76,1,1763.6242,4,1,4,9,Potential Loyalists
18374,285,1,25.880000000000003,1,1,1,3,Lost Customers
18375,8,1,2114.0481999999997,5,1,4,10,Potential Loyalists
18376,12,1,2122.7324,5,1,4,10,Potential Loyalists
18377,83,1,2145.0538,4,1,4,9,Potential Loyalists
18378,27,1,2191.4196,5,1,4,10,Potential Loyalists
18379,64,1,2120.9796,4,1,4,9,Potential Loyalists
18380,175,1,30.87,3,1,1,5,Potential Loyalists
18381,19,1,2143.4858,5,1,4,10,Potential Loyalists
18382,92,2,255.27569999999997,4,5,3,12,Loyal Customers
18383,147,1,27.2684,3,1,1,5,Potential Loyalists
18384,321,1,107.1242,1,1,2,4,Lost Customers
18386,18,1,2079.0582,5,1,4,10,Potential Loyalists
18387,268,1,14.97,1,1,1,3,Lost Customers
18388,9,1,2098.6582,5,1,4,10,Potential Loyalists
18389,79,1,2196.1200000000003,4,1,4,9,Potential Loyalists
18390,56,2,162.0173,4,5,3,12,Loyal Customers
18391,266,2,131.23839999999998,1,5,3,9,At Risk
18392,70,1,2107.0181999999995,4,1,4,9,Potential Loyalists
18393,26,1,2049.0982,5,1,4,10,Potential Loyalists
18394,12,1,2053.6782,5,1,4,10,Potential Loyalists
18395,22,1,2126.4096,5,1,4,10,Potential Loyalists
18396,106,1,52.086200000000005,4,1,1,6,New Customers
18397,51,1,9.98,5,1,1,7,New Customers
18399,25,1,2101.3796,5,1,4,10,Potential Loyalists
18400,0,1,2184.9938,5,1,4,10,Potential Loyalists
18401,62,1,2049.0982,4,1,4,9,Potential Loyalists
18402,121,1,9.98,3,1,1,5,Potential Loyalists
18403,2,1,2095.0008,5,1,4,10,Potential Loyalists
18404,106,1,9.98,4,1,1,6,New Customers
18405,158,1,4.99,3,1,1,5,Potential Loyalists
18406,4,1,2106.4196,5,1,4,10,Potential Loyalists
18407,74,2,126.5,4,5,3,12,Loyal Customers
18408,52,1,17.93,4,1,1,6,New Customers
18409,90,1,1778.25,4,1,4,9,Potential Loyalists
18410,89,1,63.97,4,1,2,7,New Customers
18411,158,2,113.92,3,5,2,10,Potential Loyalists
18412,8,1,2071.4196,5,1,4,10,Potential Loyalists
18413,4,1,2191.3496,5,1,4,10,Potential Loyalists
18414,82,1,1781.7304,4,1,4,9,Potential Loyalists
18415,5,1,2214.0782,5,1,4,10,Potential Loyalists
18416,24,1,2130.0338,5,1,4,10,Potential Loyalists
18417,146,1,43.6242,3,1,1,5,Potential Loyalists
18418,0,1,2078.2896,5,1,4,10,Potential Loyalists
18420,21,1,2169.0982,5,1,4,10,Potential Loyalists
18421,63,1,4.99,4,1,1,6,New Customers
18422,20,1,2126.7024,5,1,4,10,Potential Loyalists
18423,277,1,9.98,1,1,1,3,Lost Customers
18424,294,1,9.98,1,1,1,3,Lost Customers
18425,108,1,9.98,4,1,1,6,New Customers
18426,3,1,2125.9696000000004,5,1,4,10,Potential Loyalists
18427,17,1,2126.1544,5,1,4,10,Potential Loyalists
18428,20,1,2088.6782,5,1,4,10,Potential Loyalists
18429,19,1,2115.3796,5,1,4,10,Potential Loyalists
18430,67,1,1796.1535,4,1,4,9,Potential Loyalists
18431,69,1,1754.98,4,1,4,9,Potential Loyalists
18432,21,1,2132.668,5,1,4,10,Potential Loyalists
18433,77,1,2082.7424,4,1,4,9,Potential Loyalists
18434,1,1,4.99,5,1,1,7,New Customers
18436,15,1,2049.0982,5,1,4,10,Potential Loyalists
18437,25,1,2116.3996,5,1,4,10,Potential Loyalists
18438,66,1,1726.9226,4,1,4,9,Potential Loyalists
18439,87,1,1700.99,4,1,4,9,Potential Loyalists
18440,75,1,1796.1535,4,1,4,9,Potential Loyalists
18441,16,1,2178.5382,5,1,4,10,Potential Loyalists
18442,13,1,2078.6481999999996,5,1,4,10,Potential Loyalists
18443,11,1,80.6142,5,1,2,8,New Customers
18445,199,1,42.98,2,1,1,4,Lost Customers
18446,97,1,21.49,4,1,1,6,New Customers
18447,224,1,42.98,2,1,1,4,Lost Customers
18448,76,1,1734.6342,4,1,4,9,Potential Loyalists
18449,176,2,164.8526,3,5,3,11,Loyal Customers
18450,60,1,50.959999999999994,4,1,1,6,New Customers
18451,37,1,95.0373,5,1,2,8,New Customers
18452,49,1,1054.4275,5,1,4,10,Potential Loyalists
18453,54,1,14.97,4,1,1,6,New Customers
18454,332,1,73.48,1,1,2,4,Lost Customers
18455,42,1,67.1723,5,1,2,8,New Customers
18456,54,1,25.880000000000003,4,1,1,6,New Customers
18457,21,1,1155.5417,5,1,4,10,Potential Loyalists
18458,15,1,1035.4275,5,1,4,10,Potential Loyalists
18459,209,1,602.94,2,1,3,6,Can't Lose Them
18460,23,1,2115.3796,5,1,4,10,Potential Loyalists
18461,21,1,1097.5137,5,1,4,10,Potential Loyalists
18462,16,1,1054.4275,5,1,4,10,Potential Loyalists
18463,26,1,1054.9975,5,1,4,10,Potential Loyalists
18464,11,1,1000.4375,5,1,3,9,New Customers
18465,10,1,1054.4275,5,1,4,10,Potential Loyalists
18466,47,1,53.99,5,1,1,7,New Customers
18467,361,1,1700.99,1,1,4,6,Can't Lose Them
18468,358,1,1754.98,1,1,4,6,Can't Lose Them
18469,316,1,2181.5625,1,1,4,6,Can't Lose Them
18470,331,1,2181.5625,1,1,4,6,Can't Lose Them
18471,162,1,539.99,3,1,3,7,Potential Loyalists
18473,143,1,134.56,3,1,3,7,Potential Loyalists
18474,87,1,48.6142,4,1,1,6,New Customers
18476,176,1,638.84,3,1,3,7,Potential Loyalists
18477,307,1,27.2684,1,1,1,3,Lost Customers
18478,21,1,2156.5582,5,1,4,10,Potential Loyalists
18479,10,1,2106.0681999999997,5,1,4,10,Potential Loyalists
18480,10,1,2084.0982,5,1,4,10,Potential Loyalists
18481,24,1,2087.7024,5,1,4,10,Potential Loyalists
18482,326,1,2208.5325,1,1,4,6,Can't Lose Them
18483,317,1,2215.2067,1,1,4,6,Can't Lose Them
18484,325,1,2251.7967000000003,1,1,4,6,Can't Lose Them
18485,304,1,2231.4509,1,1,4,6,Can't Lose Them
18486,299,1,2181.5625,1,1,4,6,Can't Lose Them
18487,283,1,2181.5625,1,1,4,6,Can't Lose Them
18488,298,1,2216.5525,1,1,4,6,Can't Lose Them
18489,300,1,2262.3029,1,1,4,6,Can't Lose Them
18490,276,1,2205.4125,1,1,4,6,Can't Lose Them
18491,273,1,2215.2067,1,1,4,6,Can't Lose Them
18492,146,2,241.1842,3,5,3,11,Loyal Customers
18493,283,1,2189.5125,1,1,4,6,Can't Lose Them
18494,292,1,2214.1025,1,1,4,6,Can't Lose Them
18495,284,1,2181.5625,1,1,4,6,Can't Lose Them
18496,284,1,2289.6324999999997,1,1,4,6,Can't Lose Them
18497,18,1,2082.7424,5,1,4,10,Potential Loyalists
18498,111,1,58.04730000000001,3,1,1,5,Potential Loyalists
18500,17,1,43.6242,5,1,1,7,New Customers
18501,87,1,1749.0573,4,1,4,9,Potential Loyalists
18502,85,1,1758.1823,4,1,4,9,Potential Loyalists
18504,171,1,135.3457,3,1,3,7,Potential Loyalists
18506,86,2,168.89,4,5,3,12,Loyal Customers
18508,15,1,2137.1155,5,1,4,10,Potential Loyalists
18509,220,1,64.97,2,1,2,5,Lost Customers
18510,240,1,9.98,2,1,1,4,Lost Customers
18511,13,1,2254.3196000000003,5,1,4,10,Potential Loyalists
18512,22,1,2104.0881999999997,5,1,4,10,Potential Loyalists
18513,23,1,2093.3996,5,1,4,10,Potential Loyalists
18514,21,1,2156.3696,5,1,4,10,Potential Loyalists
18515,13,1,2185.3296,5,1,4,10,Potential Loyalists
18516,2,1,2178.3196000000003,5,1,4,10,Potential Loyalists
18517,103,1,87.27839999999999,4,1,2,7,New Customers
18518,6,1,2164.3365999999996,5,1,4,10,Potential Loyalists
18519,21,1,2125.9696000000004,5,1,4,10,Potential Loyalists
18520,255,1,96.96,2,1,2,5,Lost Customers
18521,284,1,118.0573,1,1,2,4,Lost Customers
18522,278,1,69.99,1,1,2,4,Lost Customers
18523,145,2,221.26569999999998,3,5,3,11,Loyal Customers
18524,26,2,237.9873,5,5,3,13,Loyal Customers
18526,4,1,2094.9582,5,1,4,10,Potential Loyalists
18527,29,1,2071.4196,5,1,4,10,Potential Loyalists
18528,23,1,2193.0654999999997,5,1,4,10,Potential Loyalists
18530,312,1,118.96000000000001,1,1,2,4,Lost Customers
18531,110,1,4.99,4,1,1,6,New Customers
18532,12,1,2114.5582,5,1,4,10,Potential Loyalists
18533,5,1,2200.8596000000002,5,1,4,10,Potential Loyalists
18534,299,1,58.04730000000001,1,1,1,3,Lost Customers
18536,50,1,58.04730000000001,5,1,1,7,New Customers
18537,22,1,2049.0982,5,1,4,10,Potential Loyalists
18538,5,1,2071.4196,5,1,4,10,Potential Loyalists
18539,2,1,2145.3396000000002,5,1,4,10,Potential Loyalists
18540,3,1,2150.5919000000004,5,1,4,10,Potential Loyalists
18541,85,2,120.82,4,5,2,11,Potential Loyalists
18542,172,1,123.97999999999999,3,1,3,7,Potential Loyalists
18543,80,1,1734.6342,4,1,4,9,Potential Loyalists
18544,360,1,1035.4275,1,1,4,6,Can't Lose Them
18545,84,1,1750.97,4,1,4,9,Potential Loyalists
18546,258,1,33.5281,1,1,1,3,Lost Customers
18547,4,1,2135.3596000000002,5,1,4,10,Potential Loyalists
18548,83,1,1754.98,4,1,4,9,Potential Loyalists
18549,310,1,1048.0617,1,1,4,6,Can't Lose Them
18550,22,1,90.7204,5,1,2,8,New Customers
18551,90,1,1718.2784,4,1,4,9,Potential Loyalists
18552,285,1,9.98,1,1,1,3,Lost Customers
18553,84,1,1700.99,4,1,4,9,Potential Loyalists
18554,268,2,212.41,1,5,3,9,At Risk
18556,61,1,1700.99,4,1,4,9,Potential Loyalists
18557,319,1,1065.7932,1,1,4,6,Can't Lose Them
18558,72,1,1749.0573,4,1,4,9,Potential Loyalists
18559,69,1,1735.98,4,1,4,9,Potential Loyalists
18560,23,1,2163.1055,5,1,4,10,Potential Loyalists
18561,1,1,2156.3696,5,1,4,10,Potential Loyalists
18562,79,1,1736.25,4,1,4,9,Potential Loyalists
18563,33,1,1749.0573,5,1,4,10,Potential Loyalists
18564,60,1,1742.93,4,1,4,9,Potential Loyalists
18565,36,1,1839.6904,5,1,4,10,Potential Loyalists
18566,13,1,2153.5158,5,1,4,10,Potential Loyalists
18567,42,1,1700.99,5,1,4,10,Potential Loyalists
18568,42,1,1738.54,5,1,4,10,Potential Loyalists
18569,324,1,9.98,1,1,1,3,Lost Customers
18570,293,1,1054.4275,1,1,4,6,Can't Lose Them
18571,283,1,1000.4375,1,1,3,5,Can't Lose Them
18572,229,1,27.2684,2,1,1,4,Lost Customers
18573,182,2,160.6062,2,5,3,10,At Risk
18574,273,1,48.6142,1,1,1,3,Lost Customers
18575,74,1,78.97999999999999,4,1,2,7,New Customers
18576,42,1,87.27839999999999,5,1,2,8,New Customers
18577,297,1,69.99,1,1,2,4,Lost Customers
18578,18,1,2135.3596000000002,5,1,4,10,Potential Loyalists
18579,61,1,69.99,4,1,2,7,New Customers
18580,258,1,1048.5048,1,1,4,6,Can't Lose Them
18581,16,1,2126.7024,5,1,4,10,Potential Loyalists
18582,11,1,2086.3565999999996,5,1,4,10,Potential Loyalists
18583,322,1,118.0573,1,1,2,4,Lost Customers
18584,294,1,123.97999999999999,1,1,3,5,Can't Lose Them
18585,62,1,87.97,4,1,2,7,New Customers
18586,2,1,2075.9996,5,1,4,10,Potential Loyalists
18587,72,1,69.99,4,1,2,7,New Customers
18588,86,1,118.0573,4,1,2,7,New Customers
18589,43,1,1782.94,5,1,4,10,Potential Loyalists
18590,219,1,118.0573,2,1,2,5,Lost Customers
18591,296,1,118.0573,1,1,2,4,Lost Customers
18592,29,1,2049.0982,5,1,4,10,Potential Loyalists
18593,298,1,69.99,1,1,2,4,Lost Customers
18594,12,1,2079.7224,5,1,4,10,Potential Loyalists
18595,63,1,2084.0982,4,1,4,9,Potential Loyalists
18596,41,1,1796.1535,5,1,4,10,Potential Loyalists
18597,42,1,1759.5281,5,1,4,10,Potential Loyalists
18598,42,1,1700.99,5,1,4,10,Potential Loyalists
18599,231,1,87.27839999999999,2,1,2,5,Lost Customers
18600,166,2,133.93,3,5,3,11,Loyal Customers
18601,284,1,69.99,1,1,2,4,Lost Customers
18602,261,1,118.0573,1,1,2,4,Lost Customers
18603,267,1,1082.149,1,1,4,6,Can't Lose Them
18604,11,2,118.5,5,5,2,12,Potential Loyalists
18605,55,1,1734.6342,4,1,4,9,Potential Loyalists
18606,47,1,1749.0573,5,1,4,10,Potential Loyalists
18607,32,1,1749.0573,5,1,4,10,Potential Loyalists
18608,33,1,1728.95,5,1,4,10,Potential Loyalists
18609,43,1,1782.7015000000001,5,1,4,10,Potential Loyalists
18610,2,1,2053.6782,5,1,4,10,Potential Loyalists
18611,23,1,2178.9838,5,1,4,10,Potential Loyalists
18612,129,1,118.0573,3,1,2,6,Potential Loyalists
18613,12,1,2115.3796,5,1,4,10,Potential Loyalists
18614,8,1,2071.4196,5,1,4,10,Potential Loyalists
18615,15,1,2111.3696,5,1,4,10,Potential Loyalists
18616,32,1,1762.94,5,1,4,10,Potential Loyalists
18617,259,1,1077.6975,1,1,4,6,Can't Lose Them
18619,167,1,46.96,3,1,1,5,Potential Loyalists
18620,13,2,2999.1198,5,5,5,15,Champions
18621,293,2,3031.4073,1,5,5,11,At Risk
18622,34,1,94.95,5,1,2,8,New Customers
18623,139,1,74.53999999999999,3,1,2,6,Potential Loyalists
18624,301,1,59.98,1,1,1,3,Lost Customers
18625,70,2,2786.0924999999997,4,5,5,14,Champions
18626,58,3,4393.3125,4,5,5,14,Champions
18627,182,2,3042.9168,2,5,5,12,At Risk
18628,208,1,138.9699,2,1,3,6,Can't Lose Them
18629,129,1,49.98,3,1,1,5,Potential Loyalists
18630,12,1,62.2584,5,1,2,8,New Customers
18631,24,1,49.98,5,1,1,7,New Customers
18632,310,1,46.83,1,1,1,3,Lost Customers
18633,74,2,2835.4525,4,5,5,14,Champions
18634,62,2,2452.3582,4,5,4,13,Champions
18635,316,1,166.98,1,1,3,5,Can't Lose Them
18637,63,2,198.88,4,5,3,12,Loyal Customers
18638,36,1,1783.0762,5,1,4,10,Potential Loyalists
18639,32,1,1700.99,5,1,4,10,Potential Loyalists
18640,294,1,43.6242,1,1,1,3,Lost Customers
18641,265,1,1000.4375,1,1,3,5,Can't Lose Them
18642,212,1,104.95,2,1,2,5,Lost Customers
18643,17,1,2071.4196,5,1,4,10,Potential Loyalists
18644,171,2,207.38,3,5,3,11,Loyal Customers
18645,51,1,1700.99,5,1,4,10,Potential Loyalists
18646,42,1,1734.6342,5,1,4,10,Potential Loyalists
18647,174,1,620.7304,3,1,3,7,Potential Loyalists
18648,132,1,565.92,3,1,3,7,Potential Loyalists
18649,130,1,603.49,3,1,3,7,Potential Loyalists
18650,124,1,582.97,3,1,3,7,Potential Loyalists
18651,138,1,621.94,3,1,3,7,Potential Loyalists
18652,181,1,27.2684,2,1,1,4,Lost Customers
18653,114,1,576.94,3,1,3,7,Potential Loyalists
18654,47,1,1799.0373,5,1,4,10,Potential Loyalists
18655,30,1,1734.6342,5,1,4,10,Potential Loyalists
18656,115,1,587.0862,3,1,3,7,Potential Loyalists
18657,261,1,9.98,1,1,1,3,Lost Customers
18658,154,1,63.97,3,1,2,6,Potential Loyalists
18659,230,1,87.97,2,1,2,5,Lost Customers
18660,42,1,69.99,5,1,2,8,New Customers
18661,82,1,9.98,4,1,1,6,New Customers
18662,49,1,43.6242,5,1,1,7,New Customers
18663,156,1,27.2684,3,1,1,5,Potential Loyalists
18664,328,1,27.2684,1,1,1,3,Lost Customers
18665,148,1,77.91,3,1,2,6,Potential Loyalists
18666,183,1,58.980000000000004,2,1,1,4,Lost Customers
18667,87,1,25.880000000000003,4,1,1,6,New Customers
18669,141,1,69.99,3,1,2,6,Potential Loyalists
18670,48,1,1754.8826,5,1,4,10,Potential Loyalists
18671,294,1,69.99,1,1,2,4,Lost Customers
18672,127,1,135.3457,3,1,3,7,Potential Loyalists
18673,170,1,135.3457,3,1,3,7,Potential Loyalists
18674,214,1,43.96,2,1,1,4,Lost Customers
18675,257,1,136.03730000000002,1,1,3,5,Can't Lose Them
18676,236,1,118.0573,2,1,2,5,Lost Customers
18677,232,2,99.8826,2,5,2,9,Potential Loyalists
18678,195,1,96.96,2,1,2,5,Lost Customers
18679,38,1,1700.99,5,1,4,10,Potential Loyalists
18680,55,1,1735.98,4,1,4,9,Potential Loyalists
18681,278,1,69.99,1,1,2,4,Lost Customers
18682,93,1,69.99,4,1,2,7,New Customers
18683,203,1,78.97999999999999,2,1,2,5,Lost Customers
18684,45,1,1754.98,5,1,4,10,Potential Loyalists
18685,14,2,164.42,5,5,3,13,Loyal Customers
18686,145,2,130.5742,3,5,3,11,Loyal Customers
18687,321,1,117.08619999999999,1,1,2,4,Lost Customers
18688,133,1,87.27839999999999,3,1,2,6,Potential Loyalists
18689,202,1,87.27839999999999,2,1,2,5,Lost Customers
18690,72,1,118.0573,4,1,2,7,New Customers
18691,281,1,2252.1567,1,1,4,6,Can't Lose Them
18692,302,1,2209.5225,1,1,4,6,Can't Lose Them
18693,284,1,2181.5625,1,1,4,6,Can't Lose Them
18694,299,1,2204.5325,1,1,4,6,Can't Lose Them
18695,277,1,2197.4625,1,1,4,6,Can't Lose Them
18696,296,1,2329.8682,1,1,4,6,Can't Lose Them
18697,358,1,1700.99,1,1,4,6,Can't Lose Them
18698,342,1,1734.6342,1,1,4,6,Can't Lose Them
18699,330,1,1758.95,1,1,4,6,Can't Lose Them
18700,327,1,1753.6042,1,1,4,6,Can't Lose Them
18701,322,1,1802.0762,1,1,4,6,Can't Lose Them
18702,305,1,1754.98,1,1,4,6,Can't Lose Them
18703,273,1,1734.6342,1,1,4,6,Can't Lose Them
18704,122,2,43.8484,3,5,1,9,Potential Loyalists
18705,155,2,82.1842,3,5,2,10,Potential Loyalists
18706,280,2,5804.9925,1,5,5,11,At Risk
18707,104,2,145.6842,4,5,3,12,Loyal Customers
18709,278,2,5844.7025,1,5,5,11,At Risk
18710,285,2,5858.7251,1,5,5,11,At Risk
18711,102,1,20.48,4,1,1,6,New Customers
18712,121,2,48.54,3,5,1,9,Potential Loyalists
18713,5,2,261.53,5,5,3,13,Loyal Customers
18714,184,2,46.25,2,5,1,8,Potential Loyalists
18715,23,2,157.5942,5,5,3,13,Loyal Customers
18716,300,2,5759.8325,1,5,5,11,At Risk
18717,54,2,119.43,4,5,2,11,Potential Loyalists
18718,282,2,5787.7925,1,5,5,11,At Risk
18719,265,1,53.99,1,1,1,3,Lost Customers
18720,4,2,118.55,5,5,2,12,Potential Loyalists
18721,274,2,5333.25,1,5,5,11,At Risk
18722,283,2,5333.25,1,5,5,11,At Risk
18723,302,2,5279.26,1,5,5,11,At Risk
18724,297,2,5797.0125,1,5,5,11,At Risk
18725,276,2,5810.4167,1,5,5,11,At Risk
18726,298,2,5312.9042,1,5,5,11,At Risk
18727,6,2,120.84,5,5,2,12,Potential Loyalists
18728,73,2,113.8262,4,5,2,11,Potential Loyalists
18729,292,2,5333.25,1,5,5,11,At Risk
18731,282,2,5846.3768,1,5,5,11,At Risk
18733,259,2,48.54,1,5,1,7,Potential Loyalists
18734,35,2,50.83,5,5,1,11,Potential Loyalists
18735,301,2,5759.8325,1,5,5,11,At Risk
18736,281,2,5787.7925,1,5,5,11,At Risk
18737,285,2,5759.8325,1,5,5,11,At Risk
18738,280,2,5846.7725,1,5,5,11,At Risk
18739,285,2,5396.73,1,5,5,11,At Risk
18740,291,2,5794.8225,1,5,5,11,At Risk
18741,41,1,106.0942,5,1,2,8,New Customers
18742,183,1,43.96,2,1,1,4,Lost Customers
18743,60,2,95.7942,4,5,2,11,Potential Loyalists
18744,5,2,56.49,5,5,1,11,Potential Loyalists
18745,19,2,104.82,5,5,2,12,Potential Loyalists
18746,296,2,5894.5629,1,5,5,11,At Risk
18747,285,2,5841.7825,1,5,5,11,At Risk
18749,48,1,47.559999999999995,5,1,1,7,New Customers
18750,90,1,9.98,4,1,1,6,New Customers
18751,315,1,44.97,1,1,1,3,Lost Customers
18752,280,1,118.0573,1,1,2,4,Lost Customers
18753,171,1,123.97999999999999,3,1,3,7,Potential Loyalists
18754,291,1,69.99,1,1,2,4,Lost Customers
18755,275,2,137.5842,1,5,3,9,At Risk
18756,121,2,193.32,3,5,3,11,Loyal Customers
18757,322,1,87.97,1,1,2,4,Lost Customers
18758,215,3,265.1704,2,5,3,10,At Risk
18759,132,2,161.09730000000002,3,5,3,11,Loyal Customers
18760,303,1,58.04730000000001,1,1,1,3,Lost Customers
18761,126,1,35.9126,3,1,1,5,Potential Loyalists
18762,41,1,1788.6042,5,1,4,10,Potential Loyalists
18763,51,2,157.5942,5,5,3,13,Loyal Customers
18764,160,1,69.99,3,1,2,6,Potential Loyalists
18765,87,1,118.0573,4,1,2,7,New Customers
18766,11,2,4632.6975,5,5,5,15,Champions
18767,251,2,5312.9042,2,5,5,12,At Risk
18768,243,2,5314.25,2,5,5,12,At Risk
18769,269,2,5354.23,1,5,5,11,At Risk
18770,127,1,117.08619999999999,3,1,2,6,Potential Loyalists
18771,67,1,69.99,4,1,2,7,New Customers
18772,189,1,78.63419999999999,2,1,2,5,Lost Customers
18773,222,1,87.97,2,1,2,5,Lost Customers
18775,328,1,69.99,1,1,2,4,Lost Customers
18776,210,1,89.9026,2,1,2,5,Lost Customers
18777,288,1,57.0762,1,1,1,3,Lost Customers
18778,97,1,43.6242,4,1,1,6,New Customers
18779,55,1,9.98,4,1,1,6,New Customers
18780,54,1,1758.0473,4,1,4,9,Potential Loyalists
18781,2,1,2125.9696000000004,5,1,4,10,Potential Loyalists
18782,10,1,2164.3196000000003,5,1,4,10,Potential Loyalists
18783,2,1,2118.6896,5,1,4,10,Potential Loyalists
18784,74,1,135.3457,4,1,3,8,New Customers
18785,30,1,2132.668,5,1,4,10,Potential Loyalists
18786,268,1,118.0573,1,1,2,4,Lost Customers
18787,102,1,87.27839999999999,4,1,2,7,New Customers
18788,37,1,2126.7024,5,1,4,10,Potential Loyalists
18789,7,1,2049.0982,5,1,4,10,Potential Loyalists
18790,40,1,1755.55,5,1,4,10,Potential Loyalists
18791,7,1,69.99,5,1,2,8,New Customers
18792,34,1,1796.1535,5,1,4,10,Potential Loyalists
18793,34,1,60.2684,5,1,2,8,New Customers
18794,56,1,1734.6342,4,1,4,9,Potential Loyalists
18795,233,1,1077.9756,2,1,4,7,Can't Lose Them
18796,80,1,47.559999999999995,4,1,1,6,New Customers
18798,58,1,1755.55,4,1,4,9,Potential Loyalists
18799,267,1,118.0573,1,1,2,4,Lost Customers
18800,52,1,1754.98,4,1,4,9,Potential Loyalists
18801,59,1,1799.48,4,1,4,9,Potential Loyalists
18802,32,1,1797.46,5,1,4,10,Potential Loyalists
18803,22,1,1749.0573,5,1,4,10,Potential Loyalists
18804,12,1,1831.1435000000001,5,1,4,10,Potential Loyalists
18806,28,1,1784.0473,5,1,4,10,Potential Loyalists
18807,275,1,118.0573,1,1,2,4,Lost Customers
18808,11,1,2190.3396000000002,5,1,4,10,Potential Loyalists
18809,270,1,118.0573,1,1,2,4,Lost Customers
18810,49,1,133.49,5,1,3,9,New Customers
18811,278,2,131.93,1,5,3,9,At Risk
18812,301,1,69.99,1,1,2,4,Lost Customers
18814,170,1,69.99,3,1,2,6,Potential Loyalists
18815,99,1,69.99,4,1,2,7,New Customers
18816,302,1,171.0762,1,1,3,5,Can't Lose Them
18817,4,1,2110.9996,5,1,4,10,Potential Loyalists
18818,8,1,2097.6382,5,1,4,10,Potential Loyalists
18819,23,1,2117.6924,5,1,4,10,Potential Loyalists
18820,172,1,87.27839999999999,3,1,2,6,Potential Loyalists
18821,52,2,113.94999999999999,4,5,2,11,Potential Loyalists
18822,139,1,118.0573,3,1,2,6,Potential Loyalists
18823,204,1,117.08619999999999,2,1,2,5,Lost Customers
18824,29,1,2150.0438000000004,5,1,4,10,Potential Loyalists
18825,110,1,78.97999999999999,4,1,2,7,New Customers
18826,41,2,202.6704,5,5,3,13,Loyal Customers
18827,1,1,2084.0881999999997,5,1,4,10,Potential Loyalists
18828,104,1,118.0573,4,1,2,7,New Customers
18829,25,1,2105.0638000000004,5,1,4,10,Potential Loyalists
18831,2,1,2173.5919000000004,5,1,4,10,Potential Loyalists
18832,16,1,2094.0782,5,1,4,10,Potential Loyalists
18833,19,1,95.92259999999999,5,1,2,8,New Customers
18834,0,1,118.0573,5,1,2,8,New Customers
18835,332,1,87.97,1,1,2,4,Lost Customers
18836,275,1,135.3457,1,1,3,5,Can't Lose Them
18837,205,1,117.08619999999999,2,1,2,5,Lost Customers
18838,11,1,2149.0238,5,1,4,10,Potential Loyalists
18839,48,1,2146.3896,5,1,4,10,Potential Loyalists
18840,29,1,2049.0982,5,1,4,10,Potential Loyalists
18841,239,1,1050.4175,2,1,4,7,Can't Lose Them
18842,231,1,1034.0817,2,1,3,6,Can't Lose Them
18843,38,1,69.99,5,1,2,8,New Customers
18844,189,1,123.97999999999999,2,1,3,6,Can't Lose Them
18845,249,1,69.99,2,1,2,5,Lost Customers
18847,130,1,69.99,3,1,2,6,Potential Loyalists
18848,15,1,2252.6681999999996,5,1,4,10,Potential Loyalists
18849,25,1,2141.1255,5,1,4,10,Potential Loyalists
18850,23,1,2175.1444,5,1,4,10,Potential Loyalists
18851,16,1,69.99,5,1,2,8,New Customers
18852,112,2,290.23,3,5,3,11,Loyal Customers
18853,245,1,69.99,2,1,2,5,Lost Customers
18854,9,1,1754.98,5,1,4,10,Potential Loyalists
18855,222,1,1035.4275,2,1,4,7,Can't Lose Them
18856,5,1,1734.6342,5,1,4,10,Potential Loyalists
18857,8,1,1735.98,5,1,4,10,Potential Loyalists
18858,9,1,1806.2496,5,1,4,10,Potential Loyalists
18860,22,1,2150.0438000000004,5,1,4,10,Potential Loyalists
18861,79,1,133.49,4,1,3,8,New Customers
18862,24,1,2129.8386,5,1,4,10,Potential Loyalists
18863,8,1,2166.3996,5,1,4,10,Potential Loyalists
18864,23,1,2123.0182,5,1,4,10,Potential Loyalists
18865,16,1,1802.0762,5,1,4,10,Potential Loyalists
18866,16,1,1700.99,5,1,4,10,Potential Loyalists
18867,25,1,1749.0573,5,1,4,10,Potential Loyalists
18868,29,1,1766.3457,5,1,4,10,Potential Loyalists
18869,28,1,1734.6342,5,1,4,10,Potential Loyalists
18871,311,2,137.5842,1,5,3,9,At Risk
18872,69,1,87.27839999999999,4,1,2,7,New Customers
18873,138,1,136.03730000000002,3,1,3,7,Potential Loyalists
18874,146,1,69.99,3,1,2,6,Potential Loyalists
18875,107,2,205.9,4,5,3,12,Loyal Customers
18876,13,1,2101.3896,5,1,4,10,Potential Loyalists
18877,233,1,69.99,2,1,2,5,Lost Customers
18878,27,1,2155.668,5,1,4,10,Potential Loyalists
18879,53,1,69.99,4,1,2,7,New Customers
18880,75,1,69.99,4,1,2,7,New Customers
18881,5,1,2116.3996,5,1,4,10,Potential Loyalists
18882,32,1,2075.9996,5,1,4,10,Potential Loyalists
18883,59,2,160.91,4,5,3,12,Loyal Customers
18884,69,2,212.87,4,5,3,12,Loyal Customers
18885,321,1,132.6715,1,1,3,5,Can't Lose Them
18886,93,1,69.99,4,1,2,7,New Customers
18887,1,1,133.49,5,1,3,9,New Customers
18888,247,1,123.97999999999999,2,1,3,6,Can't Lose Them
18889,329,1,87.97,1,1,2,4,Lost Customers
18890,163,1,87.97,3,1,2,6,Potential Loyalists
18893,286,1,69.99,1,1,2,4,Lost Customers
18894,14,1,2093.0582,5,1,4,10,Potential Loyalists
18896,252,1,79.97,2,1,2,5,Lost Customers
18897,118,1,39.58,3,1,1,5,Potential Loyalists
18898,294,1,78.6242,1,1,2,4,Lost Customers
18899,346,2,4118.26,1,5,5,11,At Risk
18900,340,2,4146.22,1,5,5,11,At Risk
18901,195,1,35.0,2,1,1,4,Lost Customers
18902,338,2,4200.21,1,5,5,11,At Risk
18903,350,2,4165.23,1,5,5,11,At Risk
18904,102,1,621.94,4,2,3,9,New Customers
18905,8,1,2216.09,5,2,4,11,Potential Loyalists
18906,363,2,4227.9315,1,5,5,11,At Risk
18907,346,2,4175.8642,1,5,5,11,At Risk
18908,291,2,5833.7925,1,5,5,11,At Risk
18909,273,2,5787.7925,1,5,5,11,At Risk
18910,47,1,64.97,5,2,2,9,New Customers
18911,36,1,92.06620000000001,5,2,2,9,New Customers
18912,203,1,69.99,2,2,2,6,Lost Customers
18913,84,1,87.27839999999999,4,2,2,8,New Customers
18914,16,1,1750.97,5,2,4,11,Potential Loyalists
18915,147,1,93.5381,3,2,2,7,Potential Loyalists
18916,115,1,671.0073,3,2,3,8,Potential Loyalists
18917,99,1,621.94,4,2,3,9,New Customers
18918,131,1,78.63419999999999,3,2,2,7,Potential Loyalists
18919,284,2,337.6415,1,5,3,9,At Risk
18921,151,1,117.08619999999999,3,2,2,7,Potential Loyalists
18922,30,1,2113.0382,5,2,4,11,Potential Loyalists
18923,275,1,803.1342,1,2,3,6,Can't Lose Them
18924,205,1,839.48,2,2,3,7,Can't Lose Them
18925,99,2,164.36,4,5,3,12,Loyal Customers
18926,319,1,133.9,1,2,3,6,Can't Lose Them
18927,132,2,164.14419999999998,3,5,3,11,Loyal Customers
18928,247,2,5869.8787,2,5,5,12,At Risk
18929,256,2,5775.7325,2,5,5,12,At Risk
18930,249,2,5792.782499999999,2,5,5,12,At Risk
18931,255,2,5804.9925,2,5,5,12,At Risk
18932,226,2,82.1842,2,5,2,9,Potential Loyalists
18933,140,1,64.97,3,2,2,7,Potential Loyalists
18934,101,1,123.97999999999999,4,2,3,9,New Customers
18935,329,1,69.99,1,2,2,5,Lost Customers
18936,207,1,839.48,2,2,3,7,Can't Lose Them
18937,27,1,69.99,5,2,2,9,New Customers
18938,71,1,69.99,4,2,2,8,New Customers
18940,51,1,78.63419999999999,5,2,2,9,New Customers
18941,3,1,123.97999999999999,5,2,3,10,New Customers
18942,165,1,968.33,3,2,3,8,Potential Loyalists
18943,122,1,902.98,3,2,3,8,Potential Loyalists
18944,9,2,150.5842,5,5,3,13,Loyal Customers
18945,0,1,87.97,5,2,2,9,New Customers
18946,137,1,69.99,3,2,2,7,Potential Loyalists
18947,149,1,803.1342,3,2,3,8,Potential Loyalists
18948,129,1,844.03,3,2,3,8,Potential Loyalists
18949,130,1,834.05,3,2,3,8,Potential Loyalists
18950,52,1,2126.7024,4,2,4,10,Potential Loyalists
18951,31,1,2101.3796,5,2,4,11,Potential Loyalists
18953,104,1,785.39,4,2,3,9,New Customers
18954,37,1,893.47,5,2,3,10,New Customers
18955,29,1,1754.98,5,2,4,11,Potential Loyalists
18956,7,1,848.1242,5,2,3,10,New Customers
18957,337,1,613.53,1,2,3,6,Can't Lose Them
18958,356,1,590.4300000000001,1,2,3,6,Can't Lose Them
18959,55,1,2140.1544,4,2,4,10,Potential Loyalists
18960,330,1,618.98,1,2,3,6,Can't Lose Them
18961,42,1,2141.3596000000002,5,2,4,11,Potential Loyalists
18962,327,1,594.55,1,2,3,6,Can't Lose Them
18963,311,1,589.98,1,2,3,6,Can't Lose Them
18964,251,1,69.99,2,2,2,6,Lost Customers
18966,294,1,87.27839999999999,1,2,2,5,Lost Customers
18967,321,1,149.9126,1,2,3,6,Can't Lose Them
18968,32,2,260.9862,5,5,3,13,Loyal Customers
18970,41,1,133.49,5,2,3,10,New Customers
18971,41,1,2150.0281999999997,5,2,4,11,Potential Loyalists
18972,56,1,2129.0681999999997,4,2,4,10,Potential Loyalists
18973,308,1,594.55,1,2,3,6,Can't Lose Them
18974,305,1,609.91,1,2,3,6,Can't Lose Them
18975,204,1,93.03730000000002,2,2,2,6,Lost Customers
18976,28,1,1749.0573,5,2,4,11,Potential Loyalists
18977,22,1,135.3457,5,2,3,10,New Customers
18978,107,2,205.5762,4,5,3,12,Loyal Customers
18979,19,1,1771.5842,5,2,4,11,Potential Loyalists
18980,22,1,1749.0573,5,2,4,11,Potential Loyalists
18981,143,1,95.92259999999999,3,2,2,7,Potential Loyalists
18982,26,1,1812.94,5,2,4,11,Potential Loyalists
18983,193,1,117.08619999999999,2,2,2,6,Lost Customers
18984,279,1,117.08619999999999,1,2,2,5,Lost Customers
18985,36,1,117.08619999999999,5,2,2,9,New Customers
18986,320,1,77.60419999999999,1,2,2,5,Lost Customers
18987,331,1,118.0573,1,2,2,5,Lost Customers
18988,57,1,69.99,4,2,2,8,New Customers
18989,120,1,133.49,3,2,3,8,Potential Loyalists
18990,317,1,583.95,1,2,3,6,Can't Lose Them
18991,27,1,69.99,5,2,2,9,New Customers
18992,197,1,118.0573,2,2,2,6,Lost Customers
18993,20,1,135.3457,5,2,3,10,New Customers
18994,52,1,123.97999999999999,4,2,3,9,New Customers
18995,65,1,118.0573,4,2,2,8,New Customers
18996,1,1,69.99,5,2,2,9,New Customers
18997,119,1,69.99,3,2,2,7,Potential Loyalists
18998,22,1,1813.94,5,2,4,11,Potential Loyalists
18999,16,1,1754.98,5,2,4,11,Potential Loyalists
19000,52,1,59.98,4,2,1,7,New Customers
19001,145,2,147.5642,3,5,3,11,Loyal Customers
19002,18,1,1758.95,5,2,4,11,Potential Loyalists
19003,6,1,1792.5942,5,2,4,11,Potential Loyalists
19004,1,1,1768.95,5,2,4,11,Potential Loyalists
19005,308,1,117.08619999999999,1,2,2,5,Lost Customers
19006,9,1,69.99,5,2,2,9,New Customers
19007,115,1,69.99,3,2,2,7,Potential Loyalists
19008,24,1,1758.1823,5,2,4,11,Potential Loyalists
19010,314,1,87.27839999999999,1,2,2,5,Lost Customers
19011,167,1,87.27839999999999,3,2,2,7,Potential Loyalists
19012,138,1,118.0573,3,2,2,7,Potential Loyalists
19013,277,1,679.1135,1,2,3,6,Can't Lose Them
19014,162,2,139.8526,3,5,3,11,Loyal Customers
19015,231,2,221.6304,2,5,3,10,At Risk
19016,14,1,1749.0573,5,2,4,11,Potential Loyalists
19017,53,1,69.99,4,2,2,8,New Customers
19018,176,1,133.49,3,2,3,8,Potential Loyalists
19019,252,1,87.97,2,2,2,6,Lost Customers
19020,121,1,123.97999999999999,3,2,3,8,Potential Loyalists
19021,284,1,628.5942,1,2,3,6,Can't Lose Them
19022,88,1,69.99,4,2,2,8,New Customers
19023,294,1,599.95,1,2,3,6,Can't Lose Them
19024,277,1,714.95,1,2,3,6,Can't Lose Them
19025,288,1,118.0573,1,2,2,5,Lost Customers
19026,38,2,172.49,5,5,3,13,Loyal Customers
19027,87,2,2790.4978,4,5,5,14,Champions
19028,76,2,2827.1564,4,5,5,14,Champions
19029,109,2,3101.8140999999996,4,5,5,14,Champions
19030,99,2,3074.5056999999997,4,5,5,14,Champions
19032,15,3,6714.9691,5,5,5,15,Champions
19033,64,2,2887.2293,4,5,5,14,Champions
19034,98,2,3076.4371,4,5,5,14,Champions
19035,68,2,3071.8571,4,5,5,14,Champions
19036,79,2,4514.7696,4,5,5,14,Champions
19037,85,2,4612.4482,4,5,5,14,Champions
19038,87,2,3095.3957,4,5,5,14,Champions
19039,164,1,14.56,3,2,1,6,Potential Loyalists
19040,89,2,3084.4857,4,5,5,14,Champions
19041,79,2,2840.5078000000003,4,5,5,14,Champions
19042,127,1,118.5942,3,2,2,7,Potential Loyalists
19044,48,1,59.86,5,2,1,8,New Customers
19045,214,1,55.922599999999996,2,2,1,5,Lost Customers
19046,72,2,3071.8571,4,5,5,14,Champions
19047,266,1,108.91,1,2,2,5,Lost Customers
19048,40,2,4521.6396,5,5,5,15,Champions
19049,57,2,4605.4655,4,5,5,14,Champions
19050,84,1,77.60419999999999,4,2,2,8,New Customers
19051,68,2,2877.9778,4,5,5,14,Champions
19052,62,2,2810.0978000000005,4,5,5,14,Champions
19053,15,1,49.98,5,2,1,8,New Customers
19054,19,1,43.96,5,2,1,8,New Customers
19055,18,1,91.9,5,2,2,9,New Customers
19056,312,1,75.86,1,2,2,5,Lost Customers
19057,83,2,3074.1471,4,5,5,14,Champions
19058,40,2,4298.8421,5,5,5,15,Champions
19060,289,1,59.86,1,2,1,4,Lost Customers
19061,140,1,94.95,3,2,2,7,Potential Loyalists
19062,154,1,123.5642,3,2,3,8,Potential Loyalists
19064,277,1,64.53999999999999,1,2,2,5,Lost Customers
19065,87,2,3049.5357,4,5,5,14,Champions
19066,88,1,115.2384,4,2,2,8,New Customers
19067,85,2,3156.9957,4,5,5,14,Champions
19068,144,1,94.95,3,2,2,7,Potential Loyalists
19069,75,2,2781.8406,4,5,5,14,Champions
19070,42,2,4512.4282,5,5,5,15,Champions
19071,238,1,146.5642,2,2,3,7,Can't Lose Them
19073,31,2,4536.4082,5,5,5,15,Champions
19074,96,1,64.95,4,2,2,8,New Customers
19075,244,1,93.60419999999999,2,2,2,6,Lost Customers
19076,76,2,2850.4878000000003,4,5,5,14,Champions
19077,196,1,48.6142,2,2,1,5,Lost Customers
19078,280,1,69.53,1,2,2,5,Lost Customers
19079,140,1,74.97,3,2,2,7,Potential Loyalists
19080,323,1,39.96,1,2,1,4,Lost Customers
19081,52,1,39.55,4,2,1,7,New Customers
19082,176,1,43.6242,3,2,1,6,Potential Loyalists
19083,260,2,5759.8325,1,5,5,11,At Risk
19084,265,2,5831.412499999999,1,5,5,11,At Risk
19085,139,2,102.53,3,5,2,10,Potential Loyalists
19087,324,2,94.4,1,5,2,8,Potential Loyalists
19088,53,2,48.54,4,5,1,10,Potential Loyalists
19089,248,2,5834.0567,2,5,5,12,At Risk
19090,44,2,105.50999999999999,5,5,2,12,Potential Loyalists
19091,191,1,4.58,2,2,1,5,Lost Customers
19092,42,2,102.53,5,5,2,12,Potential Loyalists
19093,271,2,5778.8025,1,5,5,11,At Risk
19094,268,2,5759.8325,1,5,5,11,At Risk
19095,262,2,5794.8225,1,5,5,11,At Risk
19096,246,2,5842.7825,2,5,5,12,At Risk
19097,98,2,48.54,4,5,1,10,Potential Loyalists
19098,16,2,166.7984,5,5,3,13,Loyal Customers
19099,253,2,5801.6651,2,5,5,12,At Risk
19100,2,2,81.55,5,5,2,12,Potential Loyalists
19101,78,2,229.8127,4,5,3,12,Loyal Customers
19102,243,2,5775.7325,2,5,5,12,At Risk
19103,122,2,127.82,3,5,3,11,Loyal Customers
19104,156,1,61.94,3,2,2,7,Potential Loyalists
19105,245,2,5794.8225,2,5,5,12,At Risk
19106,229,2,134.1984,2,5,3,10,At Risk
19107,231,1,69.99,2,2,2,6,Lost Customers
19108,20,1,1700.99,5,2,4,11,Potential Loyalists
19109,13,1,1755.55,5,2,4,11,Potential Loyalists
19110,300,1,653.5942,1,2,3,6,Can't Lose Them
19111,265,1,684.89,1,2,3,6,Can't Lose Them
19112,1,1,1788.6042,5,2,4,11,Potential Loyalists
19113,188,1,1092.0417,2,2,4,8,Can't Lose Them
19114,4,1,1734.6342,5,2,4,11,Potential Loyalists
19115,52,1,171.0762,4,2,3,9,New Customers
19116,208,1,1071.7159,2,2,4,8,Can't Lose Them
19117,10,1,1749.0573,5,2,4,11,Potential Loyalists
19118,205,1,1000.4375,2,2,3,7,Can't Lose Them
19119,14,1,1777.0173,5,2,4,11,Potential Loyalists
19120,16,1,1758.95,5,2,4,11,Potential Loyalists
19121,268,1,671.9200000000001,1,2,3,6,Can't Lose Them
19122,268,1,613.5842,1,2,3,6,Can't Lose Them
19123,181,1,1048.5048,2,2,4,8,Can't Lose Them
19125,27,1,1735.98,5,2,4,11,Potential Loyalists
19126,93,1,69.99,4,2,2,8,New Customers
19127,254,1,589.96,2,2,3,7,Can't Lose Them
19128,258,1,663.8,1,2,3,6,Can't Lose Them
19129,268,1,675.6904,1,2,3,6,Can't Lose Them
19130,237,1,666.6715,2,2,3,7,Can't Lose Them
19131,16,1,1724.5381,5,2,4,11,Potential Loyalists
19132,8,1,69.99,5,2,2,9,New Customers
19133,17,1,1700.99,5,2,4,11,Potential Loyalists
19134,125,1,69.99,3,2,2,7,Potential Loyalists
19135,265,1,69.99,1,2,2,5,Lost Customers
19136,238,1,87.97,2,2,2,6,Lost Customers
19137,16,1,1734.6342,5,2,4,11,Potential Loyalists
19139,220,1,69.99,2,2,2,6,Lost Customers
19140,231,1,589.97,2,2,3,7,Can't Lose Them
19141,239,1,594.95,2,2,3,7,Can't Lose Them
19142,224,1,618.98,2,2,3,7,Can't Lose Them
19143,220,1,638.15,2,2,3,7,Can't Lose Them
19144,220,1,629.94,2,2,3,7,Can't Lose Them
19145,99,1,133.49,4,2,3,9,New Customers
19146,3,1,1821.5742,5,2,4,11,Potential Loyalists
19147,88,2,230.5462,4,5,3,12,Loyal Customers
19148,14,1,1749.0573,5,2,4,11,Potential Loyalists
19149,172,1,123.97999999999999,3,2,3,8,Potential Loyalists
19150,95,1,69.96,4,2,2,8,New Customers
19151,91,1,69.99,4,2,2,8,New Customers
19152,264,1,87.27839999999999,1,2,2,5,Lost Customers
19153,208,1,69.99,2,2,2,6,Lost Customers
19154,7,1,69.99,5,2,2,9,New Customers
19155,236,1,87.27839999999999,2,2,2,6,Lost Customers
19156,20,1,1730.56,5,2,4,11,Potential Loyalists
19157,2,1,1700.99,5,2,4,11,Potential Loyalists
19158,16,1,1734.6342,5,2,4,11,Potential Loyalists
19159,348,1,1000.4375,1,2,3,6,Can't Lose Them
19160,342,1,1071.7159,1,2,4,7,Can't Lose Them
19161,240,1,629.81,2,2,3,7,Can't Lose Them
19162,241,1,587.2384,2,2,3,7,Can't Lose Them
19163,217,1,539.99,2,2,3,7,Can't Lose Them
19164,224,1,658.5942,2,2,3,7,Can't Lose Them
19165,212,1,653.9300000000001,2,2,3,7,Can't Lose Them
19166,106,1,69.99,4,2,2,8,New Customers
19167,360,1,1000.4375,1,2,3,6,Can't Lose Them
19168,327,1,118.0573,1,2,2,5,Lost Customers
19169,336,1,1048.5048,1,2,4,7,Can't Lose Them
19170,345,1,1062.9775,1,2,4,7,Can't Lose Them
19171,350,1,1054.4275,1,2,4,7,Can't Lose Them
19172,204,2,1616.3600999999999,2,5,4,11,At Risk
19173,159,2,1594.4175,3,5,4,12,Loyal Customers
19174,37,2,2400.0882,5,5,4,14,Champions
19175,163,1,74.97,3,2,2,7,Potential Loyalists
19176,31,1,91.60419999999999,5,2,2,9,New Customers
19177,310,1,45.6142,1,2,1,4,Lost Customers
19178,251,1,74.97,2,2,2,6,Lost Customers
19179,52,1,17.93,4,2,1,7,New Customers
19180,84,1,44.97,4,2,1,7,New Customers
19181,41,2,2435.0782,5,5,4,14,Champions
19182,281,1,43.6242,1,2,1,4,Lost Customers
19183,112,1,60.9126,3,2,2,7,Potential Loyalists
19184,263,1,74.97,1,2,2,5,Lost Customers
19185,315,1,68.96000000000001,1,2,2,5,Lost Customers
19187,74,1,174.56,4,2,3,9,New Customers
19188,38,2,2766.2574999999997,5,5,4,14,Champions
19189,216,1,80.6243,2,2,2,6,Lost Customers
19190,112,1,29.57,3,2,1,6,Potential Loyalists
19191,202,1,98.0473,2,2,2,6,Lost Customers
19192,98,2,1704.3875,4,5,4,13,Champions
19193,76,2,1624.3775,4,5,4,13,Champions
19194,196,2,1570.8282,2,5,4,11,At Risk
19195,63,2,1651.0117,4,5,4,13,Champions
19196,49,3,4416.5236,5,5,5,15,Champions
19197,43,3,4403.7433,5,5,5,15,Champions
19198,345,1,1034.0817,1,2,3,6,Can't Lose Them
19199,337,1,1033.3875,1,2,3,6,Can't Lose Them
19200,53,1,74.53999999999999,4,2,2,8,New Customers
19201,334,1,1000.4375,1,2,3,6,Can't Lose Them
19202,346,1,1048.5048,1,2,4,7,Can't Lose Them
19203,101,1,539.99,4,2,3,9,New Customers
19204,74,1,539.99,4,2,3,9,New Customers
19205,14,1,1248.4941999999999,5,2,4,11,Potential Loyalists
19206,80,1,562.96,4,2,3,9,New Customers
19207,224,1,812.9442,2,2,3,7,Can't Lose Them
19208,171,1,111.0173,3,2,2,7,Potential Loyalists
19209,65,1,573.6342,4,2,3,9,New Customers
19210,11,1,9.98,5,2,1,8,New Customers
19211,337,1,1000.4375,1,2,3,6,Can't Lose Them
19212,349,1,1054.4275,1,2,4,7,Can't Lose Them
19213,342,1,1034.0817,1,2,3,6,Can't Lose Them
19214,294,1,9.98,1,2,1,4,Lost Customers
19215,63,1,133.46,4,2,3,9,New Customers
19216,242,1,58.04730000000001,2,2,1,5,Lost Customers
19217,30,3,246.11419999999998,5,5,3,13,Loyal Customers
19218,291,1,141.26839999999999,1,2,3,6,Can't Lose Them
19219,249,1,87.97,2,2,2,6,Lost Customers
19220,159,2,118.19999999999999,3,5,2,10,Potential Loyalists
19221,40,1,69.96000000000001,5,2,2,9,New Customers
19222,16,1,58.04730000000001,5,2,1,8,New Customers
19223,204,2,90.43,2,5,2,9,Potential Loyalists
19224,57,3,423.3077,4,5,3,12,Loyal Customers
19225,361,1,1097.5817,1,2,4,7,Can't Lose Them
19227,289,1,69.99,1,2,2,5,Lost Customers
19228,99,1,123.97999999999999,4,2,3,9,New Customers
19229,62,1,123.97999999999999,4,2,3,9,New Customers
19230,7,1,87.27839999999999,5,2,2,9,New Customers
19231,182,1,69.99,2,2,2,6,Lost Customers
19232,58,2,121.92,4,5,2,11,Potential Loyalists
19233,262,1,69.99,1,2,2,5,Lost Customers
19234,17,1,118.0573,5,2,2,9,New Customers
19235,75,1,118.0573,4,2,2,8,New Customers
19236,9,1,118.0573,5,2,2,9,New Customers
19237,27,1,69.99,5,2,2,9,New Customers
19238,228,1,69.99,2,2,2,6,Lost Customers
19239,8,1,78.63419999999999,5,2,2,9,New Customers
19240,340,1,1035.4275,1,2,4,7,Can't Lose Them
19241,315,1,171.0762,1,2,3,6,Can't Lose Them
19242,243,1,69.99,2,2,2,6,Lost Customers
19243,206,1,69.99,2,2,2,6,Lost Customers
19244,239,1,133.49,2,2,3,7,Can't Lose Them
19245,174,1,118.0573,3,2,2,7,Potential Loyalists
19246,170,1,69.99,3,2,2,7,Potential Loyalists
19247,317,1,49.98,1,2,1,4,Lost Customers
19248,149,1,174.56,3,2,3,8,Potential Loyalists
19249,121,1,96.94,3,2,2,7,Potential Loyalists
19250,146,1,62.54,3,2,2,7,Potential Loyalists
19251,143,1,29.57,3,2,1,6,Potential Loyalists
19252,272,1,99.96000000000001,1,2,2,5,Lost Customers
19253,69,2,1540.4275,4,5,4,13,Champions
19254,34,2,2701.4275,5,5,4,14,Champions
19255,47,2,2400.0882,5,5,4,14,Champions
19256,42,2,2435.0782,5,5,4,14,Champions
19257,60,2,2776.4836999999998,4,5,5,14,Champions
19258,50,2,1582.7159000000001,5,5,4,14,Champions
19259,248,1,57.959999999999994,2,2,1,5,Lost Customers
19260,40,2,1619.9875,5,5,4,14,Champions
19261,108,1,111.95,4,2,2,8,New Customers
19262,318,1,49.98,1,2,1,4,Lost Customers
19263,42,2,1609.3875,5,5,4,14,Champions
19264,335,2,4146.22,1,5,5,11,At Risk
19265,33,1,49.56,5,2,1,8,New Customers
19266,216,1,44.57,2,2,1,5,Lost Customers
19267,13,1,51.85,5,2,1,8,New Customers
19269,337,2,4118.26,1,5,5,11,At Risk
19270,353,2,4136.24,1,5,5,11,At Risk
19271,341,2,4153.25,1,5,5,11,At Risk
19272,181,1,27.2684,2,2,1,5,Lost Customers
19273,151,1,43.6242,3,2,1,6,Potential Loyalists
19274,39,2,2701.4275,5,5,4,14,Champions
19275,276,1,13.6342,1,2,1,4,Lost Customers
19276,2,2,2493.0382,5,5,4,14,Champions
19277,320,1,43.6242,1,2,1,4,Lost Customers
19278,55,2,1575.4175,4,5,4,13,Champions
19279,115,1,116.5942,3,2,2,7,Potential Loyalists
19280,16,2,2454.0782,5,5,4,14,Champions
19281,119,1,81.2584,3,2,2,7,Potential Loyalists
19282,15,2,2473.9482,5,5,4,14,Champions
19283,36,2,2772.7059,5,5,5,15,Champions
19284,60,2,2735.0717,4,5,4,13,Champions
19285,41,2,2749.4948,5,5,4,14,Champions
19286,47,2,2755.4175,5,5,4,14,Champions
19287,3,2,2450.0682,5,5,4,14,Champions
19288,54,2,2735.0717,4,5,4,13,Champions
19289,51,2,2793.0317,5,5,5,15,Champions
19290,31,2,1659.0217,5,5,4,14,Champions
19291,292,1,57.959999999999994,1,2,1,4,Lost Customers
19292,11,2,2433.7324,5,5,4,14,Champions
19293,24,2,2448.1555,5,5,4,14,Champions
19294,19,2,2848.0217000000002,5,5,5,15,Champions
19295,21,2,2400.0882,5,5,4,14,Champions
19296,5,2,2493.0382,5,5,4,14,Champions
19297,4,2,2456.7997,5,5,4,14,Champions
19298,51,3,4286.7071,5,5,5,15,Champions
19299,78,2,1609.3875,4,5,4,13,Champions
19300,109,1,73.86,4,2,2,8,New Customers
19301,12,2,1615.4075,5,5,4,14,Champions
19302,19,2,1604.3575,5,5,4,14,Champions
19305,16,2,1644.3775,5,5,4,14,Champions
19306,167,1,33.5281,3,2,1,6,Potential Loyalists
19307,62,1,152.97,4,2,3,9,New Customers
19308,15,2,1557.7159000000001,5,5,4,14,Champions
19309,12,2,2435.0782,5,5,4,14,Champions
19310,205,2,1533.9439,2,5,4,11,At Risk
19311,30,3,4390.3413,5,5,5,15,Champions
19312,53,2,1566.9875,4,5,4,13,Champions
19313,7,2,2520.7125,5,5,4,14,Champions
19314,7,2,2755.3975,5,5,4,14,Champions
19315,26,2,2454.0782,5,5,4,14,Champions
19316,29,2,2701.4275,5,5,4,14,Champions
19317,255,1,9.98,2,2,1,5,Lost Customers
19318,16,2,2454.0782,5,5,4,14,Champions
19319,6,2,2501.1744,5,5,4,14,Champions
19320,356,2,1824.17,1,5,4,10,At Risk
19321,27,2,2736.4175,5,5,4,14,Champions
19322,19,2,1565.4275,5,5,4,14,Champions
19323,152,2,1533.1482,3,5,4,12,Loyal Customers
19324,169,2,1516.6555,3,5,4,12,Loyal Customers
19325,44,2,3308.138,5,5,5,15,Champions
19326,337,2,1699.5357,1,5,4,10,At Risk
19327,321,1,9.98,1,2,1,4,Lost Customers
19328,257,1,29.57,1,2,1,4,Lost Customers
19329,29,1,1766.3457,5,2,4,11,Potential Loyalists
19330,118,1,62.54,3,2,2,7,Potential Loyalists
19331,0,1,28.979999999999997,5,2,1,8,New Customers
19332,289,1,111.95,1,2,2,5,Lost Customers
19333,31,1,70.46,5,2,2,9,New Customers
19334,290,1,91.60419999999999,1,2,2,5,Lost Customers
19335,355,2,1753.5257,1,5,4,10,At Risk
19336,316,2,1753.5257,1,5,4,10,At Risk
19337,13,2,1574.0717,5,5,4,14,Champions
19338,133,2,1530.5282,3,5,4,12,Loyal Customers
19339,44,2,3367.6396999999997,5,5,5,15,Champions
19340,20,2,3406.1322,5,5,5,15,Champions
19341,358,2,3236.99,1,5,5,11,At Risk
19342,235,1,85.24,2,2,2,6,Lost Customers
19343,305,2,1761.1399000000001,1,5,4,10,At Risk
19344,333,1,211.26999999999998,1,2,3,6,Can't Lose Them
19345,271,1,103.60419999999999,1,2,2,5,Lost Customers
19346,328,1,64.47,1,2,2,5,Lost Customers
19348,303,1,42.98,1,2,1,4,Lost Customers
19349,111,1,74.96000000000001,3,2,2,7,Potential Loyalists
19350,251,1,45.269999999999996,2,2,1,5,Lost Customers
19351,249,1,14.97,2,2,1,5,Lost Customers
19352,250,1,22.278399999999998,2,2,1,5,Lost Customers
19353,14,1,1700.99,5,2,4,11,Potential Loyalists
19354,28,1,74.53999999999999,5,2,2,9,New Customers
19355,124,1,49.98,3,2,1,6,Potential Loyalists
19356,1,1,122.2384,5,2,2,9,New Customers
19357,21,1,1802.0762,5,2,4,11,Potential Loyalists
19358,109,1,18.624200000000002,4,2,1,7,New Customers
19359,354,2,3215.6441999999997,1,5,5,11,At Risk
19360,360,2,3263.95,1,5,5,11,At Risk
19361,336,2,3215.6441999999997,1,5,5,11,At Risk
19362,342,2,3182.0,1,5,5,11,At Risk
19363,225,1,9.98,2,2,1,5,Lost Customers
19364,27,2,3372.1922,5,5,5,15,Champions
19365,7,2,3390.1866,5,5,5,15,Champions
19366,106,2,1543.5582,4,5,4,13,Champions
19367,6,1,63.97,5,2,2,9,New Customers
19368,44,1,34.57,5,2,1,8,New Customers
19369,271,1,116.5942,1,2,2,5,Lost Customers
19370,126,1,4.99,3,2,1,6,Potential Loyalists
19371,58,1,34.57,4,2,1,7,New Customers
19372,124,1,57.0762,3,2,1,6,Potential Loyalists
19373,175,1,124.95,3,2,3,8,Potential Loyalists
19374,82,1,52.086200000000005,4,2,1,7,New Customers
19375,255,1,207.41,2,2,3,7,Can't Lose Them
19376,36,1,33.5281,5,2,1,8,New Customers
19378,5,1,49.98,5,2,1,8,New Customers
19379,72,1,153.1235,4,2,3,9,New Customers
19381,316,2,1747.603,1,5,4,10,At Risk
19382,341,2,3182.0,1,5,5,11,At Risk
19383,296,1,151.6715,1,2,3,6,Can't Lose Them
19384,7,1,66.85,5,2,2,9,New Customers
19385,27,1,178.91,5,2,3,10,New Customers
19386,292,2,1733.1799,1,5,4,10,At Risk
19387,9,1,1797.93,5,2,4,11,Potential Loyalists
19388,254,1,90.44,2,2,2,6,Lost Customers
19389,220,1,213.1035,2,2,3,7,Can't Lose Them
19390,147,1,9.98,3,2,1,6,Potential Loyalists
19391,95,1,55.87,4,2,1,7,New Customers
19392,314,1,52.269999999999996,1,2,1,4,Lost Customers
19393,354,1,1019.4075,1,2,3,6,Can't Lose Them
19394,198,1,1034.0817,2,2,3,7,Can't Lose Them
19395,306,1,1034.0817,1,2,3,6,Can't Lose Them
19396,303,1,1062.0417,1,2,4,7,Can't Lose Them
19397,112,1,87.27839999999999,3,2,2,7,Potential Loyalists
19398,49,1,69.99,5,2,2,9,New Customers
19399,199,2,177.6804,2,5,3,10,At Risk
19400,194,1,1075.4748,2,2,4,8,Can't Lose Them
19401,308,1,1048.5048,1,2,4,7,Can't Lose Them
19402,320,1,1148.3975,1,2,4,7,Can't Lose Them
19403,331,1,1034.0817,1,2,3,6,Can't Lose Them
19404,3,1,9.98,5,2,1,8,New Customers
19405,321,1,1048.5048,1,2,4,7,Can't Lose Them
19406,304,1,1077.3975,1,2,4,7,Can't Lose Them
19407,308,1,1034.0817,1,2,3,6,Can't Lose Them
19408,310,1,1018.4175,1,2,3,6,Can't Lose Them
19409,322,1,1071.7159,1,2,4,7,Can't Lose Them
19411,35,1,89.97,5,2,2,9,New Customers
19412,222,1,633.45,2,2,3,7,Can't Lose Them
19413,333,1,1050.4175,1,2,4,7,Can't Lose Them
19414,209,1,1050.4175,2,2,4,8,Can't Lose Them
19415,4,1,1734.6342,5,2,4,11,Potential Loyalists
19416,351,2,3214.6,1,5,5,11,At Risk
19417,357,1,1034.0817,1,2,3,6,Can't Lose Them
19418,358,2,3214.6,1,5,5,11,At Risk
19419,83,2,1516.6555,4,5,4,13,Champions
19421,291,2,1754.0956999999999,1,5,4,10,At Risk
19422,337,2,1699.5357,1,5,4,10,At Risk
19423,290,2,1734.5257000000001,1,5,4,10,At Risk
19424,341,2,3272.9399999999996,1,5,5,11,At Risk
19425,202,1,64.83,2,2,2,6,Lost Customers
19426,261,2,1733.1799,1,5,4,10,At Risk
19427,197,2,1792.4857000000002,2,5,4,11,At Risk
19428,352,2,1764.8914,1,5,4,10,At Risk
19429,305,2,1733.1799,1,5,4,10,At Risk
19430,36,1,95.5942,5,2,2,9,New Customers
19431,97,1,9.98,4,2,1,7,New Customers
19432,315,2,1747.603,1,5,4,10,At Risk
19433,345,2,3215.6441999999997,1,5,5,11,At Risk
19434,185,2,1787.0657,2,5,4,11,At Risk
19435,334,2,3209.96,1,5,5,11,At Risk
19436,207,2,1777.9757,2,5,4,11,At Risk
19437,351,2,3222.58,1,5,5,11,At Risk
19438,26,3,4102.962,5,5,5,15,Champions
19439,26,3,4138.0093,5,5,5,15,Champions
19440,309,2,3234.6142,1,5,5,11,At Risk
19441,58,2,1493.5582,4,5,4,13,Champions
19442,32,2,1516.6555,5,5,4,14,Champions
19443,324,2,1751.8141,1,5,4,10,At Risk
19444,77,1,63.97,4,2,2,8,New Customers
19445,62,1,91.60419999999999,4,2,2,8,New Customers
19446,16,2,1484.4882,5,5,4,14,Champions
19447,26,2,1513.5482000000002,5,5,4,14,Champions
19448,315,2,3286.08,1,5,5,11,At Risk
19449,183,1,103.38,2,2,2,6,Lost Customers
19450,309,2,1781.4857,1,5,4,10,At Risk
19451,318,2,1747.603,1,5,4,10,At Risk
19452,8,2,1533.9439,5,5,4,14,Champions
19453,14,3,4045.2848,5,5,5,15,Champions
19454,2,3,4137.3078000000005,5,5,5,15,Champions
19455,321,2,3216.99,1,5,5,11,At Risk
19456,8,1,72.25,5,2,2,9,New Customers
19457,15,1,121.46000000000001,5,2,2,9,New Customers
19458,197,2,1753.5257,2,5,4,11,At Risk
19459,316,2,3215.6441999999997,1,5,5,11,At Risk
19460,294,1,57.0762,1,2,1,4,Lost Customers
19461,111,1,49.98,3,2,1,6,Potential Loyalists
19462,292,1,57.0762,1,2,1,4,Lost Customers
19463,293,1,9.98,1,2,1,4,Lost Customers
19464,72,1,63.97,4,2,2,8,New Customers
19465,222,1,9.98,2,2,1,5,Lost Customers
19466,221,1,91.60419999999999,2,2,2,6,Lost Customers
19467,297,2,3231.8884,1,5,5,11,At Risk
19468,35,1,12.56,5,2,1,8,New Customers
19470,118,1,98.0473,3,2,2,7,Potential Loyalists
19471,290,2,3216.99,1,5,5,11,At Risk
19472,291,2,1733.1799,1,5,4,10,At Risk
19473,209,2,1727.4957,2,5,4,11,At Risk
19474,21,2,1545.4182,5,5,4,14,Champions
19475,344,2,1357.9882,1,5,4,10,At Risk
19476,19,3,4111.8278,5,5,5,15,Champions
19477,331,2,3270.6341999999995,1,5,5,11,At Risk
19478,88,1,47.559999999999995,4,2,1,7,New Customers
19479,300,2,3182.0,1,5,5,11,At Risk
19480,189,2,1766.0657,2,5,4,11,At Risk
19481,115,1,3.99,3,2,1,6,Potential Loyalists
19482,287,2,1734.5257000000001,1,5,4,10,At Risk
19484,41,1,37.6342,5,2,1,8,New Customers
19485,19,1,14.850000000000001,5,2,1,8,New Customers
19487,115,1,14.850000000000001,3,2,1,6,Potential Loyalists
19488,72,1,58.9126,4,2,1,7,New Customers
19489,121,1,41.6242,3,2,1,6,Potential Loyalists
19490,267,1,83.0173,1,2,2,5,Lost Customers
19492,146,1,12.56,3,2,1,6,Potential Loyalists
19493,326,2,3256.2242,1,5,5,11,At Risk
19494,75,1,12.56,4,2,1,7,New Customers
19495,188,1,42.97,2,2,1,5,Lost Customers
19496,281,2,1734.5257000000001,1,5,4,10,At Risk
19497,132,1,57.959999999999994,3,2,1,6,Potential Loyalists
19498,182,1,64.83,2,2,2,6,Lost Customers
19499,327,2,3252.5942,1,5,5,11,At Risk
19500,279,2,3216.99,1,5,5,11,At Risk
19502,294,2,3305.6373,1,5,5,11,At Risk
19503,301,2,1323.0382,1,5,4,10,At Risk
19504,246,2,1297.7323999999999,2,5,4,11,At Risk
19505,193,1,128.6043,2,2,3,7,Can't Lose Them
19506,215,2,3222.58,2,5,5,12,At Risk
19507,168,1,12.56,3,2,1,6,Potential Loyalists
19508,112,1,6.28,3,2,1,6,Potential Loyalists
19509,56,1,87.94,4,2,2,8,New Customers
19510,230,2,3197.9,2,5,5,12,At Risk
19511,227,2,3266.2142,2,5,5,12,At Risk
19512,261,1,111.25,1,2,2,5,Lost Customers
19513,132,1,49.98,3,2,1,6,Potential Loyalists
19514,157,1,120.89259999999999,3,2,2,7,Potential Loyalists
19515,274,1,14.850000000000001,1,2,1,4,Lost Customers
19516,278,1,7.98,1,2,1,4,Lost Customers
19517,197,2,1733.1799,2,5,4,11,At Risk
19518,245,2,1794.6992,2,5,4,11,At Risk
19519,208,1,41.6242,2,2,1,5,Lost Customers
19520,289,1,96.2684,1,2,2,5,Lost Customers
19521,316,1,56.04730000000001,1,2,1,4,Lost Customers
19522,225,1,95.5942,2,2,2,6,Lost Customers
19523,224,1,62.54,2,2,2,6,Lost Customers
19524,185,1,45.748400000000004,2,2,1,5,Lost Customers
19525,109,1,110.45,4,2,2,8,New Customers
19526,207,1,1065.7932,2,2,4,8,Can't Lose Them
19527,182,1,1106.4648,2,2,4,8,Can't Lose Them
19528,140,1,87.27839999999999,3,2,2,7,Potential Loyalists
19529,320,1,1062.0417,1,2,4,7,Can't Lose Them
19530,305,1,1000.4375,1,2,3,6,Can't Lose Them
19531,322,1,1082.5237,1,2,4,7,Can't Lose Them
19532,330,1,1082.149,1,2,4,7,Can't Lose Them
19533,313,1,1034.0817,1,2,3,6,Can't Lose Them
19534,323,1,1065.7932,1,2,4,7,Can't Lose Them
19535,315,1,1048.5048,1,2,4,7,Can't Lose Them
19536,192,1,1000.4375,2,2,3,7,Can't Lose Them
19537,282,1,1035.4275,1,2,4,7,Can't Lose Them
19538,294,1,1035.4275,1,2,4,7,Can't Lose Them
19539,290,1,1000.4375,1,2,3,6,Can't Lose Them
19540,57,1,69.99,4,2,2,8,New Customers
19541,47,2,164.8957,5,5,3,13,Loyal Customers
19542,200,1,594.95,2,2,3,7,Can't Lose Them
19543,240,1,133.49,2,2,3,7,Can't Lose Them
19544,316,1,141.26839999999999,1,2,3,6,Can't Lose Them
19545,293,1,1065.7932,1,2,4,7,Can't Lose Them
19546,196,1,1054.4275,2,2,4,8,Can't Lose Them
19547,283,1,1081.1779,1,2,4,7,Can't Lose Them
19548,290,1,1080.3600999999999,1,2,4,7,Can't Lose Them
19549,284,1,1071.7159,1,2,4,7,Can't Lose Them
19550,292,1,1178.3975,1,2,4,7,Can't Lose Them
19551,92,1,69.99,4,2,2,8,New Customers
19552,290,1,69.99,1,2,2,5,Lost Customers
19553,196,1,63.94,2,2,2,6,Lost Customers
19554,95,1,121.9873,4,2,2,8,New Customers
19555,255,2,5847.4667,2,5,5,12,At Risk
19556,257,2,5787.7925,1,5,5,11,At Risk
19557,256,2,5383.23,2,5,5,12,At Risk
19558,252,2,5767.7825,2,5,5,12,At Risk
19559,265,2,5794.8225,1,5,5,11,At Risk
19560,256,2,5881.1529,2,5,5,12,At Risk
19561,261,2,5759.8325,1,5,5,11,At Risk
19562,223,2,5314.25,2,5,5,12,At Risk
19563,241,2,5333.25,2,5,5,12,At Risk
19564,215,2,5307.22,2,5,5,12,At Risk
19565,213,2,5337.22,2,5,5,12,At Risk
19566,194,2,255.8599,2,5,3,10,At Risk
19567,218,2,155.93,2,5,3,10,At Risk
19568,245,2,5804.9925,2,5,5,12,At Risk
19569,40,2,192.47,5,5,3,13,Loyal Customers
19570,109,2,149.88,4,5,3,12,Loyal Customers
19571,82,2,146.91,4,5,3,12,Loyal Customers
19572,192,2,146.1162,2,5,3,10,At Risk
19573,3,1,67.96,5,2,2,9,New Customers
19574,230,2,183.97,2,5,3,10,At Risk
19575,52,2,120.1,4,5,2,11,Potential Loyalists
19576,256,2,5800.4125,2,5,5,12,At Risk
19577,245,2,5792.3724999999995,2,5,5,12,At Risk
19578,22,2,128.53,5,5,3,13,Loyal Customers
19579,44,2,113.97,5,5,2,12,Potential Loyalists
19580,22,2,239.1884,5,5,3,13,Loyal Customers
19581,100,1,21.49,4,2,1,7,New Customers
19582,44,1,101.53,5,2,2,9,New Customers
19583,223,1,145.92,2,2,3,7,Can't Lose Them
19584,267,2,149.5,1,5,3,9,At Risk
19585,137,1,57.98,3,2,1,6,Potential Loyalists
19586,269,2,5794.8225,1,5,5,11,At Risk
19587,257,1,42.98,1,2,1,4,Lost Customers
19588,269,2,5793.4767,1,5,5,11,At Risk
19589,113,2,135.83839999999998,3,5,3,11,Loyal Customers
19590,301,1,94.55,1,2,2,5,Lost Customers
19591,182,2,126.84,2,5,3,10,At Risk
19592,228,2,5392.8268,2,5,5,12,At Risk
19593,213,2,5308.83,2,5,5,12,At Risk
19594,259,2,5759.8325,1,5,5,11,At Risk
19595,259,2,5868.5329,1,5,5,11,At Risk
19596,246,2,5793.4767,2,5,5,12,At Risk
19597,199,1,67.96,2,2,2,6,Lost Customers
19599,191,2,5279.26,2,5,5,12,At Risk
19600,251,1,127.1523,2,2,3,7,Can't Lose Them
19601,198,2,5312.9042,2,5,5,12,At Risk
19602,212,2,5831.412499999999,2,5,5,12,At Risk
19603,275,1,50.959999999999994,1,2,1,4,Lost Customers
19604,41,2,230.8757,5,5,3,13,Loyal Customers
19605,186,2,5312.9042,2,5,5,12,At Risk
19606,279,1,105.5942,1,2,2,5,Lost Customers
19607,235,2,5792.4325,2,5,5,12,At Risk
19608,149,2,136.20839999999998,3,5,3,11,Loyal Customers
19609,220,2,5835.4025,2,5,5,12,At Risk
19610,133,2,222.49620000000002,3,5,3,11,Loyal Customers
19611,213,2,5792.4325,2,5,5,12,At Risk
19612,218,2,5775.7325,2,5,5,12,At Risk
19613,227,2,5835.4025,2,5,5,12,At Risk
19614,232,2,5959.4125,2,5,5,12,At Risk
19615,199,2,5279.26,2,5,5,12,At Risk
19616,198,2,5279.26,2,5,5,12,At Risk
19617,6,2,123.5,5,5,3,13,Loyal Customers
19618,150,2,183.2184,3,5,3,11,Loyal Customers
19619,161,2,220.99,3,5,3,11,Loyal Customers
19620,201,2,5279.26,2,5,5,12,At Risk
19621,236,2,5759.8325,2,5,5,12,At Risk
19622,152,2,99.5,3,5,2,10,Potential Loyalists
19623,21,2,257.4862,5,5,3,13,Loyal Customers
19624,123,1,49.849999999999994,3,2,1,6,Potential Loyalists
19625,262,2,84.05,1,5,2,8,Potential Loyalists
19626,158,2,100.41000000000001,3,5,2,10,Potential Loyalists
19627,245,2,79.50999999999999,2,5,2,9,Potential Loyalists
19628,233,2,5787.7925,2,5,5,12,At Risk
19629,147,2,170.39,3,5,3,11,Loyal Customers
19630,216,2,113.5642,2,5,2,9,Potential Loyalists
19631,207,2,5279.26,2,5,5,12,At Risk
19632,309,1,100.94,1,2,2,5,Lost Customers
19633,195,1,64.97,2,2,2,6,Lost Customers
19634,100,1,69.99,4,2,2,8,New Customers
19635,32,1,117.08619999999999,5,2,2,9,New Customers
19636,117,1,133.49,3,2,3,8,Potential Loyalists
19637,126,1,87.27839999999999,3,2,2,7,Potential Loyalists
19638,2,1,14.97,5,2,1,8,New Customers
19639,316,1,90.7204,1,2,2,5,Lost Customers
19640,106,2,273.5,4,5,3,12,Loyal Customers
19641,258,1,73.48,1,2,2,5,Lost Customers
19642,33,3,141.17419999999998,5,5,3,13,Loyal Customers
19643,313,1,123.97999999999999,1,2,3,6,Can't Lose Them
19644,108,1,4.99,4,2,1,7,New Customers
19645,189,2,184.34459999999999,2,5,3,10,At Risk
19646,8,3,253.6242,5,5,3,13,Loyal Customers
19647,12,3,347.2604,5,5,3,13,Loyal Customers
19648,128,3,134.09,3,5,3,11,Loyal Customers
19649,94,1,87.27839999999999,4,2,2,8,New Customers
19650,13,1,49.56,5,2,1,8,New Customers
19652,200,2,5312.9042,2,5,5,12,At Risk
19653,205,2,5314.25,2,5,5,12,At Risk
19654,181,1,78.97999999999999,2,2,2,6,Lost Customers
19655,224,1,126.7015,2,2,3,7,Can't Lose Them
19656,121,1,27.2684,3,2,1,6,Potential Loyalists
19657,188,1,811.23,2,2,3,7,Can't Lose Them
19658,194,1,539.99,2,2,3,7,Can't Lose Them
19659,194,1,572.24,2,2,3,7,Can't Lose Them
19660,212,1,118.0573,2,2,2,6,Lost Customers
19661,47,1,2279.9796,5,2,4,11,Potential Loyalists
19662,155,1,75.97,3,2,2,7,Potential Loyalists
19663,124,1,69.99,3,2,2,7,Potential Loyalists
19664,6,1,87.27839999999999,5,2,2,9,New Customers
19665,50,1,69.99,5,2,2,9,New Customers
19666,80,1,35.0,4,2,1,7,New Customers
19667,39,1,177.92000000000002,5,2,3,10,New Customers
19668,10,1,118.0573,5,2,2,9,New Customers
19669,186,1,87.27839999999999,2,2,2,6,Lost Customers
19670,289,1,1023.4075,1,2,3,6,Can't Lose Them
19671,276,1,1048.5048,1,2,4,7,Can't Lose Them
19672,67,1,78.6242,4,2,2,8,New Customers
19673,125,1,39.58,3,2,1,6,Potential Loyalists
19674,88,1,49.56,4,2,1,7,New Customers
19675,109,1,198.99,4,2,3,9,New Customers
19676,221,1,81.2584,2,2,2,6,Lost Customers
19677,252,1,63.97,2,2,2,6,Lost Customers
19678,281,1,1000.4375,1,2,3,6,Can't Lose Them
19679,292,1,1034.0817,1,2,3,6,Can't Lose Them
19680,279,1,1048.5048,1,2,4,7,Can't Lose Them
19681,165,1,1082.5237,3,2,4,9,Potential Loyalists
19682,288,1,1034.0817,1,2,3,6,Can't Lose Them
19683,301,1,1054.3301,1,2,4,7,Can't Lose Them
19684,279,1,95.92259999999999,1,2,2,5,Lost Customers
19685,75,1,78.97999999999999,4,2,2,8,New Customers
19686,136,1,69.99,3,2,2,7,Potential Loyalists
19687,211,1,621.84,2,2,3,7,Can't Lose Them
19688,171,1,118.0573,3,2,2,7,Potential Loyalists
19689,195,1,707.9499000000001,2,2,3,7,Can't Lose Them
19690,206,1,581.83,2,2,3,7,Can't Lose Them
19691,209,1,624.94,2,2,3,7,Can't Lose Them
19692,208,1,117.08619999999999,2,2,2,6,Lost Customers
19693,221,1,107.5642,2,2,2,6,Lost Customers
19694,153,1,69.99,3,2,2,7,Potential Loyalists
19695,323,1,117.08619999999999,1,2,2,5,Lost Customers
19696,208,1,624.54,2,2,3,7,Can't Lose Them
19697,184,1,539.99,2,2,3,7,Can't Lose Them
19698,192,1,751.26,2,2,3,7,Can't Lose Them
19700,120,1,118.0573,3,2,2,7,Potential Loyalists
19702,220,1,69.99,2,2,2,6,Lost Customers
19703,312,1,69.99,1,2,2,5,Lost Customers
19704,154,1,1055.3675,3,2,4,9,Potential Loyalists
19705,53,1,2115.3796,4,2,4,10,Potential Loyalists
19706,184,1,641.2284,2,2,3,7,Can't Lose Them
19707,208,1,87.27839999999999,2,2,2,6,Lost Customers
19708,200,1,564.99,2,2,3,7,Can't Lose Them
19709,4,2,238.1642,5,5,3,13,Loyal Customers
19710,39,1,2128.0481999999997,5,2,4,11,Potential Loyalists
19712,191,1,118.0573,2,2,2,6,Lost Customers
19713,329,1,87.27839999999999,1,2,2,5,Lost Customers
19714,166,1,565.9226,3,2,3,8,Potential Loyalists
19715,167,1,123.97999999999999,3,2,3,8,Potential Loyalists
19716,273,1,1034.0817,1,2,3,6,Can't Lose Them
19717,287,1,1034.3175,1,2,4,7,Can't Lose Them
19718,166,1,594.95,3,2,3,8,Potential Loyalists
19719,177,1,697.5168,3,2,3,8,Potential Loyalists
19720,142,1,87.27839999999999,3,2,2,7,Potential Loyalists
19721,165,1,588.53,3,2,3,8,Potential Loyalists
19722,150,1,631.0462,3,2,3,8,Potential Loyalists
19723,163,1,584.97,3,2,3,8,Potential Loyalists
19724,302,1,1035.4275,1,2,4,7,Can't Lose Them
19725,282,1,1082.5237,1,2,4,7,Can't Lose Them
19726,304,2,157.74,1,5,3,9,At Risk
19727,327,1,69.99,1,2,2,5,Lost Customers
19728,302,1,118.0573,1,2,2,5,Lost Customers
19729,163,2,74.53999999999999,3,5,2,10,Potential Loyalists
19730,171,1,695.5943,3,2,3,8,Potential Loyalists
19731,24,1,87.27839999999999,5,2,2,9,New Customers
19732,239,1,87.97,2,2,2,6,Lost Customers
19733,326,1,69.99,1,2,2,5,Lost Customers
19734,62,1,118.0573,4,2,2,8,New Customers
19735,167,1,604.53,3,2,3,8,Potential Loyalists
19736,165,1,683.9200000000001,3,2,3,8,Potential Loyalists
19737,155,1,643.94,3,2,3,8,Potential Loyalists
19738,149,1,633.5942,3,2,3,8,Potential Loyalists
19739,126,1,623.6042,3,2,3,8,Potential Loyalists
19740,141,1,603.5942,3,2,3,8,Potential Loyalists
19741,73,1,87.97,4,2,2,8,New Customers
19742,68,1,117.08619999999999,4,2,2,8,New Customers
19743,261,1,1119.1491,1,2,4,7,Can't Lose Them
19744,242,1,1065.7932,2,2,4,8,Can't Lose Them
19745,268,1,1054.4275,1,2,4,7,Can't Lose Them
19746,48,1,2084.0982,5,2,4,11,Potential Loyalists
19747,302,1,147.5281,1,2,3,6,Can't Lose Them
19748,109,1,9.98,4,2,1,7,New Customers
19749,132,1,710.84,3,2,3,8,Potential Loyalists
19750,73,2,89.52000000000001,4,5,2,11,Potential Loyalists
19751,122,2,72.25,3,5,2,10,Potential Loyalists
19753,79,1,9.98,4,2,1,7,New Customers
19754,68,1,87.27839999999999,4,2,2,8,New Customers
19755,63,1,69.99,4,2,2,8,New Customers
19756,135,1,87.27839999999999,3,2,2,7,Potential Loyalists
19757,121,2,72.25,3,5,2,10,Potential Loyalists
19758,296,1,87.27839999999999,1,2,2,5,Lost Customers
19759,212,1,78.63419999999999,2,2,2,6,Lost Customers
19760,215,1,126.7015,2,2,3,7,Can't Lose Them
19761,16,1,80.87,5,2,2,9,New Customers
19762,160,1,53.96000000000001,3,2,1,6,Potential Loyalists
19763,353,2,4151.9042,1,5,5,11,At Risk
19764,288,1,25.880000000000003,1,2,1,4,Lost Customers
19765,362,2,4146.22,1,5,5,11,At Risk
19766,320,2,4172.22,1,5,5,11,At Risk
19767,82,1,117.08619999999999,4,2,2,8,New Customers
19768,250,1,1049.3401,2,2,4,8,Can't Lose Them
19769,74,1,539.99,4,2,3,9,New Customers
19770,309,2,4136.24,1,5,5,11,At Risk
19771,324,2,4188.8542,1,5,5,11,At Risk
19772,223,2,5768.8225,2,5,5,12,At Risk
19773,221,2,5793.4767,2,5,5,12,At Risk
19774,299,1,171.0762,1,2,3,6,Can't Lose Them
19775,266,1,1063.0717,1,2,4,7,Can't Lose Them
19776,204,1,140.6343,2,2,3,7,Can't Lose Them
19777,152,1,118.0573,3,2,2,7,Potential Loyalists
19778,310,1,69.99,1,2,2,5,Lost Customers
19780,121,1,628.5942,3,2,3,8,Potential Loyalists
19781,220,2,62.53,2,5,2,9,Potential Loyalists
19782,236,2,5846.7725,2,5,5,12,At Risk
19783,227,2,5759.8325,2,5,5,12,At Risk
19784,228,2,5759.8325,2,5,5,12,At Risk
19785,214,2,5814.8225,2,5,5,12,At Risk
19786,232,2,5759.8325,2,5,5,12,At Risk
19787,241,2,5792.4325,2,5,5,12,At Risk
19788,229,2,5794.8225,2,5,5,12,At Risk
19789,241,2,5800.4125,2,5,5,12,At Risk
19790,217,2,5841.7825,2,5,5,12,At Risk
19791,239,2,5800.4125,2,5,5,12,At Risk
19792,225,2,5794.8225,2,5,5,12,At Risk
19793,233,2,5794.8225,2,5,5,12,At Risk
19794,220,2,5858.7251,2,5,5,12,At Risk
19795,223,2,5810.070900000001,2,5,5,12,At Risk
19796,305,1,27.96,1,2,1,4,Lost Customers
19797,217,2,5759.8325,2,5,5,12,At Risk
19799,83,1,87.97,4,2,2,8,New Customers
19800,189,1,69.99,2,2,2,6,Lost Customers
19801,98,3,273.62350000000004,4,5,3,12,Loyal Customers
19803,65,1,574.98,4,2,3,9,New Customers
19804,148,1,123.97999999999999,3,2,3,8,Potential Loyalists
19805,187,1,69.99,2,2,2,6,Lost Customers
19806,123,1,118.0573,3,2,2,7,Potential Loyalists
19807,35,2,70.94,5,5,2,12,Potential Loyalists
19808,130,1,614.97,3,2,3,8,Potential Loyalists
19809,249,1,69.99,2,2,2,6,Lost Customers
19810,47,1,87.27839999999999,5,2,2,9,New Customers
19811,130,1,69.99,3,2,2,7,Potential Loyalists
19812,122,1,603.5942,3,2,3,8,Potential Loyalists
19813,125,1,539.99,3,2,3,8,Potential Loyalists
19814,146,1,639.96,3,2,3,8,Potential Loyalists
19815,97,1,629.53,4,2,3,9,New Customers
19816,108,1,123.97999999999999,4,2,3,9,New Customers
19817,74,2,156.2184,4,5,3,12,Loyal Customers
19818,132,1,87.97,3,2,2,7,Potential Loyalists
19819,65,1,123.97999999999999,4,2,3,9,New Customers
19820,252,1,1034.0817,2,2,3,7,Can't Lose Them
19822,181,1,78.91,2,2,2,6,Lost Customers
19823,25,1,91.0562,5,2,2,9,New Customers
19824,112,1,705.5843,3,2,3,8,Potential Loyalists
19825,194,1,69.99,2,2,2,6,Lost Customers
19826,319,1,70.0473,1,2,2,5,Lost Customers
19827,147,1,21.98,3,2,1,6,Potential Loyalists
19828,130,1,43.96,3,2,1,6,Potential Loyalists
19829,153,1,1076.3775,3,2,4,9,Potential Loyalists
19830,57,1,2188.3739,4,2,4,10,Potential Loyalists
19831,108,1,594.95,4,2,3,9,New Customers
19832,11,1,69.99,5,2,2,9,New Customers
19833,259,1,69.99,1,2,2,5,Lost Customers
19834,195,1,118.0573,2,2,2,6,Lost Customers
19835,11,1,96.96,5,2,2,9,New Customers
19836,62,2,122.93,4,5,2,11,Potential Loyalists
19837,99,1,614.97,4,2,3,9,New Customers
19838,116,1,634.94,3,2,3,8,Potential Loyalists
19839,94,2,198.6042,4,5,3,12,Loyal Customers
19840,0,1,118.0573,5,2,2,9,New Customers
19841,99,1,618.4981,4,2,3,9,New Customers
19842,61,1,588.53,4,2,3,9,New Customers
19843,84,1,564.99,4,2,3,9,New Customers
19844,50,1,2206.3022,5,2,4,11,Potential Loyalists
19845,78,1,641.6715,4,2,3,9,New Customers
19846,86,1,69.99,4,2,2,8,New Customers
19847,42,1,43.96,5,2,1,8,New Customers
19848,8,1,123.97999999999999,5,2,3,10,New Customers
19849,248,1,1054.9975,2,2,4,8,Can't Lose Them
19850,5,1,118.0573,5,2,2,9,New Customers
19851,208,1,123.97999999999999,2,2,3,7,Can't Lose Them
19852,285,1,69.99,1,2,2,5,Lost Customers
19853,78,1,118.0573,4,2,2,8,New Customers
19854,88,1,564.95,4,2,3,9,New Customers
19855,37,1,2079.0582,5,2,4,11,Potential Loyalists
19856,210,1,165.1535,2,2,3,7,Can't Lose Them
19857,249,1,69.99,2,2,2,6,Lost Customers
19858,25,1,117.08619999999999,5,2,2,9,New Customers
19859,222,1,69.99,2,2,2,6,Lost Customers
19860,304,1,132.6242,1,2,3,6,Can't Lose Them
19861,198,1,87.27839999999999,2,2,2,6,Lost Customers
19862,163,2,163.45,3,5,3,11,Loyal Customers
19864,179,1,69.99,3,2,2,7,Potential Loyalists
19865,267,1,1034.0817,1,2,3,6,Can't Lose Them
19866,91,1,69.99,4,2,2,8,New Customers
19868,62,1,118.0573,4,2,2,8,New Customers
19869,77,1,623.94,4,2,3,9,New Customers
19870,21,2,118.1642,5,5,2,12,Potential Loyalists
19871,124,1,69.99,3,2,2,7,Potential Loyalists
19873,264,1,14.56,1,2,1,4,Lost Customers
19874,171,1,1058.0417,3,2,4,9,Potential Loyalists
19875,247,1,1127.4648,2,2,4,8,Can't Lose Them
19876,179,1,87.97,3,2,2,7,Potential Loyalists
19877,116,1,69.99,3,2,2,7,Potential Loyalists
19878,20,1,69.99,5,2,2,9,New Customers
19879,298,1,69.99,1,2,2,5,Lost Customers
19880,272,1,69.99,1,2,2,5,Lost Customers
19881,273,1,87.27839999999999,1,2,2,5,Lost Customers
19882,166,1,123.97999999999999,3,2,3,8,Potential Loyalists
19883,66,1,557.2784,4,2,3,9,New Customers
19884,156,2,4482.3775,3,5,5,13,Loyal Customers
19886,259,1,87.27839999999999,1,2,2,5,Lost Customers
19887,10,1,87.27839999999999,5,2,2,9,New Customers
19888,156,1,118.0573,3,2,2,7,Potential Loyalists
19889,65,1,539.99,4,2,3,9,New Customers
19890,163,1,118.0573,3,2,2,7,Potential Loyalists
19891,256,1,1054.4275,2,2,4,8,Can't Lose Them
19892,243,1,1034.0817,2,2,3,7,Can't Lose Them
19894,211,1,69.99,2,2,2,6,Lost Customers
19896,274,1,69.99,1,2,2,5,Lost Customers
19897,39,1,618.94,5,2,3,10,New Customers
19898,8,1,29.57,5,2,1,8,New Customers
19899,62,2,2811.8006,4,5,5,14,Champions
19900,122,1,56.849999999999994,3,2,1,6,Potential Loyalists
19901,76,2,2770.1764,4,5,5,14,Champions
19902,65,2,2752.7763999999997,4,5,4,13,Champions
19903,44,2,2861.2137,5,5,5,15,Champions
19904,80,2,2796.7364,4,5,5,14,Champions
19905,57,1,12.27,4,2,1,7,New Customers
19906,140,1,22.97,3,2,1,6,Potential Loyalists
19907,85,1,64.53999999999999,4,2,2,8,New Customers
19908,4,1,120.6243,5,2,2,9,New Customers
19909,211,1,91.60419999999999,2,2,2,6,Lost Customers
19910,82,2,2877.9778,4,5,5,14,Champions
19911,51,2,3101.8171,5,5,5,15,Champions
19912,33,2,3197.5286,5,5,5,15,Champions
19913,305,1,57.959999999999994,1,2,1,4,Lost Customers
19914,196,1,60.25,2,2,2,6,Lost Customers
19916,42,2,3123.1299,5,5,5,15,Champions
19917,50,2,3134.8171,5,5,5,15,Champions
19918,0,2,3124.5056999999997,5,5,5,15,Champions
19919,228,1,9.98,2,2,1,5,Lost Customers
19920,311,1,129.2384,1,2,3,6,Can't Lose Them
19921,258,1,91.60419999999999,1,2,2,5,Lost Customers
19922,54,2,2804.1620000000003,4,5,5,14,Champions
19923,241,1,49.98,2,2,1,5,Lost Customers
19924,67,2,2849.2336999999998,4,5,5,14,Champions
19925,172,1,81.7015,3,2,2,7,Potential Loyalists
19926,265,1,43.6242,1,2,1,4,Lost Customers
19927,151,1,9.98,3,2,1,6,Potential Loyalists
19928,238,1,9.98,2,2,1,5,Lost Customers
19929,272,1,88.96,1,2,2,5,Lost Customers
19930,33,2,2787.7764,5,5,5,15,Champions
19931,50,2,2811.3878,5,5,5,15,Champions
19933,278,1,9.98,1,2,1,4,Lost Customers
19934,227,1,243.1035,2,2,3,7,Can't Lose Them
19935,132,1,111.95,3,2,2,7,Potential Loyalists
19936,1,1,57.959999999999994,5,2,1,8,New Customers
19938,106,1,4.99,4,2,1,7,New Customers
19939,19,1,60.9126,5,2,2,9,New Customers
19940,2,2,3191.8571,5,5,5,15,Champions
19941,22,1,2145.0108,5,2,4,11,Potential Loyalists
19942,9,1,2101.3796,5,2,4,11,Potential Loyalists
19943,52,2,2790.4978,4,5,5,14,Champions
19944,41,2,2775.0978000000005,5,5,5,15,Champions
19945,38,2,2804.1620000000003,5,5,5,15,Champions
19946,256,1,160.89,2,2,3,7,Can't Lose Them
19947,229,2,5794.7225,2,5,5,12,At Risk
19948,234,2,5759.8325,2,5,5,12,At Risk
19949,232,2,5792.4325,2,5,5,12,At Risk
19950,192,2,5872.6625,2,5,5,12,At Risk
19951,188,2,5759.8325,2,5,5,12,At Risk
19952,19,2,78.92,5,5,2,12,Potential Loyalists
19953,227,1,50.959999999999994,2,2,1,5,Lost Customers
19955,124,2,220.18099999999998,3,5,3,11,Loyal Customers
19956,185,2,5804.9925,2,5,5,12,At Risk
19957,195,2,5778.8025,2,5,5,12,At Risk
19958,182,2,5799.3025,2,5,5,12,At Risk
19959,187,2,5793.4767,2,5,5,12,At Risk
19960,196,2,5858.3225,2,5,5,12,At Risk
19961,20,2,123.44999999999999,5,5,3,13,Loyal Customers
19962,161,2,104.0884,3,5,2,10,Potential Loyalists
19963,197,2,5792.4325,2,5,5,12,At Risk
19964,192,2,5793.4767,2,5,5,12,At Risk
19965,184,2,5793.4767,2,5,5,12,At Risk
19966,203,2,5759.8325,2,5,5,12,At Risk
19967,185,2,5775.7325,2,5,5,12,At Risk
19968,201,2,5759.8325,2,5,5,12,At Risk
19969,204,2,142.2184,2,5,3,10,At Risk
19970,184,2,5851.2925,2,5,5,12,At Risk
19971,195,2,5793.4767,2,5,5,12,At Risk
19972,85,2,111.34,4,5,2,11,Potential Loyalists
19973,113,2,158.38,3,5,3,11,Loyal Customers
19974,191,2,5759.8325,2,5,5,12,At Risk
19975,181,2,5793.4767,2,5,5,12,At Risk
19976,181,2,102.06,2,5,2,9,Potential Loyalists
19977,211,2,5805.0809,2,5,5,12,At Risk
19978,200,2,5808.9825,2,5,5,12,At Risk
19979,188,2,5842.7825,2,5,5,12,At Risk
19981,267,1,1034.0817,1,2,3,6,Can't Lose Them
19982,47,1,604.94,5,2,3,10,New Customers
19983,249,1,1000.4375,2,2,3,7,Can't Lose Them
19984,245,1,1080.3600999999999,2,2,4,8,Can't Lose Them
19985,263,1,1054.4275,1,2,4,7,Can't Lose Them
19986,269,1,1083.3875,1,2,4,7,Can't Lose Them
19987,177,2,4449.3875,3,5,5,13,Loyal Customers
19988,134,2,4435.4175,3,5,5,13,Loyal Customers
19989,148,2,4375.4275,3,5,5,13,Loyal Customers
19990,47,1,557.2784,5,2,3,10,New Customers
19991,43,1,617.5942,5,2,3,10,New Customers
19992,36,1,608.95,5,2,3,10,New Customers
19993,265,1,1076.4648,1,2,4,7,Can't Lose Them
19994,57,1,539.99,4,2,3,9,New Customers
19995,37,1,618.98,5,2,3,10,New Customers
19996,102,1,69.99,4,2,2,8,New Customers
19997,59,2,5566.4096,4,5,5,14,Champions
19998,267,1,1034.0817,1,2,3,6,Can't Lose Them
19999,270,1,1057.2875,1,2,4,7,Can't Lose Them
20000,128,2,4375.4275,3,5,5,13,Loyal Customers
20001,247,1,1034.0817,2,2,3,7,Can't Lose Them
20002,19,1,613.5842,5,2,3,10,New Customers
20003,13,1,594.95,5,2,3,10,New Customers
20004,18,1,598.6042,5,2,3,10,New Customers
20005,225,1,1046.3775,2,2,4,8,Can't Lose Them
20006,212,1,1034.0817,2,2,3,7,Can't Lose Them
20007,120,2,4375.4275,3,5,5,13,Loyal Customers
20008,72,1,69.99,4,2,2,8,New Customers
20009,234,1,1092.0417,2,2,4,8,Can't Lose Them
20010,96,1,69.99,4,2,2,8,New Customers
20011,5,1,539.99,5,2,3,10,New Customers
20012,20,1,569.95,5,2,3,10,New Customers
20013,5,1,539.99,5,2,3,10,New Customers
20014,274,1,87.27839999999999,1,2,2,5,Lost Customers
20015,13,1,564.99,5,2,3,10,New Customers
20016,138,1,141.26839999999999,3,2,3,8,Potential Loyalists
20017,3,1,87.27839999999999,5,2,2,9,New Customers
20018,195,1,69.99,2,2,2,6,Lost Customers
20019,115,1,135.3457,3,2,3,8,Potential Loyalists
20020,85,1,87.27839999999999,4,2,2,8,New Customers
20021,9,1,131.9873,5,2,3,10,New Customers
20022,82,1,118.0573,4,2,2,8,New Customers
20023,113,2,4409.0716999999995,3,5,5,13,Loyal Customers
20024,241,1,1034.0817,2,2,3,7,Can't Lose Them
20025,48,1,117.08619999999999,5,2,2,9,New Customers
20026,221,1,1121.8975,2,2,4,8,Can't Lose Them
20027,56,1,87.97,4,2,2,8,New Customers
20028,213,1,1054.4275,2,2,4,8,Can't Lose Them
20029,237,1,1027.4075,2,2,3,7,Can't Lose Them
20030,227,1,1034.0817,2,2,3,7,Can't Lose Them
20031,230,1,1034.0817,2,2,3,7,Can't Lose Them
20032,214,1,1000.4375,2,2,3,7,Can't Lose Them
20033,19,1,619.54,5,2,3,10,New Customers
20034,36,2,5527.7124,5,5,5,15,Champions
20035,48,2,5446.4096,5,5,5,15,Champions
20036,345,1,2373.1025,1,2,4,7,Can't Lose Them
20037,334,1,2334.1625,1,2,4,7,Can't Lose Them
20038,361,1,2181.5625,1,2,4,7,Can't Lose Them
20039,343,1,2209.5225,1,2,4,7,Can't Lose Them
20040,230,1,1035.4275,2,2,4,8,Can't Lose Them
20041,247,1,25.2684,2,2,1,5,Lost Customers
20042,299,1,2205.4125,1,2,4,7,Can't Lose Them
20043,3,1,94.55,5,2,2,9,New Customers
20044,199,1,1034.0817,2,2,3,7,Can't Lose Them
20045,268,1,618.94,1,2,3,6,Can't Lose Them
20046,212,1,755.5815,2,2,3,7,Can't Lose Them
20047,212,1,613.0573,2,2,3,7,Can't Lose Them
20048,152,1,2181.5625,3,2,4,9,Potential Loyalists
20049,126,1,2197.4625,3,2,4,9,Potential Loyalists
20050,329,1,66.96000000000001,1,2,2,5,Lost Customers
20051,0,3,4157.246,5,5,5,15,Champions
20052,283,1,2259.7767,1,2,4,7,Can't Lose Them
20053,185,1,74.83,2,2,2,6,Lost Customers
20054,260,1,2381.1425,1,2,4,7,Can't Lose Them
20055,184,1,86.96000000000001,2,2,2,6,Lost Customers
20056,37,1,181.5554,5,2,3,10,New Customers
20057,109,1,58.9126,4,2,1,7,New Customers
20058,210,1,62.54,2,2,2,6,Lost Customers
20059,165,1,1048.5048,3,2,4,9,Potential Loyalists
20060,142,1,2181.5625,3,2,4,9,Potential Loyalists
20061,156,1,1054.4275,3,2,4,9,Potential Loyalists
20062,272,2,1807.1798,1,5,4,10,At Risk
20063,19,1,93.60419999999999,5,2,2,9,New Customers
20064,192,1,46.96,2,2,1,5,Lost Customers
20065,9,1,42.98,5,2,1,8,New Customers
20066,232,1,1048.5048,2,2,4,8,Can't Lose Them
20067,220,1,1034.0817,2,2,3,7,Can't Lose Them
20068,214,1,1000.4375,2,2,3,7,Can't Lose Them
20069,88,1,573.6342,4,2,3,9,New Customers
20070,158,1,49.96,3,2,1,6,Potential Loyalists
20071,299,1,87.97,1,2,2,5,Lost Customers
20072,228,1,1034.0817,2,2,3,7,Can't Lose Them
20073,233,1,1048.5048,2,2,4,8,Can't Lose Them
20074,73,1,592.6042,4,2,3,9,New Customers
20075,757,1,3399.99,1,2,5,8,Can't Lose Them
20076,37,1,567.95,5,2,3,10,New Customers
20077,57,1,670.0362,4,2,3,9,New Customers
20078,37,1,628.97,5,2,3,10,New Customers
20079,39,1,9.98,5,2,1,8,New Customers
20080,56,1,548.6342,4,2,3,9,New Customers
20081,74,1,63.97,4,2,2,8,New Customers
20083,54,1,43.6242,4,2,1,7,New Customers
20084,29,2,95.99000000000001,5,5,2,12,Potential Loyalists
20085,129,2,142.9,3,5,3,11,Loyal Customers
20086,219,2,153.1742,2,5,3,10,At Risk
20087,196,1,107.46000000000001,2,2,2,6,Lost Customers
20088,203,1,9.98,2,2,1,5,Lost Customers
20090,30,1,557.97,5,2,3,10,New Customers
20091,37,1,580.5942,5,2,3,10,New Customers
20092,215,1,1058.3975,2,2,4,8,Can't Lose Them
20093,237,1,1081.1779,2,2,4,8,Can't Lose Them
20094,142,1,27.2684,3,2,1,6,Potential Loyalists
20095,113,1,64.97,3,2,2,7,Potential Loyalists
20096,9,2,141.0362,5,5,3,13,Loyal Customers
20097,238,1,1000.4375,2,2,3,7,Can't Lose Them
20098,70,1,73.48,4,2,2,8,New Customers
20099,118,1,14.97,3,2,1,6,Potential Loyalists
20100,9,1,43.6242,5,2,1,8,New Customers
20101,45,1,80.87,5,2,2,9,New Customers
20102,105,1,43.6242,4,2,1,7,New Customers
20103,237,1,102.13419999999999,2,2,2,6,Lost Customers
20104,303,2,158.05,1,5,3,9,At Risk
20105,129,1,77.2684,3,2,2,7,Potential Loyalists
20106,201,2,128.6815,2,5,3,10,At Risk
20107,156,1,69.99,3,2,2,7,Potential Loyalists
20108,238,1,1035.4275,2,2,4,8,Can't Lose Them
20109,224,1,1035.4275,2,2,4,8,Can't Lose Them
20110,211,1,1000.4375,2,2,3,7,Can't Lose Them
20111,207,1,1063.3875,2,2,4,8,Can't Lose Them
20112,69,1,87.27839999999999,4,2,2,8,New Customers
20113,62,1,69.99,4,2,2,8,New Customers
20114,210,1,87.97,2,2,2,6,Lost Customers
20115,299,1,118.0573,1,2,2,5,Lost Customers
20116,298,1,118.0573,1,2,2,5,Lost Customers
20117,276,1,87.27839999999999,1,2,2,5,Lost Customers
20118,189,1,1048.5048,2,2,4,8,Can't Lose Them
20119,85,1,69.99,4,2,2,8,New Customers
20120,262,1,118.0573,1,2,2,5,Lost Customers
20121,284,1,69.99,1,2,2,5,Lost Customers
20122,46,1,135.3457,5,2,3,10,New Customers
20123,79,1,141.26839999999999,4,2,3,9,New Customers
20124,202,1,69.99,2,2,2,6,Lost Customers
20125,212,1,118.0573,2,2,2,6,Lost Customers
20127,259,1,69.99,1,2,2,5,Lost Customers
20128,169,1,87.27839999999999,3,2,2,7,Potential Loyalists
20129,267,1,118.0573,1,2,2,5,Lost Customers
20130,330,1,9.98,1,2,1,4,Lost Customers
20131,2,1,41.6242,5,2,1,8,New Customers
20132,200,1,133.5942,2,2,3,7,Can't Lose Them
20133,176,1,32.97,3,2,1,6,Potential Loyalists
20135,179,1,79.95,3,2,2,7,Potential Loyalists
20137,22,1,160.8726,5,2,3,10,New Customers
20138,324,1,151.6715,1,2,3,6,Can't Lose Them
20139,237,1,69.99,2,2,2,6,Lost Customers
20140,237,1,59.98,2,2,1,5,Lost Customers
20141,50,1,3.99,5,2,1,8,New Customers
20142,330,1,7.98,1,2,1,4,Lost Customers
20143,152,1,66.85,3,2,2,7,Potential Loyalists
20145,168,1,1092.0417,3,2,4,9,Potential Loyalists
20146,315,1,7.98,1,2,1,4,Lost Customers
20147,191,1,75.94,2,2,2,6,Lost Customers
20148,286,1,14.850000000000001,1,2,1,4,Lost Customers
20150,264,1,2303.854,1,2,4,7,Can't Lose Them
20151,305,2,4178.21,1,5,5,11,At Risk
20152,325,2,4165.3562,1,5,5,11,At Risk
20153,150,1,27.2684,3,2,1,6,Potential Loyalists
20154,316,2,4153.25,1,5,5,11,At Risk
20155,181,1,64.97,2,2,2,6,Lost Customers
20156,305,2,4139.75,1,5,5,11,At Risk
20157,323,2,4118.26,1,5,5,11,At Risk
20158,330,2,4151.9042,1,5,5,11,At Risk
20159,323,2,4181.21,1,5,5,11,At Risk
20160,308,2,4249.2773,1,5,5,11,At Risk
20161,184,1,41.6242,2,2,1,5,Lost Customers
20162,261,2,1770.8141,1,5,4,10,At Risk
20163,255,2,1699.5357,2,5,4,11,At Risk
20164,101,1,2197.4625,4,2,4,10,Potential Loyalists
20165,112,1,2243.1667,3,2,4,9,Potential Loyalists
20167,94,1,2181.5625,4,2,4,10,Potential Loyalists
20170,73,1,2215.2067,4,2,4,10,Potential Loyalists
20171,235,2,1733.1799,2,5,4,11,At Risk
20172,33,1,2197.4625,5,2,4,11,Potential Loyalists
20173,257,1,2226.7225,1,2,4,7,Can't Lose Them
20174,73,1,59.98,4,2,1,7,New Customers
20175,171,1,1099.4374,3,2,4,9,Potential Loyalists
20176,88,1,64.56,4,2,2,8,New Customers
20177,199,1,12.56,2,2,1,5,Lost Customers
20178,281,1,7.98,1,2,1,4,Lost Customers
20179,209,1,49.98,2,2,1,5,Lost Customers
20180,360,1,2230.0925,1,2,4,7,Can't Lose Them
20181,351,1,2181.5625,1,2,4,7,Can't Lose Them
20182,53,2,5501.3996,4,5,5,14,Champions
20183,332,1,2197.4625,1,2,4,7,Can't Lose Them
20184,245,1,123.97999999999999,2,2,3,7,Can't Lose Them
20185,103,1,69.99,4,2,2,8,New Customers
20186,85,2,3071.8571,4,5,5,14,Champions
20187,194,1,1057.6298,2,2,4,8,Can't Lose Them
20188,63,2,3105.5013,4,5,5,14,Champions
20189,104,1,9.98,4,2,1,7,New Customers
20190,190,1,1115.7732,2,2,4,8,Can't Lose Them
20191,182,1,1045.6859,2,2,4,8,Can't Lose Them
20192,196,1,1035.4275,2,2,4,8,Can't Lose Them
20193,200,1,1000.4375,2,2,3,7,Can't Lose Them
20194,187,1,1054.4275,2,2,4,8,Can't Lose Them
20195,208,1,1054.4275,2,2,4,8,Can't Lose Them
20196,183,1,1000.4375,2,2,3,7,Can't Lose Them
20197,187,1,1050.4175,2,2,4,8,Can't Lose Them
20198,197,1,1054.4275,2,2,4,8,Can't Lose Them
20199,310,1,2287.1968,1,2,4,7,Can't Lose Them
20200,333,1,2226.1324999999997,1,2,4,7,Can't Lose Them
20202,20,1,118.1784,5,2,2,9,New Customers
20203,97,1,118.0573,4,2,2,8,New Customers
20204,331,1,2214.1625,1,2,4,7,Can't Lose Them
20205,198,1,1092.0417,2,2,4,8,Can't Lose Them
20206,62,2,3083.1799,4,5,5,14,Champions
20207,198,1,1028.3975,2,2,3,7,Can't Lose Them
20208,89,2,3097.603,4,5,5,14,Champions
20209,79,2,3146.573,4,5,5,14,Champions
20210,313,1,2216.5525,1,2,4,7,Can't Lose Them
20211,209,2,5333.25,2,5,5,12,At Risk
20213,205,2,5783.6825,2,5,5,12,At Risk
20214,185,2,5304.25,2,5,5,12,At Risk
20215,203,2,5279.26,2,5,5,12,At Risk
20216,206,2,5360.0004,2,5,5,12,At Risk
20218,238,2,123.91,2,5,3,10,At Risk
20219,210,2,5796.0909,2,5,5,12,At Risk
20220,204,2,5804.9925,2,5,5,12,At Risk
20221,195,2,5787.7925,2,5,5,12,At Risk
20222,10,2,99.93,5,5,2,12,Potential Loyalists
20223,0,2,231.5215,5,5,3,13,Loyal Customers
20224,84,2,100.87259999999999,4,5,2,11,Potential Loyalists
20225,194,2,5793.4767,2,5,5,12,At Risk
20226,205,2,5827.3825,2,5,5,12,At Risk
20227,188,2,5792.4325,2,5,5,12,At Risk
20228,211,2,5830.0667,2,5,5,12,At Risk
20229,130,1,103.60419999999999,3,2,2,7,Potential Loyalists
20230,197,1,34.57,2,2,1,5,Lost Customers
20231,218,1,84.60419999999999,2,2,2,6,Lost Customers
20232,197,1,148.91,2,2,3,7,Can't Lose Them
20233,238,1,99.96,2,2,2,6,Lost Customers
20234,307,1,94.55,1,2,2,5,Lost Customers
20235,15,1,69.96,5,2,2,9,New Customers
20236,180,2,5279.26,2,5,5,12,At Risk
20237,329,1,42.98,1,2,1,4,Lost Customers
20238,187,2,5759.8325,2,5,5,12,At Risk
20239,191,2,5835.4025,2,5,5,12,At Risk
20240,73,1,91.94,4,2,2,8,New Customers
20241,160,2,5370.2,3,5,5,13,Loyal Customers
20242,197,2,5820.8925,2,5,5,12,At Risk
20243,219,1,111.43,2,2,2,6,Lost Customers
20244,197,2,5759.8325,2,5,5,12,At Risk
20245,159,2,5835.8598,3,5,5,13,Loyal Customers
20246,180,2,5787.7925,2,5,5,12,At Risk
20247,155,2,5793.4767,3,5,5,13,Loyal Customers
20248,2,1,103.60419999999999,5,2,2,9,New Customers
20249,156,2,5333.25,3,5,5,13,Loyal Customers
20250,253,1,74.53999999999999,2,2,2,6,Lost Customers
20251,249,1,135.6143,2,2,3,7,Can't Lose Them
20252,118,1,103.60419999999999,3,2,2,7,Potential Loyalists
20253,154,2,5787.7925,3,5,5,13,Loyal Customers
20254,103,1,110.0842,4,2,2,8,New Customers
20255,320,1,96.97,1,2,2,5,Lost Customers
20256,163,2,5767.7825,3,5,5,13,Loyal Customers
20258,167,2,5775.7325,3,5,5,13,Loyal Customers
20259,161,2,5775.7325,3,5,5,13,Loyal Customers
20260,180,2,5312.9042,2,5,5,12,At Risk
20261,150,2,5312.9042,3,5,5,13,Loyal Customers
20262,179,1,59.53,3,2,1,6,Potential Loyalists
20263,32,1,42.98,5,2,1,8,New Customers
20264,157,2,5333.25,3,5,5,13,Loyal Customers
20266,251,1,85.95,2,2,2,6,Lost Customers
20267,144,1,98.0562,3,2,2,7,Potential Loyalists
20268,66,1,42.98,4,2,1,7,New Customers
20269,61,1,9.98,4,2,1,7,New Customers
20270,249,1,87.27839999999999,2,2,2,6,Lost Customers
20271,163,1,118.0573,3,2,2,7,Potential Loyalists
20272,95,1,140.6343,4,2,3,9,New Customers
20273,91,1,43.6242,4,2,1,7,New Customers
20274,147,1,69.99,3,2,2,7,Potential Loyalists
20277,238,1,9.98,2,2,1,5,Lost Customers
20279,286,1,165.1535,1,2,3,6,Can't Lose Them
20280,105,2,146.55419999999998,4,5,3,12,Loyal Customers
20281,192,1,1081.1779,2,2,4,8,Can't Lose Them
20282,175,1,74.53999999999999,3,2,2,7,Potential Loyalists
20283,130,2,5312.9042,3,5,5,13,Loyal Customers
20284,121,2,5349.8542,3,5,5,13,Loyal Customers
20285,15,1,69.99,5,2,2,9,New Customers
20286,247,1,87.97,2,2,2,6,Lost Customers
20287,108,1,188.70159999999998,4,2,3,9,New Customers
20288,49,1,117.08619999999999,5,2,2,9,New Customers
20289,127,1,69.99,3,2,2,7,Potential Loyalists
20290,262,1,123.97999999999999,1,2,3,6,Can't Lose Them
20291,187,1,1062.9775,2,2,4,8,Can't Lose Them
20292,59,1,118.0573,4,2,2,8,New Customers
20293,104,1,69.99,4,2,2,8,New Customers
20294,106,1,118.0573,4,2,2,8,New Customers
20295,197,1,1054.4275,2,2,4,8,Can't Lose Them
20296,211,1,1025.4275,2,2,3,7,Can't Lose Them
20297,290,1,2235.4551,1,2,4,7,Can't Lose Them
20299,258,1,77.60419999999999,1,2,2,5,Lost Customers
20300,94,1,92.0273,4,2,2,8,New Customers
20301,218,1,69.99,2,2,2,6,Lost Customers
20302,278,1,2197.4625,1,2,4,7,Can't Lose Them
20303,278,1,2250.5325,1,2,4,7,Can't Lose Them
20304,191,1,1048.5048,2,2,4,8,Can't Lose Them
20305,83,1,69.99,4,2,2,8,New Customers
20306,240,1,69.99,2,2,2,6,Lost Customers
20307,201,1,118.0573,2,2,2,6,Lost Customers
20308,284,1,69.99,1,2,2,5,Lost Customers
20310,191,1,1058.3975,2,2,4,8,Can't Lose Them
20311,41,1,118.0573,5,2,2,9,New Customers
20312,235,1,14.97,2,2,1,5,Lost Customers
20313,26,1,117.08619999999999,5,2,2,9,New Customers
20314,36,1,80.87,5,2,2,9,New Customers
20315,195,1,141.26839999999999,2,2,3,7,Can't Lose Them
20316,304,1,43.6242,1,2,1,4,Lost Customers
20317,274,1,63.97,1,2,2,5,Lost Customers
20318,62,2,3119.9244000000003,4,5,5,14,Champions
20319,196,1,1035.4275,2,2,4,8,Can't Lose Them
20320,203,1,1034.0817,2,2,3,7,Can't Lose Them
20321,200,1,1035.4275,2,2,4,8,Can't Lose Them
20322,3,1,69.99,5,2,2,9,New Customers
20323,281,1,2249.5025,1,2,4,7,Can't Lose Them
20324,273,1,2285.6425,1,2,4,7,Can't Lose Them
20325,58,1,87.27839999999999,4,2,2,8,New Customers
20326,243,1,145.0273,2,2,3,7,Can't Lose Them
20327,223,1,69.99,2,2,2,6,Lost Customers
20328,131,1,118.0573,3,2,2,7,Potential Loyalists
20329,66,1,69.99,4,2,2,8,New Customers
20331,212,1,133.49,2,2,3,7,Can't Lose Them
20332,108,1,87.97,4,2,2,8,New Customers
20333,43,1,69.99,5,2,2,9,New Customers
20334,317,1,69.99,1,2,2,5,Lost Customers
20335,96,1,69.99,4,2,2,8,New Customers
20336,13,1,69.99,5,2,2,9,New Customers
20337,298,1,2199.5425,1,2,4,7,Can't Lose Them
20338,68,1,123.97999999999999,4,2,3,9,New Customers
20339,275,1,2264.6198,1,2,4,7,Can't Lose Them
20340,271,1,2181.5625,1,2,4,7,Can't Lose Them
20341,152,1,78.95,3,2,2,7,Potential Loyalists
20342,82,1,95.92259999999999,4,2,2,8,New Customers
20343,324,1,69.99,1,2,2,5,Lost Customers
20344,294,1,118.0573,1,2,2,5,Lost Customers
20345,259,1,2273.0225,1,2,4,7,Can't Lose Them
20346,251,1,2305.1998,2,2,4,8,Can't Lose Them
20347,251,1,2181.5625,2,2,4,8,Can't Lose Them
20348,263,1,2263.5125,1,2,4,7,Can't Lose Them
20349,176,1,69.99,3,2,2,7,Potential Loyalists
20350,50,2,3106.8471,5,5,5,15,Champions
20351,99,1,118.0573,4,2,2,8,New Customers
20352,255,1,96.96,2,2,2,6,Lost Customers
20353,252,1,87.97,2,2,2,6,Lost Customers
20354,214,1,64.44,2,2,2,6,Lost Customers
20355,87,1,87.97,4,2,2,8,New Customers
20356,13,1,96.96,5,2,2,9,New Customers
20357,190,1,69.99,2,2,2,6,Lost Customers
20358,238,1,123.97999999999999,2,2,3,7,Can't Lose Them
20359,203,1,87.27839999999999,2,2,2,6,Lost Customers
20360,127,1,87.97,3,2,2,7,Potential Loyalists
20361,316,1,69.99,1,2,2,5,Lost Customers
20362,47,1,69.99,5,2,2,9,New Customers
20363,47,1,141.6054,5,2,3,10,New Customers
20364,7,1,87.27839999999999,5,2,2,9,New Customers
20366,306,1,69.99,1,2,2,5,Lost Customers
20367,28,1,135.3457,5,2,3,10,New Customers
20368,235,1,69.99,2,2,2,6,Lost Customers
20369,233,1,78.0273,2,2,2,6,Lost Customers
20370,233,1,63.6042,2,2,2,6,Lost Customers
20371,195,1,1054.4275,2,2,4,8,Can't Lose Them
20372,198,1,1085.4548,2,2,4,8,Can't Lose Them
20373,50,2,3105.5013,5,5,5,15,Champions
20374,210,1,1000.4375,2,2,3,7,Can't Lose Them
20375,53,2,4212.5451,4,5,5,14,Champions
20376,245,1,2214.1625,2,2,4,8,Can't Lose Them
20377,214,1,2181.5625,2,2,4,8,Can't Lose Them
20378,315,1,118.0573,1,2,2,5,Lost Customers
20379,144,1,123.97999999999999,3,2,3,8,Potential Loyalists
20380,250,1,14.56,2,2,1,5,Lost Customers
20381,59,1,69.99,4,2,2,8,New Customers
20382,241,1,2226.7225,2,2,4,8,Can't Lose Them
20383,63,1,117.08619999999999,4,2,2,8,New Customers
20384,216,1,135.3457,2,2,3,7,Can't Lose Them
20385,226,1,2263.274,2,2,4,8,Can't Lose Them
20386,233,1,2226.7225,2,2,4,8,Can't Lose Them
20387,174,1,1072.0529000000001,3,2,4,9,Potential Loyalists
20388,115,1,19.98,3,2,1,6,Potential Loyalists
20389,54,1,40.870000000000005,4,2,1,7,New Customers
20390,124,1,19.97,3,2,1,6,Potential Loyalists
20391,322,1,37.95,1,2,1,4,Lost Customers
20392,61,1,153.45,4,2,3,9,New Customers
20394,177,1,1076.3775,3,2,4,9,Potential Loyalists
20395,166,1,1058.9756,3,2,4,9,Potential Loyalists
20396,87,1,69.99,4,2,2,8,New Customers
20397,73,1,103.45,4,2,2,8,New Customers
20398,201,1,83.95,2,2,2,6,Lost Customers
20399,159,1,1096.0317,3,2,4,9,Potential Loyalists
20400,174,1,1000.4375,3,2,3,8,Potential Loyalists
20401,157,1,1096.0317,3,2,4,9,Potential Loyalists
20402,194,1,9.98,2,2,1,5,Lost Customers
20403,4,1,14.56,5,2,1,8,New Customers
20405,223,1,2301.5625,2,2,4,8,Can't Lose Them
20406,111,1,59.980000000000004,3,2,1,6,Potential Loyalists
20407,135,1,9.98,3,2,1,6,Potential Loyalists
20409,134,1,34.95,3,2,1,6,Potential Loyalists
20410,261,1,64.95,1,2,2,5,Lost Customers
20411,227,1,67.1823,2,2,2,6,Lost Customers
20412,236,1,2263.274,2,2,4,8,Can't Lose Them
20413,279,1,73.5942,1,2,2,5,Lost Customers
20414,78,1,98.45,4,2,2,8,New Customers
20415,136,1,27.2684,3,2,1,6,Potential Loyalists
20416,303,2,4118.26,1,5,5,11,At Risk
20417,254,1,76.2684,2,2,2,6,Lost Customers
20418,305,2,4205.8942,1,5,5,11,At Risk
20419,264,1,9.98,1,2,1,4,Lost Customers
20420,298,2,4151.21,1,5,5,11,At Risk
20421,232,1,128.96,2,2,3,7,Can't Lose Them
20422,172,1,1024.3975,3,2,3,8,Potential Loyalists
20423,281,2,4199.0004,1,5,5,11,At Risk
20425,298,2,4118.26,1,5,5,11,At Risk
20426,293,2,4161.24,1,5,5,11,At Risk
20427,130,2,5312.9042,3,5,5,13,Loyal Customers
20429,121,2,5376.4042,3,5,5,13,Loyal Customers
20430,154,2,5793.4767,3,5,5,13,Loyal Customers
20431,93,1,19.97,4,2,1,7,New Customers
20432,51,1,29.96,5,2,1,8,New Customers
20433,20,1,110.7004,5,2,2,9,New Customers
20434,174,1,1048.5048,3,2,4,9,Potential Loyalists
20435,164,1,73.5942,3,2,2,7,Potential Loyalists
20436,150,1,1019.4075,3,2,3,8,Potential Loyalists
20437,168,1,1035.4275,3,2,4,9,Potential Loyalists
20438,260,1,94.94,1,2,2,5,Lost Customers
20439,306,1,29.96,1,2,1,4,Lost Customers
20440,215,1,19.98,2,2,1,5,Lost Customers
20441,124,1,48.6142,3,2,1,6,Potential Loyalists
20442,226,1,2222.7325,2,2,4,8,Can't Lose Them
20443,85,1,43.518100000000004,4,2,1,7,New Customers
20444,157,2,5835.8598,3,5,5,13,Loyal Customers
20445,157,2,5839.5287,3,5,5,13,Loyal Customers
20446,162,2,5775.7325,3,5,5,13,Loyal Customers
20447,154,2,5787.7925,3,5,5,13,Loyal Customers
20448,172,2,5813.7251,3,5,5,13,Loyal Customers
20449,170,1,19.98,3,2,1,6,Potential Loyalists
20450,170,2,5759.8325,3,5,5,13,Loyal Customers
20451,164,2,5792.4325,3,5,5,13,Loyal Customers
20452,169,2,5893.5667,3,5,5,13,Loyal Customers
20453,329,1,21.49,1,2,1,4,Lost Customers
20454,180,1,45.269999999999996,2,2,1,5,Lost Customers
20456,153,2,5783.6825,3,5,5,13,Loyal Customers
20457,213,1,90.3257,2,2,2,6,Lost Customers
20458,242,1,63.6042,2,2,2,6,Lost Customers
20459,151,1,1034.0817,3,2,3,8,Potential Loyalists
20460,320,1,21.49,1,2,1,4,Lost Customers
20461,209,1,2243.1667,2,2,4,8,Can't Lose Them
20462,201,1,2269.5024999999996,2,2,4,8,Can't Lose Them
20463,161,1,1054.9975,3,2,4,9,Potential Loyalists
20464,187,1,45.86,2,2,1,5,Lost Customers
20465,205,1,2257.1324999999997,2,2,4,8,Can't Lose Them
20468,40,2,3049.5357,5,5,5,15,Champions
20469,11,1,64.95,5,2,2,9,New Customers
20470,46,2,4170.0778,5,5,5,15,Champions
20471,26,1,92.2584,5,2,2,9,New Customers
20472,183,1,2224.4325,2,2,4,8,Can't Lose Them
20474,151,1,63.6042,3,2,2,7,Potential Loyalists
20475,200,1,29.96,2,2,1,5,Lost Customers
20476,208,1,2268.5125,2,2,4,8,Can't Lose Them
20477,173,1,83.95,3,2,2,7,Potential Loyalists
20479,77,1,129.44,4,2,3,9,New Customers
20480,163,1,1035.4275,3,2,4,9,Potential Loyalists
20481,153,1,1048.5048,3,2,4,9,Potential Loyalists
20482,185,1,2181.5625,2,2,4,8,Can't Lose Them
20483,4,2,4181.7662,5,5,5,15,Champions
20484,159,1,1062.9775,3,2,4,9,Potential Loyalists
20485,172,1,14.98,3,2,1,6,Potential Loyalists
20486,98,1,59.96000000000001,4,2,1,7,New Customers
20487,240,1,29.97,2,2,1,5,Lost Customers
20488,36,1,24.96,5,2,1,8,New Customers
20489,248,1,63.6042,2,2,2,6,Lost Customers
20492,330,1,92.0273,1,2,2,5,Lost Customers
20493,44,1,47.94,5,2,1,8,New Customers
20494,298,1,39.95,1,2,1,4,Lost Customers
20495,192,1,2224.4325,2,2,4,8,Can't Lose Them
20496,158,1,2215.2067,3,2,4,9,Potential Loyalists
20497,302,1,69.99,1,2,2,5,Lost Customers
20498,150,1,33.83,3,2,1,6,Potential Loyalists
20500,248,1,73.48,2,2,2,6,Lost Customers
20501,152,1,84.96000000000001,3,2,2,7,Potential Loyalists
20502,251,1,74.97,2,2,2,6,Lost Customers
20503,254,1,29.96,2,2,1,5,Lost Customers
20504,114,1,133.0173,3,2,3,8,Potential Loyalists
20505,267,1,88.0173,1,2,2,5,Lost Customers
20506,299,1,83.95,1,2,2,5,Lost Customers
20507,196,1,63.6042,2,2,2,6,Lost Customers
20509,240,1,19.98,2,2,1,5,Lost Customers
20511,40,1,14.98,5,2,1,8,New Customers
20512,276,1,19.98,1,2,1,4,Lost Customers
20513,273,1,112.0462,1,2,2,5,Lost Customers
20514,94,1,63.6042,4,2,2,8,New Customers
20515,190,1,120.6904,2,2,2,6,Lost Customers
20516,77,1,29.96,4,2,1,7,New Customers
20517,190,1,120.93,2,2,2,6,Lost Customers
20518,135,1,64.95,3,2,2,7,Potential Loyalists
20519,29,1,74.93,5,2,2,9,New Customers
20520,273,1,19.97,1,2,1,4,Lost Customers
20521,21,1,29.8,5,2,1,8,New Customers
20522,133,1,64.96000000000001,3,2,2,7,Potential Loyalists
20523,31,1,14.98,5,2,1,8,New Customers
20524,213,1,78.96000000000001,2,2,2,6,Lost Customers
20525,170,1,1035.4275,3,2,4,9,Potential Loyalists
20526,153,1,1048.5048,3,2,4,9,Potential Loyalists
20527,158,1,2215.2067,3,2,4,9,Potential Loyalists
20528,296,1,95.71039999999999,1,2,2,5,Lost Customers
20529,174,1,1054.4275,3,2,4,9,Potential Loyalists
20530,241,1,108.95000000000002,2,2,2,6,Lost Customers
20531,35,1,68.0373,5,2,2,9,New Customers
20532,19,1,126.0562,5,2,3,10,New Customers
20533,145,1,65.1884,3,2,2,7,Potential Loyalists
20534,101,1,52.2384,4,2,1,7,New Customers
20535,69,1,29.96,4,2,1,7,New Customers
20536,69,1,47.248400000000004,4,2,1,7,New Customers
20537,332,1,47.248400000000004,1,2,1,4,Lost Customers
20538,78,1,78.95,4,2,2,8,New Customers
20539,96,1,44.94,4,2,1,7,New Customers
20540,21,1,9.99,5,2,1,8,New Customers
20541,173,1,1054.4275,3,2,4,9,Potential Loyalists
20542,134,1,131.0462,3,2,3,8,Potential Loyalists
20543,150,1,2238.1767,3,2,4,9,Potential Loyalists
20544,174,1,2200.5325,3,2,4,9,Potential Loyalists
20545,135,1,2292.5798,3,2,4,9,Potential Loyalists
20546,44,2,3148.7740999999996,5,5,5,15,Champions
20547,115,1,100.93,3,2,2,7,Potential Loyalists
20548,37,2,2819.109,5,5,5,15,Champions
20549,60,2,2775.0978000000005,4,5,5,14,Champions
20550,231,1,49.98,2,2,1,5,Lost Customers
20552,25,1,2101.3796,5,2,4,11,Potential Loyalists
20553,34,1,2105.0638000000004,5,2,4,11,Potential Loyalists
20554,244,1,69.96,2,2,2,6,Lost Customers
20555,51,2,2846.1463999999996,5,5,5,15,Champions
20556,56,2,2792.4978,4,5,5,14,Champions
20557,83,1,93.60419999999999,4,2,2,8,New Customers
20558,16,2,2770.5178,5,5,5,15,Champions
20559,287,1,98.0473,1,2,2,5,Lost Customers
20560,52,2,2852.7562000000003,4,5,5,14,Champions
20561,9,2,2890.5178,5,5,5,15,Champions
20562,6,2,2748.1964,5,5,4,14,Champions
20563,197,1,69.96,2,2,2,6,Lost Customers
20564,23,2,2810.5078,5,5,5,15,Champions
20565,171,1,94.95,3,2,2,7,Potential Loyalists
20566,173,1,54.559999999999995,3,2,1,6,Potential Loyalists
20568,213,1,82.95,2,2,2,6,Lost Customers
20569,15,2,2882.1993,5,5,5,15,Champions
20570,254,1,118.02730000000001,2,2,2,6,Lost Customers
20571,83,1,49.98,4,2,1,7,New Customers
20572,130,1,95.8926,3,2,2,7,Potential Loyalists
20573,39,1,2169.0982,5,2,4,11,Potential Loyalists
20574,242,1,86.94999999999999,2,2,2,6,Lost Customers
20575,13,2,2917.3604,5,5,5,15,Champions
20576,25,2,2835.4778,5,5,5,15,Champions
20577,24,2,2752.7763999999997,5,5,4,14,Champions
20578,8,1,37.55,5,2,1,8,New Customers
20579,25,1,49.98,5,2,1,8,New Customers
20580,289,1,73.86,1,2,2,5,Lost Customers
20581,57,1,2191.4196,4,2,4,10,Potential Loyalists
20582,153,1,212.2485,3,2,3,8,Potential Loyalists
20583,202,1,104.95,2,2,2,6,Lost Customers
20584,33,2,2812.3878000000004,5,5,5,15,Champions
20585,122,1,64.53999999999999,3,2,2,7,Potential Loyalists
20586,212,1,49.98,2,2,1,5,Lost Customers
20587,56,1,2142.3222,4,2,4,10,Potential Loyalists
20588,311,1,27.279999999999998,1,2,1,4,Lost Customers
20589,48,1,2109.0581999999995,5,2,4,11,Potential Loyalists
20590,43,2,2797.0778000000005,5,5,5,15,Champions
20591,304,1,103.60419999999999,1,2,2,5,Lost Customers
20592,13,2,2790.9978,5,5,5,15,Champions
20593,121,1,62.54,3,2,2,7,Potential Loyalists
20594,272,1,80.86999999999999,1,2,2,5,Lost Customers
20595,170,1,104.95,3,2,2,7,Potential Loyalists
20596,273,1,94.52,1,2,2,5,Lost Customers
20597,200,1,151.6715,2,2,3,7,Can't Lose Them
20598,45,2,2814.1364,5,5,5,15,Champions
20599,136,1,64.53999999999999,3,2,2,7,Potential Loyalists
20600,162,2,5793.4767,3,5,5,13,Loyal Customers
20602,261,1,101.96,1,2,2,5,Lost Customers
20603,249,1,47.559999999999995,2,2,1,5,Lost Customers
20604,119,1,123.47999999999999,3,2,3,8,Potential Loyalists
20605,246,1,135.6904,2,2,3,7,Can't Lose Them
20606,161,2,5792.4325,3,5,5,13,Loyal Customers
20607,13,1,49.849999999999994,5,2,1,8,New Customers
20608,153,2,5787.7925,3,5,5,13,Loyal Customers
20609,176,2,5882.4987,3,5,5,13,Loyal Customers
20610,157,2,5759.8325,3,5,5,13,Loyal Customers
20611,152,2,5759.8325,3,5,5,13,Loyal Customers
20612,174,2,5804.9925,3,5,5,13,Loyal Customers
20613,165,2,5794.8225,3,5,5,13,Loyal Customers
20614,169,2,5787.7925,3,5,5,13,Loyal Customers
20615,177,2,5804.9925,3,5,5,13,Loyal Customers
20616,177,2,5835.4025,3,5,5,13,Loyal Customers
20617,131,2,5800.4125,3,5,5,13,Loyal Customers
20618,297,1,21.49,1,2,1,4,Lost Customers
20619,53,1,79.97,4,2,2,8,New Customers
20620,125,2,5796.0909,3,5,5,13,Loyal Customers
20621,142,2,5881.1529,3,5,5,13,Loyal Customers
20622,138,2,5886.1008999999995,3,5,5,13,Loyal Customers
20623,125,2,5834.0567,3,5,5,13,Loyal Customers
20624,123,2,5759.8325,3,5,5,13,Loyal Customers
20625,141,2,5775.7325,3,5,5,13,Loyal Customers
20626,134,2,5784.7225,3,5,5,13,Loyal Customers
20627,126,2,5805.0809,3,5,5,13,Loyal Customers
20628,144,2,5794.8225,3,5,5,13,Loyal Customers
20629,149,2,5804.9925,3,5,5,13,Loyal Customers
20630,57,1,78.6242,4,2,2,8,New Customers
20631,181,1,98.93,2,2,2,6,Lost Customers
20632,94,1,65.94,4,2,2,8,New Customers
20633,85,1,83.95,4,2,2,8,New Customers
20634,264,1,9.99,1,2,1,4,Lost Customers
20635,165,1,68.5942,3,2,2,7,Potential Loyalists
20636,296,1,24.97,1,2,1,4,Lost Customers
20637,229,1,29.97,2,2,1,5,Lost Customers
20638,137,1,2218.7425,3,2,4,9,Potential Loyalists
20639,130,1,2221.8208999999997,3,2,4,9,Potential Loyalists
20640,132,1,2236.5525,3,2,4,9,Potential Loyalists
20641,102,1,2209.5225,4,2,4,10,Potential Loyalists
20642,73,1,2199.5425,4,2,4,10,Potential Loyalists
20643,121,1,24.97,3,2,1,6,Potential Loyalists
20644,60,1,2209.5225,4,2,4,10,Potential Loyalists
20645,140,1,1031.7059,3,2,3,8,Potential Loyalists
20646,125,1,1091.8975,3,2,4,9,Potential Loyalists
20647,136,1,1035.4275,3,2,4,9,Potential Loyalists
20649,11,1,2245.9925,5,2,4,11,Potential Loyalists
20650,144,1,1054.4275,3,2,4,9,Potential Loyalists
20651,52,2,3082.5056999999997,4,5,5,14,Champions
20652,131,1,1054.4275,3,2,4,9,Potential Loyalists
20653,147,1,1034.0817,3,2,3,8,Potential Loyalists
20654,133,1,1048.5048,3,2,4,9,Potential Loyalists
20655,118,1,92.95620000000001,3,2,2,7,Potential Loyalists
20656,44,2,3125.8471,5,5,5,15,Champions
20657,130,1,1093.7532,3,2,4,9,Potential Loyalists
20658,23,1,2209.5225,5,2,4,11,Potential Loyalists
20659,3,1,2226.8109,5,2,4,11,Potential Loyalists
20660,149,1,1104.726,3,2,4,9,Potential Loyalists
20661,135,1,1054.4275,3,2,4,9,Potential Loyalists
20662,364,1,1749.0573,1,2,4,7,Can't Lose Them
20663,308,1,1749.0573,1,2,4,7,Can't Lose Them
20664,284,1,1763.6142,1,2,4,7,Can't Lose Them
20665,16,2,4197.5740000000005,5,5,5,15,Champions
20666,302,1,1728.95,1,2,4,7,Can't Lose Them
20667,260,1,1799.0373,1,2,4,7,Can't Lose Them
20668,244,1,1749.0573,2,2,4,8,Can't Lose Them
20669,24,2,3049.5357,5,5,5,15,Champions
20670,12,2,3124.573,5,5,5,15,Champions
20671,252,1,1734.6342,2,2,4,8,Can't Lose Them
20672,235,1,1749.0573,2,2,4,8,Can't Lose Them
20673,188,1,1754.98,2,2,4,8,Can't Lose Them
20674,147,1,1054.3301,3,2,4,9,Potential Loyalists
20675,147,1,1034.0817,3,2,3,8,Potential Loyalists
20676,258,1,29.96,1,2,1,4,Lost Customers
20677,143,1,1122.3675,3,2,4,9,Potential Loyalists
20678,136,1,1035.4275,3,2,4,9,Potential Loyalists
20679,277,1,90.7204,1,2,2,5,Lost Customers
20680,2,2,3097.603,5,5,5,15,Champions
20681,329,1,29.97,1,2,1,4,Lost Customers
20682,169,1,1735.98,3,2,4,9,Potential Loyalists
20683,179,1,1735.98,3,2,4,9,Potential Loyalists
20684,155,1,1758.95,3,2,4,9,Potential Loyalists
20685,122,1,1035.4275,3,2,4,9,Potential Loyalists
20686,145,1,1037.9875,3,2,4,9,Potential Loyalists
20687,64,1,19.98,4,2,1,7,New Customers
20689,209,1,93.46000000000001,2,2,2,6,Lost Customers
20690,14,1,87.0462,5,2,2,9,New Customers
20691,279,1,39.980000000000004,1,2,1,4,Lost Customers
20692,85,1,63.6042,4,2,2,8,New Customers
20693,122,1,1034.0817,3,2,3,8,Potential Loyalists
20694,301,1,178.93,1,2,3,6,Can't Lose Them
20695,3,1,34.95,5,2,1,8,New Customers
20696,326,1,95.3157,1,2,2,5,Lost Customers
20697,17,1,100.85,5,2,2,9,New Customers
20698,214,1,56.93,2,2,1,5,Lost Customers
20699,145,1,1089.4175,3,2,4,9,Potential Loyalists
20700,145,1,1166.0416,3,2,4,9,Potential Loyalists
20701,122,1,1034.0817,3,2,3,8,Potential Loyalists
20702,160,1,1749.0573,3,2,4,9,Potential Loyalists
20703,141,1,1735.98,3,2,4,9,Potential Loyalists
20704,88,1,101.2384,4,2,2,8,New Customers
20705,270,1,100.7204,1,2,2,5,Lost Customers
20706,121,1,1776.0273,3,2,4,9,Potential Loyalists
20707,130,1,1749.0573,3,2,4,9,Potential Loyalists
20708,21,2,4165.4978,5,5,5,15,Champions
20709,144,1,1783.94,3,2,4,9,Potential Loyalists
20710,245,2,2913.6107,2,5,5,12,At Risk
20711,215,2,2908.6207,2,5,5,12,At Risk
20712,201,2,2914.3049,2,5,5,12,At Risk
20713,32,2,3080.2407,5,5,5,15,Champions
20714,290,1,216.95999999999998,1,2,3,6,Can't Lose Them
20715,141,1,210.83,3,2,3,8,Potential Loyalists
20716,18,3,3599.1162000000004,5,5,5,15,Champions
20717,182,2,2908.6207,2,5,5,12,At Risk
20718,58,2,2960.3568999999998,4,5,5,14,Champions
20719,220,2,1751.8141,2,5,4,11,At Risk
20720,217,2,1733.1799,2,5,4,11,At Risk
20721,140,1,49.98,3,2,1,6,Potential Loyalists
20722,224,3,2326.9655000000002,2,5,4,11,At Risk
20723,160,1,148.95000000000002,3,2,3,8,Potential Loyalists
20724,156,1,49.98,3,2,1,6,Potential Loyalists
20725,13,1,91.60419999999999,5,2,2,9,New Customers
20726,209,2,1765.6019,2,5,4,11,At Risk
20727,40,1,68.9126,5,2,2,9,New Customers
20728,205,1,733.53,2,2,3,7,Can't Lose Them
20729,190,1,118.89259999999999,2,2,2,6,Lost Customers
20730,207,1,101.60419999999999,2,2,2,6,Lost Customers
20731,272,1,114.93,1,2,2,5,Lost Customers
20732,297,1,19.98,1,2,1,4,Lost Customers
20733,216,1,38.6042,2,2,1,5,Lost Customers
20734,213,1,14.56,2,2,1,5,Lost Customers
20735,134,1,1000.4375,3,2,3,8,Potential Loyalists
20736,7,2,3099.5157,5,5,5,15,Champions
20738,92,1,57.2384,4,2,1,7,New Customers
20739,292,1,87.97,1,2,2,5,Lost Customers
20740,108,2,194.2857,4,5,3,12,Loyal Customers
20741,247,1,118.0573,2,2,2,6,Lost Customers
20742,84,1,143.9899,4,2,3,9,New Customers
20743,59,1,87.27839999999999,4,2,2,8,New Customers
20744,22,1,557.97,5,2,3,10,New Customers
20745,228,1,73.5281,2,2,2,6,Lost Customers
20746,171,2,151.6515,3,5,3,11,Loyal Customers
20747,24,1,69.99,5,2,2,9,New Customers
20748,255,1,123.97999999999999,2,2,3,7,Can't Lose Them
20749,29,1,621.7015,5,2,3,10,New Customers
20750,126,1,1092.0417,3,2,4,9,Potential Loyalists
20751,15,1,574.98,5,2,3,10,New Customers
20752,78,1,69.99,4,2,2,8,New Customers
20753,7,1,539.99,5,2,3,10,New Customers
20754,120,1,87.27839999999999,3,2,2,7,Potential Loyalists
20755,132,1,1052.0617,3,2,4,9,Potential Loyalists
20756,35,2,76.39999999999999,5,5,2,12,Potential Loyalists
20758,252,1,135.3457,2,2,3,7,Can't Lose Them
20759,190,1,101.2384,2,2,2,6,Lost Customers
20760,54,1,14.56,4,2,1,7,New Customers
20761,224,1,53.81,2,2,1,5,Lost Customers
20762,13,1,123.97999999999999,5,2,3,10,New Customers
20763,191,1,123.97999999999999,2,2,3,7,Can't Lose Them
20764,148,2,138.9162,3,5,3,11,Loyal Customers
20765,137,1,1081.1779,3,2,4,9,Potential Loyalists
20766,273,1,29.96,1,2,1,4,Lost Customers
20767,94,1,1000.4375,4,2,3,9,New Customers
20769,228,1,50.44,2,2,1,5,Lost Customers
20770,48,1,64.95,5,2,2,9,New Customers
20771,50,1,91.0562,5,2,2,9,New Customers
20773,21,1,69.8926,5,2,2,9,New Customers
20774,84,1,63.8,4,2,2,8,New Customers
20776,223,1,45.86,2,2,1,5,Lost Customers
20778,1,1,110.7004,5,2,2,9,New Customers
20780,161,1,19.98,3,2,1,6,Potential Loyalists
20781,100,1,28.17,4,2,1,7,New Customers
20782,109,1,1099.2875,4,2,4,10,Potential Loyalists
20783,35,1,43.6242,5,2,1,8,New Customers
20786,72,1,34.95,4,2,1,7,New Customers
20787,101,1,1028.3975,4,2,3,9,New Customers
20789,259,1,53.5081,1,2,1,4,Lost Customers
20790,160,1,19.97,3,2,1,6,Potential Loyalists
20791,209,1,19.98,2,2,1,5,Lost Customers
20792,90,1,43.6242,4,2,1,7,New Customers
20793,125,1,1082.149,3,2,4,9,Potential Loyalists
20794,57,1,56.04730000000001,4,2,1,7,New Customers
20795,171,1,7.98,3,2,1,6,Potential Loyalists
20796,196,1,91.03730000000002,2,2,2,6,Lost Customers
20797,201,1,28.46,2,2,1,5,Lost Customers
20798,171,1,127.6042,3,2,3,8,Potential Loyalists
20800,44,1,96.94,5,2,2,9,New Customers
20801,190,1,98.0473,2,2,2,6,Lost Customers
20802,200,1,14.850000000000001,2,2,1,5,Lost Customers
20803,106,1,41.6242,4,2,1,7,New Customers
20804,157,1,49.98,3,2,1,6,Potential Loyalists
20805,99,1,89.97,4,2,2,8,New Customers
20806,173,1,54.559999999999995,3,2,1,6,Potential Loyalists
20807,0,2,2925.9091,5,5,5,15,Champions
20808,184,2,1734.5257000000001,2,5,4,11,At Risk
20809,122,1,64.56,3,2,2,7,Potential Loyalists
20810,120,1,12.56,3,2,1,6,Potential Loyalists
20811,209,2,2931.5933,2,5,5,12,At Risk
20812,302,2,4145.23,1,5,5,11,At Risk
20814,288,2,4200.21,1,5,5,11,At Risk
20815,296,2,4118.26,1,5,5,11,At Risk
20816,286,2,4229.4415,1,5,5,11,At Risk
20817,287,2,4118.26,1,5,5,11,At Risk
20818,287,2,4244.71,1,5,5,11,At Risk
20819,289,2,4181.76,1,5,5,11,At Risk
20820,289,2,4169.22,1,5,5,11,At Risk
20821,273,2,4118.26,1,5,5,11,At Risk
20822,293,2,4148.51,1,5,5,11,At Risk
20823,270,2,4215.4042,1,5,5,11,At Risk
20824,363,2,2462.0382,1,5,4,10,At Risk
20825,170,2,2880.6607,3,5,5,13,Loyal Customers
20826,149,1,1105.4937,3,2,4,9,Potential Loyalists
20827,152,1,23.880000000000003,3,2,1,6,Potential Loyalists
20828,184,2,1733.1799,2,5,4,11,At Risk
20829,198,2,1756.2472,2,5,4,11,At Risk
20830,185,2,1770.8141,2,5,4,11,At Risk
20831,192,2,1851.8915000000002,2,5,4,11,At Risk
20832,337,2,2448.1555,1,5,4,10,At Risk
20833,208,2,1699.5357,2,5,4,11,At Risk
20834,348,2,2512.0382,1,5,4,10,At Risk
20835,131,2,1809.2072,3,5,4,12,Loyal Customers
20836,130,2,1734.5257000000001,3,5,4,12,Loyal Customers
20837,335,2,2516.6824,1,5,4,10,At Risk
20838,316,2,2479.3266,1,5,4,10,At Risk
20839,322,2,2429.6582,1,5,4,10,At Risk
20840,125,1,7.98,3,2,1,6,Potential Loyalists
20841,141,2,1734.5257000000001,3,5,4,12,Loyal Customers
20842,113,2,1766.1299,3,5,4,12,Loyal Customers
20843,108,2,1699.5357,4,5,4,13,Champions
20844,133,1,1034.0817,3,2,3,8,Potential Loyalists
20845,110,2,1753.5257,4,5,4,13,Champions
20846,122,1,1054.4275,3,2,4,9,Potential Loyalists
20847,103,2,1750.4683,4,5,4,13,Champions
20848,305,2,2495.2517,1,5,4,10,At Risk
20849,86,1,98.6142,4,2,2,8,New Customers
20851,254,2,2433.7324,2,5,4,11,At Risk
20852,255,2,2462.7224,2,5,4,11,At Risk
20853,131,1,1052.7075,3,2,4,9,Potential Loyalists
20854,103,2,1734.5257000000001,4,5,4,13,Champions
20855,145,1,1034.0817,3,2,3,8,Potential Loyalists
20856,254,2,2400.0882,2,5,4,11,At Risk
20857,108,1,1000.4375,4,2,3,9,New Customers
20858,120,1,1034.0817,3,2,3,8,Potential Loyalists
20859,224,2,2450.0682,2,5,4,11,At Risk
20860,198,3,2293.9955,2,5,4,11,At Risk
20861,195,3,2323.4182,2,5,4,11,At Risk
20862,159,2,2908.6207,3,5,5,13,Loyal Customers
20863,126,2,2914.3049,3,5,5,13,Loyal Customers
20864,105,2,2888.6106999999997,4,5,5,14,Champions
20865,148,1,69.96,3,2,2,7,Potential Loyalists
20866,13,2,2825.5078,5,5,5,15,Champions
20867,88,1,41.6242,4,2,1,7,New Customers
20868,267,1,74.53999999999999,1,2,2,5,Lost Customers
20869,218,2,2465.4439,2,5,4,11,At Risk
20870,103,2,1733.1799,4,5,4,13,Champions
20871,271,1,122.2384,1,2,2,5,Lost Customers
20872,219,2,2433.7324,2,5,4,11,At Risk
20873,236,1,115.85,2,2,2,6,Lost Customers
20874,90,2,1764.8914,4,5,4,13,Champions
20875,220,2,2435.0782,2,5,4,11,At Risk
20876,68,2,1734.5257000000001,4,5,4,13,Champions
20877,101,1,1000.4375,4,2,3,9,New Customers
20878,70,1,1034.0817,4,2,3,9,New Customers
20879,97,2,2960.8991,4,5,5,14,Champions
20880,226,2,2433.7324,2,5,4,11,At Risk
20881,85,1,122.2384,4,2,2,8,New Customers
20882,46,1,1048.5048,5,2,4,11,Potential Loyalists
20883,42,1,1033.4075,5,2,3,10,New Customers
20884,50,1,1152.7933,5,2,4,11,Potential Loyalists
20885,220,2,2433.7324,2,5,4,11,At Risk
20886,236,2,2448.1555,2,5,4,11,At Risk
20887,48,1,1042.7259,5,2,4,11,Potential Loyalists
20888,44,1,1054.4275,5,2,4,11,Potential Loyalists
20889,142,1,104.95,3,2,2,7,Potential Loyalists
20890,189,2,2451.0208000000002,2,5,4,11,At Risk
20891,208,1,614.97,2,2,3,7,Can't Lose Them
20892,82,2,2908.6207,4,5,5,14,Champions
20893,16,1,69.96,5,2,2,9,New Customers
20894,34,1,1034.0817,5,2,3,10,New Customers
20895,27,1,1000.4375,5,2,3,10,New Customers
20896,78,2,1753.5257,4,5,4,13,Champions
20897,69,1,89.6915,4,2,2,8,New Customers
20898,69,1,73.95,4,2,2,8,New Customers
20900,93,1,152.2284,4,2,3,9,New Customers
20901,19,1,1000.4375,5,2,3,10,New Customers
20903,214,1,133.5942,2,2,3,7,Can't Lose Them
20905,9,1,1035.4275,5,2,4,11,Potential Loyalists
20906,22,1,66.85,5,2,2,9,New Customers
20907,136,1,62.269999999999996,3,2,2,7,Potential Loyalists
20908,208,1,135.8726,2,2,3,7,Can't Lose Them
20909,261,1,103.60419999999999,1,2,2,5,Lost Customers
20910,94,1,650.8826,4,2,3,9,New Customers
20911,46,1,632.0173,5,2,3,10,New Customers
20912,81,3,2362.5124,4,5,4,13,Champions
20913,64,2,1750.4683,4,5,4,13,Champions
20914,76,2,1762.4183,4,5,4,13,Champions
20915,8,1,41.6242,5,2,1,8,New Customers
20916,193,1,121.6815,2,2,2,6,Lost Customers
20917,66,2,2896.5607,4,5,5,14,Champions
20918,96,1,75.47,4,2,2,8,New Customers
20921,61,2,2896.5607,4,5,5,14,Champions
20922,50,2,2880.6607,5,5,5,15,Champions
20923,84,3,2299.5524,4,5,4,13,Champions
20924,182,1,138.5842,2,2,3,7,Can't Lose Them
20925,113,1,71.48,3,2,2,7,Potential Loyalists
20926,11,1,1000.4375,5,2,3,10,New Customers
20927,48,1,178.88,5,2,3,10,New Customers
20928,61,1,80.46,4,2,2,8,New Customers
20929,295,1,99.53999999999999,1,2,2,5,Lost Customers
20930,34,3,2348.8582,5,5,4,14,Champions
20931,20,2,2941.7207,5,5,5,15,Champions
20932,46,1,56.2684,5,2,1,8,New Customers
20933,199,2,2435.0782,2,5,4,11,At Risk
20934,14,1,1050.4175,5,2,4,11,Potential Loyalists
20935,47,1,166.98,5,2,3,10,New Customers
20936,2,1,1028.3975,5,2,3,10,New Customers
20937,115,1,158.0073,3,2,3,8,Potential Loyalists
20939,41,1,27.96,5,2,1,8,New Customers
20940,318,1,42.97,1,2,1,4,Lost Customers
20941,309,1,134.85,1,2,3,6,Can't Lose Them
20942,277,1,7.98,1,2,1,4,Lost Customers
20943,92,1,46.84,4,2,1,7,New Customers
20944,324,1,234.47,1,2,3,6,Can't Lose Them
20945,77,2,1747.603,4,5,4,13,Champions
20946,105,1,63.97,4,2,2,8,New Customers
20948,278,1,3.99,1,2,1,4,Lost Customers
20949,272,1,219.95,1,2,3,6,Can't Lose Them
20950,235,1,64.56,2,2,2,6,Lost Customers
20951,138,1,42.26,3,2,1,6,Potential Loyalists
20953,40,1,162.99,5,2,3,10,New Customers
20954,104,1,41.6242,4,2,1,7,New Customers
20955,25,1,1052.7159,5,2,4,11,Potential Loyalists
20956,52,1,7.98,4,2,1,7,New Customers
20957,189,1,42.97,2,2,1,5,Lost Customers
20958,332,1,73.48,1,2,2,5,Lost Customers
20959,56,1,42.97,4,2,1,7,New Customers
20960,223,1,6.28,2,2,1,5,Lost Customers
20961,5,1,7.98,5,2,1,8,New Customers
20962,259,1,12.56,1,2,1,4,Lost Customers
20963,296,1,85.86,1,2,2,5,Lost Customers
20964,120,1,46.96,3,2,1,6,Potential Loyalists
20965,173,1,59.98,3,2,1,6,Potential Loyalists
20967,208,1,9.98,2,2,1,5,Lost Customers
20968,169,1,69.96,3,2,2,7,Potential Loyalists
20969,227,1,41.6242,2,2,1,5,Lost Customers
20970,59,2,1756.2472,4,5,4,13,Champions
20971,56,1,41.6242,4,2,1,7,New Customers
20972,73,1,73.6142,4,2,2,8,New Customers
20973,113,1,228.95999999999998,3,2,3,8,Potential Loyalists
20974,178,1,136.55,3,2,3,8,Potential Loyalists
20975,185,2,2460.3382,2,5,4,11,At Risk
20976,148,1,85.95,3,2,2,7,Potential Loyalists
20977,343,1,573.6342,1,2,3,6,Can't Lose Them
20978,148,1,9.98,3,2,1,6,Potential Loyalists
20979,54,2,1751.8141,4,5,4,13,Champions
20980,45,2,1800.6218999999999,5,5,4,14,Champions
20981,324,1,73.48,1,2,2,5,Lost Customers
20982,361,2,2471.3666000000003,1,5,4,10,At Risk
20983,245,2,4225.7,2,5,5,12,At Risk
20984,270,2,4151.9042,1,5,5,11,At Risk
20985,266,2,4118.26,1,5,5,11,At Risk
20986,84,1,14.56,4,2,1,7,New Customers
20987,256,2,4146.22,2,5,5,12,At Risk
20988,270,2,4118.26,1,5,5,11,At Risk
20989,244,2,4157.0384,2,5,5,12,At Risk
20990,260,2,4201.21,1,5,5,11,At Risk
20991,244,2,4118.26,2,5,5,12,At Risk
20992,266,2,4161.24,1,5,5,11,At Risk
20993,247,2,4285.82,2,5,5,12,At Risk
20994,269,2,4226.9604,1,5,5,11,At Risk
20995,248,2,4136.24,2,5,5,12,At Risk
20996,259,2,4179.43,1,5,5,11,At Risk
20997,265,2,2775.7909,1,5,5,11,At Risk
20998,247,2,2825.7147999999997,2,5,5,12,At Risk
20999,256,2,2749.5125,2,5,4,11,At Risk
21000,214,2,2721.5525,2,5,4,11,At Risk
21001,241,2,3018.33,2,5,5,12,At Risk
21002,213,2,3001.3199999999997,2,5,5,12,At Risk
21003,320,1,98.0562,1,2,2,5,Lost Customers
21004,355,1,561.48,1,2,3,6,Can't Lose Them
21005,136,1,50.959999999999994,3,2,1,6,Potential Loyalists
21006,39,2,1733.1799,5,5,4,14,Champions
21007,86,1,63.97,4,2,2,8,New Customers
21008,55,2,1753.5257,4,5,4,13,Champions
21009,23,1,48.6142,5,2,1,8,New Customers
21010,193,1,9.98,2,2,1,5,Lost Customers
21011,192,2,2451.0208000000002,2,5,4,11,At Risk
21012,195,2,2428.0482,2,5,4,11,At Risk
21013,334,1,557.97,1,2,3,6,Can't Lose Them
21014,345,1,621.94,1,2,3,6,Can't Lose Them
21015,47,2,1753.5257,5,5,4,14,Champions
21016,60,2,1733.1799,4,5,4,13,Champions
21017,349,1,601.0662,1,2,3,6,Can't Lose Them
21018,211,2,2437.6382,2,5,4,11,At Risk
21019,58,1,658.5942,4,2,3,9,New Customers
21020,210,2,2428.0482,2,5,4,11,At Risk
21021,325,1,658.44,1,2,3,6,Can't Lose Them
21022,311,1,539.99,1,2,3,6,Can't Lose Them
21023,225,1,125.5842,2,2,3,7,Can't Lose Them
21024,313,1,594.92,1,2,3,6,Can't Lose Them
21025,63,1,78.60419999999999,4,2,2,8,New Customers
21026,237,1,77.96,2,2,2,6,Lost Customers
21027,205,2,2454.0782,2,5,4,11,At Risk
21028,101,1,74.53999999999999,4,2,2,8,New Customers
21029,50,2,1762.0756999999999,5,5,4,14,Champions
21030,320,1,539.99,1,2,3,6,Can't Lose Them
21031,316,1,629.2184,1,2,3,6,Can't Lose Them
21032,46,1,9.98,5,2,1,8,New Customers
21033,319,1,567.95,1,2,3,6,Can't Lose Them
21034,198,2,2448.1555,2,5,4,11,At Risk
21035,54,2,1753.5257,4,5,4,13,Champions
21036,210,2,2468.0482,2,5,4,11,At Risk
21037,24,3,2407.7059,5,5,4,14,Champions
21038,25,1,590.9226,5,2,3,10,New Customers
21039,338,2,2400.0882,1,5,4,10,At Risk
21040,337,2,2512.0382,1,5,4,10,At Risk
21041,326,1,683.0843,1,2,3,6,Can't Lose Them
21042,60,1,1035.4275,4,2,4,10,Potential Loyalists
21043,120,1,43.6242,3,2,1,6,Potential Loyalists
21044,206,2,2448.1555,2,5,4,11,At Risk
21045,25,1,47.559999999999995,5,2,1,8,New Customers
21046,133,1,69.96,3,2,2,7,Potential Loyalists
21047,55,1,1034.0817,4,2,3,9,New Customers
21048,313,1,586.5081,1,2,3,6,Can't Lose Them
21049,164,1,94.55,3,2,2,7,Potential Loyalists
21050,316,1,592.2684,1,2,3,6,Can't Lose Them
21051,45,1,1000.4375,5,2,3,10,New Customers
21052,25,1,1000.4375,5,2,3,10,New Customers
21053,194,2,2465.4439,2,5,4,11,At Risk
21054,15,1,647.45,5,2,3,10,New Customers
21055,20,2,1622.72,5,5,4,14,Champions
21056,338,2,2491.6924,1,5,4,10,At Risk
21057,54,1,2150.0438000000004,4,2,4,10,Potential Loyalists
21058,187,1,101.89259999999999,2,2,2,6,Lost Customers
21059,326,1,639.2284,1,2,3,6,Can't Lose Them
21060,155,2,2447.1844,3,5,4,12,Loyal Customers
21061,320,1,617.94,1,2,3,6,Can't Lose Them
21062,289,1,611.33,1,2,3,6,Can't Lose Them
21063,250,1,84.60419999999999,2,2,2,6,Lost Customers
21064,282,1,567.95,1,2,3,6,Can't Lose Them
21065,16,2,1586.38,5,5,4,14,Champions
21067,166,2,2400.0882,3,5,4,12,Loyal Customers
21068,266,1,184.5643,1,2,3,6,Can't Lose Them
21069,43,1,104.95,5,2,2,9,New Customers
21070,315,1,47.4226,1,2,1,4,Lost Customers
21071,177,2,2448.1555,3,5,4,12,Loyal Customers
21072,288,1,539.99,1,2,3,6,Can't Lose Them
21073,148,1,57.0762,3,2,1,6,Potential Loyalists
21074,186,1,87.94,2,2,2,6,Lost Customers
21075,255,1,64.97,2,2,2,6,Lost Customers
21076,35,1,9.98,5,2,1,8,New Customers
21077,176,1,47.559999999999995,3,2,1,6,Potential Loyalists
21078,62,1,49.849999999999994,4,2,1,7,New Customers
21079,157,1,74.53999999999999,3,2,2,7,Potential Loyalists
21081,28,1,42.98,5,2,1,8,New Customers
21082,158,1,108.9799,3,2,2,7,Potential Loyalists
21084,255,1,55.54,2,2,1,5,Lost Customers
21086,135,1,53.614200000000004,3,2,1,6,Potential Loyalists
21087,113,1,817.5573,3,2,3,8,Potential Loyalists
21088,266,1,60.2684,1,2,2,5,Lost Customers
21089,259,1,582.97,1,2,3,6,Can't Lose Them
21090,272,1,557.97,1,2,3,6,Can't Lose Them
21091,160,1,35.9126,3,2,1,6,Potential Loyalists
21092,317,2,2454.6482,1,5,4,10,At Risk
21093,300,2,2462.6282,1,5,4,10,At Risk
21094,53,1,85.95,4,2,2,8,New Customers
21095,245,1,63.459999999999994,2,2,2,6,Lost Customers
21096,63,1,32.2584,4,2,1,7,New Customers
21097,130,1,57.0762,3,2,1,6,Potential Loyalists
21098,147,1,105.8826,3,2,2,7,Potential Loyalists
21099,228,1,21.49,2,2,1,5,Lost Customers
21100,17,1,1075.3301,5,2,4,11,Potential Loyalists
21101,98,1,64.56,4,2,2,8,New Customers
21102,116,1,821.7284,3,2,3,8,Potential Loyalists
21103,284,2,2445.3366,1,5,4,10,At Risk
21104,224,2,2512.0382,2,5,4,11,At Risk
21105,231,2,2448.1555,2,5,4,11,At Risk
21106,237,2,2454.0782,2,5,4,11,At Risk
21107,109,1,841.74,4,2,3,9,New Customers
21108,108,1,817.5573,4,2,3,9,New Customers
21109,47,1,39.980000000000004,5,2,1,8,New Customers
21110,316,1,69.96,1,2,2,5,Lost Customers
21111,322,1,79.53,1,2,2,5,Lost Customers
21112,210,1,50.959999999999994,2,2,1,5,Lost Customers
21114,274,1,9.98,1,2,1,4,Lost Customers
21115,250,1,9.98,2,2,1,5,Lost Customers
21116,61,1,125.8826,4,2,3,9,New Customers
21118,164,1,39.97,3,2,1,6,Potential Loyalists
21119,92,1,50.959999999999994,4,2,1,7,New Customers
21120,328,1,60.9126,1,2,2,5,Lost Customers
21121,255,1,42.98,2,2,1,5,Lost Customers
21122,260,1,165.26999999999998,1,2,3,6,Can't Lose Them
21123,76,1,60.2684,4,2,2,8,New Customers
21124,15,1,83.93,5,2,2,9,New Customers
21125,118,1,34.05,3,2,1,6,Potential Loyalists
21126,249,1,586.96,2,2,3,7,Can't Lose Them
21127,135,1,85.95,3,2,2,7,Potential Loyalists
21128,182,1,9.98,2,2,1,5,Lost Customers
21129,10,1,60.9126,5,2,2,9,New Customers
21130,197,2,2400.0882,2,5,4,11,At Risk
21131,184,1,49.96,2,2,1,5,Lost Customers
21133,66,1,42.98,4,2,1,7,New Customers
21134,231,1,103.60419999999999,2,2,2,6,Lost Customers
21135,251,1,153.91,2,2,3,7,Can't Lose Them
21136,201,1,172.5342,2,2,3,7,Can't Lose Them
21137,71,1,74.53999999999999,4,2,2,8,New Customers
21138,24,2,4125.0978,5,5,5,15,Champions
21139,124,1,1735.98,3,2,4,9,Potential Loyalists
21140,219,1,34.95,2,2,1,5,Lost Customers
21141,91,1,1034.0817,4,2,3,9,New Customers
21142,6,1,90.86,5,2,2,9,New Customers
21143,91,1,1034.0817,4,2,3,9,New Customers
21144,110,1,1091.3775,4,2,4,10,Potential Loyalists
21145,58,1,94.94,4,2,2,8,New Customers
21146,114,1,1035.4275,3,2,4,9,Potential Loyalists
21147,95,1,1082.5237,4,2,4,10,Potential Loyalists
21148,21,2,3103.5256999999997,5,5,5,15,Champions
21149,106,1,1080.3600999999999,4,2,4,10,Potential Loyalists
21150,113,1,1048.5048,3,2,4,9,Potential Loyalists
21151,109,1,1034.0817,4,2,3,9,New Customers
21152,118,1,1019.4075,3,2,3,8,Potential Loyalists
21153,109,1,1054.9975,4,2,4,10,Potential Loyalists
21154,23,1,110.7004,5,2,2,9,New Customers
21155,110,1,1034.0817,4,2,3,9,New Customers
21156,102,1,1054.4075,4,2,4,10,Potential Loyalists
21157,201,1,58.614200000000004,2,2,1,5,Lost Customers
21158,298,1,53.614200000000004,1,2,1,4,Lost Customers
21159,310,1,110.7004,1,2,2,5,Lost Customers
21160,93,1,1796.1535,4,2,4,10,Potential Loyalists
21161,97,1,1054.4275,4,2,4,10,Potential Loyalists
21162,94,1,1035.4275,4,2,4,10,Potential Loyalists
21164,142,1,83.95,3,2,2,7,Potential Loyalists
21165,141,2,4431.0650000000005,3,5,5,13,Loyal Customers
21166,140,2,4670.1609,3,5,5,13,Loyal Customers
21167,121,2,4395.725,3,5,5,13,Loyal Customers
21168,128,2,4363.125,3,5,5,13,Loyal Customers
21169,148,2,4408.3734,3,5,5,13,Loyal Customers
21170,79,1,73.63419999999999,4,2,2,8,New Customers
21171,235,1,39.58,2,2,1,5,Lost Customers
21172,290,1,49.56,1,2,1,4,Lost Customers
21173,142,2,4398.115,3,5,5,13,Loyal Customers
21174,100,1,42.28,4,2,1,7,New Customers
21175,159,1,35.0,3,2,1,6,Potential Loyalists
21176,331,1,35.0,1,2,1,4,Lost Customers
21177,143,1,44.980000000000004,3,2,1,6,Potential Loyalists
21178,137,1,39.99,3,2,1,6,Potential Loyalists
21179,139,2,4686.5167,3,5,5,13,Loyal Customers
21180,144,2,3882.5525,3,5,5,13,Loyal Customers
21181,105,1,64.56,4,2,2,8,New Customers
21182,23,1,64.56,5,2,2,9,New Customers
21183,135,2,4395.725,3,5,5,13,Loyal Customers
21184,122,1,78.6242,3,2,2,7,Potential Loyalists
21186,245,1,35.0,2,2,1,5,Lost Customers
21187,179,1,92.26,3,2,2,7,Potential Loyalists
21188,211,1,158.94,2,2,3,7,Can't Lose Them
21189,138,2,4237.29,3,5,5,13,Loyal Customers
21190,322,1,49.56,1,2,1,4,Lost Customers
21191,127,2,4194.32,3,5,5,13,Loyal Customers
21192,129,2,4226.0515,3,5,5,13,Loyal Customers
21193,118,2,3932.7909,3,5,5,13,Loyal Customers
21194,112,2,3915.5225,3,5,5,13,Loyal Customers
21195,121,2,4144.34,3,5,5,13,Loyal Customers
21196,123,1,69.96,3,2,2,7,Potential Loyalists
21197,111,2,3917.5425,3,5,5,13,Loyal Customers
21198,88,1,104.95,4,2,2,8,New Customers
21199,103,2,4144.34,4,5,5,14,Champions
21200,113,2,3930.6198,3,5,5,13,Loyal Customers
21201,134,2,4659.9025,3,5,5,13,Loyal Customers
21202,122,2,4379.025,3,5,5,13,Loyal Customers
21203,122,2,4381.105,3,5,5,13,Loyal Customers
21204,97,1,79.97,4,2,2,8,New Customers
21205,145,2,4624.9125,3,5,5,13,Loyal Customers
21206,119,2,3882.5525,3,5,5,13,Loyal Customers
21207,216,1,157.5942,2,2,3,7,Can't Lose Them
21208,243,1,43.6242,2,2,1,5,Lost Customers
21209,112,1,49.97,3,2,1,6,Potential Loyalists
21210,278,1,44.980000000000004,1,2,1,4,Lost Customers
21211,133,2,4652.8724999999995,3,5,5,13,Loyal Customers
21212,309,1,78.6242,1,2,2,5,Lost Customers
21213,63,1,115.5,4,2,2,8,New Customers
21214,115,2,4396.769200000001,3,5,5,13,Loyal Customers
21215,104,2,4363.125,4,5,5,14,Champions
21216,116,2,4686.5167,3,5,5,13,Loyal Customers
21217,104,2,4398.115,4,5,5,14,Champions
21218,115,2,4403.705,3,5,5,13,Loyal Customers
21219,97,2,4438.695,4,5,5,14,Champions
21220,272,1,78.6242,1,2,2,5,Lost Customers
21221,151,1,29.99,3,2,1,6,Potential Loyalists
21222,115,2,3936.5425,3,5,5,13,Loyal Customers
21223,277,1,78.96000000000001,1,2,2,5,Lost Customers
21224,81,1,51.85,4,2,1,7,New Customers
21225,101,2,4490.0849,4,5,5,14,Champions
21226,112,2,4398.015,3,5,5,13,Loyal Customers
21227,95,1,53.94,4,2,1,7,New Customers
21228,121,2,3936.5425,3,5,5,13,Loyal Customers
21229,99,2,4198.33,4,5,5,14,Champions
21230,98,2,4201.19,4,5,5,14,Champions
21231,69,2,3936.5425,4,5,5,14,Champions
21232,9,1,43.6242,5,2,1,8,New Customers
21233,267,1,118.0573,1,2,2,5,Lost Customers
21234,312,1,118.0573,1,2,2,5,Lost Customers
21235,102,1,1028.3975,4,2,3,9,New Customers
21236,124,1,102.89,3,2,2,7,Potential Loyalists
21237,137,1,69.99,3,2,2,7,Potential Loyalists
21238,268,1,66.83,1,2,2,5,Lost Customers
21239,180,1,14.56,2,2,1,5,Lost Customers
21240,282,1,118.0573,1,2,2,5,Lost Customers
21241,231,1,87.27839999999999,2,2,2,6,Lost Customers
21242,290,1,87.27839999999999,1,2,2,5,Lost Customers
21243,143,1,29.96,3,2,1,6,Potential Loyalists
21244,206,1,64.95,2,2,2,6,Lost Customers
21245,188,1,50.85,2,2,1,5,Lost Customers
21246,102,1,1095.601,4,2,4,10,Potential Loyalists
21247,85,1,29.96,4,2,1,7,New Customers
21248,139,1,39.97,3,2,1,6,Potential Loyalists
21249,32,1,84.95,5,2,2,9,New Customers
21250,247,1,29.96,2,2,1,5,Lost Customers
21251,148,2,218.55,3,5,3,11,Loyal Customers
21252,315,2,150.68040000000002,1,5,3,9,At Risk
21253,95,1,1034.0817,4,2,3,9,New Customers
21255,294,1,94.55,1,2,2,5,Lost Customers
21256,68,2,3916.1967,4,5,5,14,Champions
21257,76,2,4144.34,4,5,5,14,Champions
21258,75,2,3936.5425,4,5,5,14,Champions
21259,67,2,3932.5325000000003,4,5,5,14,Champions
21260,92,1,29.96,4,2,1,7,New Customers
21261,252,1,84.95,2,2,2,6,Lost Customers
21262,22,1,73.96000000000001,5,2,2,9,New Customers
21263,204,1,9.98,2,2,1,5,Lost Customers
21264,108,1,1000.4375,4,2,3,9,New Customers
21265,115,1,1758.95,3,2,4,9,Potential Loyalists
21266,0,2,4301.1564,5,5,5,15,Champions
21267,112,1,1734.6342,3,2,4,9,Potential Loyalists
21268,82,1,1750.97,4,2,4,10,Potential Loyalists
21269,83,1,1734.6342,4,2,4,10,Potential Loyalists
21270,174,1,88.47,3,2,2,7,Potential Loyalists
21271,72,1,1755.55,4,2,4,10,Potential Loyalists
21273,159,1,29.96,3,2,1,6,Potential Loyalists
21274,105,1,1077.9175,4,2,4,10,Potential Loyalists
21275,73,1,1069.2575,4,2,4,10,Potential Loyalists
21276,77,1,43.6242,4,2,1,7,New Customers
21277,77,1,9.98,4,2,1,7,New Customers
21279,148,1,9.98,3,2,1,6,Potential Loyalists
21280,18,1,82.0462,5,2,2,9,New Customers
21281,61,1,1009.4275,4,2,3,9,New Customers
21282,80,1,1000.4375,4,2,3,9,New Customers
21283,257,1,168.8526,1,2,3,6,Can't Lose Them
21284,4,2,3103.5256999999997,5,5,5,15,Champions
21285,225,1,34.95,2,2,1,5,Lost Customers
21286,43,1,83.95,5,2,2,9,New Customers
21287,134,1,54.97,3,2,1,6,Potential Loyalists
21288,244,1,39.95,2,2,1,5,Lost Customers
21289,46,1,1772.2684,5,2,4,11,Potential Loyalists
21290,41,1,47.248400000000004,5,2,1,8,New Customers
21291,9,1,1734.6342,5,2,4,11,Potential Loyalists
21292,117,1,24.97,3,2,1,6,Potential Loyalists
21293,11,1,1780.9126,5,2,4,11,Potential Loyalists
21294,259,1,19.98,1,2,1,4,Lost Customers
21295,50,1,55.6242,5,2,1,8,New Customers
21298,276,1,141.0362,1,2,3,6,Can't Lose Them
21299,299,1,103.45,1,2,2,5,Lost Customers
21300,347,1,1000.4375,1,2,3,6,Can't Lose Them
21302,219,1,84.95,2,2,2,6,Lost Customers
21303,152,1,73.96000000000001,3,2,2,7,Potential Loyalists
21304,219,1,55.8926,2,2,1,5,Lost Customers
21305,9,2,3084.5257,5,5,5,15,Champions
21306,23,1,9.98,5,2,1,8,New Customers
21307,272,1,47.248400000000004,1,2,1,4,Lost Customers
21308,19,1,104.06620000000001,5,2,2,9,New Customers
21309,321,1,1071.7159,1,2,4,7,Can't Lose Them
21310,300,1,1000.4375,1,2,3,6,Can't Lose Them
21312,150,1,103.03730000000002,3,2,2,7,Potential Loyalists
21313,221,1,1034.0817,2,2,3,7,Can't Lose Them
21314,2,1,19.98,5,2,1,8,New Customers
21315,198,1,1083.3875,2,2,4,8,Can't Lose Them
21316,76,1,83.95,4,2,2,8,New Customers
21317,186,1,130.3057,2,2,3,7,Can't Lose Them
21318,91,1,63.93000000000001,4,2,2,8,New Customers
21319,30,1,47.94,5,2,1,8,New Customers
21320,103,1,101.6815,4,2,2,8,New Customers
21321,287,1,68.5942,1,2,2,5,Lost Customers
21322,128,1,29.96,3,2,1,6,Potential Loyalists
21323,191,1,1000.4375,2,2,3,7,Can't Lose Them
21324,251,1,73.96000000000001,2,2,2,6,Lost Customers
21325,247,1,79.95,2,2,2,6,Lost Customers
21326,193,1,1104.726,2,2,4,8,Can't Lose Them
21327,190,1,1000.4375,2,2,3,7,Can't Lose Them
21328,172,1,64.95,3,2,2,7,Potential Loyalists
21329,78,1,1065.7932,4,2,4,10,Potential Loyalists
21330,72,1,1000.4375,4,2,3,9,New Customers
21331,350,2,2692.15,1,5,4,10,At Risk
21332,321,2,2644.6282,1,5,4,10,At Risk
21333,170,1,1054.4275,3,2,4,9,Potential Loyalists
21334,145,1,1034.0817,3,2,3,8,Potential Loyalists
21335,145,1,1071.7159,3,2,4,9,Potential Loyalists
21336,256,2,2645.2896,2,5,4,11,At Risk
21337,129,1,54.96000000000001,3,2,1,6,Potential Loyalists
21338,136,1,57.93,3,2,1,6,Potential Loyalists
21339,327,1,44.97,1,2,1,4,Lost Customers
21340,232,1,50.85,2,2,1,5,Lost Customers
21342,142,1,1034.0817,3,2,3,8,Potential Loyalists
21343,120,1,1048.5048,3,2,4,9,Potential Loyalists
21344,104,1,1034.0817,4,2,3,9,New Customers
21345,141,1,59.86,3,2,1,6,Potential Loyalists
21346,166,1,34.95,3,2,1,6,Potential Loyalists
21348,17,2,4164.3378,5,5,5,15,Champions
21349,350,2,3011.9858000000004,1,5,5,11,At Risk
21350,307,1,84.95,1,2,2,5,Lost Customers
21351,62,1,39.53,4,2,1,7,New Customers
21352,262,2,2648.3596000000002,1,5,4,10,At Risk
21353,166,1,43.6342,3,2,1,6,Potential Loyalists
21354,266,2,2645.0538,1,5,4,10,At Risk
21355,88,1,1093.3875,4,2,4,10,Potential Loyalists
21356,65,1,1054.4275,4,2,4,10,Potential Loyalists
21357,90,1,1083.4948,4,2,4,10,Potential Loyalists
21358,277,1,19.98,1,2,1,4,Lost Customers
21359,220,2,3044.9442,2,5,5,12,At Risk
21360,110,1,97.61420000000001,4,2,2,8,New Customers
21361,241,2,3011.3,2,5,5,12,At Risk
21363,244,1,9.98,2,2,1,5,Lost Customers
21365,244,1,19.55,2,2,1,5,Lost Customers
21366,329,1,43.6242,1,2,1,4,Lost Customers
21367,309,1,19.55,1,2,1,4,Lost Customers
21368,181,1,29.96,2,2,1,5,Lost Customers
21369,90,1,1035.4275,4,2,4,10,Potential Loyalists
21370,164,1,43.6242,3,2,1,6,Potential Loyalists
21371,174,1,16.85,3,2,1,6,Potential Loyalists
21372,128,1,104.92,3,2,2,7,Potential Loyalists
21373,290,1,30.46,1,2,1,4,Lost Customers
21374,291,1,14.56,1,2,1,4,Lost Customers
21375,300,1,39.980000000000004,1,2,1,4,Lost Customers
21376,124,1,9.98,3,2,1,6,Potential Loyalists
21377,206,1,69.99,2,2,2,6,Lost Customers
21378,163,1,87.97,3,2,2,7,Potential Loyalists
21379,220,2,3001.3199999999997,2,5,5,12,At Risk
21380,239,2,2749.5125,2,5,4,11,At Risk
21381,45,1,69.99,5,2,2,9,New Customers
21382,321,1,69.99,1,2,2,5,Lost Customers
21383,58,1,69.99,4,2,2,8,New Customers
21384,218,2,2946.5025,2,5,5,12,At Risk
21385,10,1,627.9300000000001,5,2,3,10,New Customers
21386,2,1,539.99,5,2,3,10,New Customers
21387,213,2,2769.1125,2,5,4,11,At Risk
21388,74,1,1074.4374,4,2,4,10,Potential Loyalists
21389,239,2,2783.1567,2,5,5,12,At Risk
21390,20,1,64.56,5,2,2,9,New Customers
21391,325,1,29.99,1,2,1,4,Lost Customers
21392,41,1,59.98,5,2,1,8,New Customers
21393,105,2,4694.9787,4,5,5,14,Champions
21394,109,2,4395.725,4,5,5,14,Champions
21396,87,1,1048.5048,4,2,4,10,Potential Loyalists
21397,163,1,63.6042,3,2,2,7,Potential Loyalists
21398,33,1,47.248400000000004,5,2,1,8,New Customers
21399,60,1,19.98,4,2,1,7,New Customers
21400,222,2,2702.8696,2,5,4,11,At Risk
21401,76,1,1054.4275,4,2,4,10,Potential Loyalists
21402,103,2,4363.125,4,5,5,14,Champions
21403,99,2,4642.8925,4,5,5,14,Champions
21404,116,2,4443.865400000001,3,5,5,13,Loyal Customers
21405,183,1,79.97,2,2,2,6,Lost Customers
21406,284,1,78.6242,1,2,2,5,Lost Customers
21407,333,1,49.56,1,2,1,4,Lost Customers
21408,117,2,4363.125,3,5,5,13,Loyal Customers
21409,247,1,35.0,2,2,1,5,Lost Customers
21410,44,1,1034.0817,5,2,3,10,New Customers
21411,31,1,1054.9975,5,2,4,11,Potential Loyalists
21412,325,1,64.97,1,2,2,5,Lost Customers
21413,186,1,34.95,2,2,1,5,Lost Customers
21414,2,1,39.95,5,2,1,8,New Customers
21415,78,1,53.614200000000004,4,2,1,7,New Customers
21416,68,1,1035.4275,4,2,4,10,Potential Loyalists
21417,68,1,1035.4275,4,2,4,10,Potential Loyalists
21418,96,2,4398.115,4,5,5,14,Champions
21419,219,1,78.0273,2,2,2,6,Lost Customers
21420,59,1,78.48,4,2,2,8,New Customers
21421,158,1,111.67150000000001,3,2,2,7,Potential Loyalists
21422,56,1,1096.0317,4,2,4,10,Potential Loyalists
21423,105,2,2952.1823999999997,4,5,5,14,Champions
21424,80,1,1048.5048,4,2,4,10,Potential Loyalists
21425,173,1,19.98,3,2,1,6,Potential Loyalists
21426,72,1,1033.4075,4,2,3,9,New Customers
21427,30,1,1034.0817,5,2,3,10,New Customers
21428,36,1,1034.0817,5,2,3,10,New Customers
21429,10,1,1054.4275,5,2,4,11,Potential Loyalists
21430,105,1,110.7004,4,2,2,8,New Customers
21431,2,1,55.6242,5,2,1,8,New Customers
21432,296,1,34.95,1,2,1,4,Lost Customers
21433,130,1,83.95,3,2,2,7,Potential Loyalists
21434,2,1,1071.7159,5,2,4,11,Potential Loyalists
21435,10,1,1048.5048,5,2,4,11,Potential Loyalists
21436,2,1,1104.1479,5,2,4,11,Potential Loyalists
21437,5,1,1032.9775,5,2,3,10,New Customers
21438,351,1,561.48,1,2,3,6,Can't Lose Them
21439,355,1,539.99,1,2,3,6,Can't Lose Them
21440,363,1,585.2384,1,2,3,6,Can't Lose Them
21442,319,1,29.96,1,2,1,4,Lost Customers
21443,304,1,63.6042,1,2,2,5,Lost Customers
21444,216,1,40.870000000000005,2,2,1,5,Lost Customers
21445,302,1,127.10419999999999,1,2,3,6,Can't Lose Them
21446,232,1,58.04730000000001,2,2,1,5,Lost Customers
21447,170,1,43.96,3,2,1,6,Potential Loyalists
21448,341,1,587.0862,1,2,3,6,Can't Lose Them
21449,222,1,29.96,2,2,1,5,Lost Customers
21450,60,1,64.97,4,2,2,8,New Customers
21451,186,1,47.248400000000004,2,2,1,5,Lost Customers
21452,181,1,64.95,2,2,2,6,Lost Customers
21453,294,1,51.94,1,2,1,4,Lost Customers
21454,60,1,9.99,4,2,1,7,New Customers
21455,229,1,29.96,2,2,1,5,Lost Customers
21456,234,1,117.5942,2,2,2,6,Lost Customers
21457,92,1,89.94,4,2,2,8,New Customers
21458,195,1,58.614200000000004,2,2,1,5,Lost Customers
21459,315,1,29.96,1,2,1,4,Lost Customers
21460,158,1,29.96,3,2,1,6,Potential Loyalists
21461,59,1,163.96,4,2,3,9,New Customers
21462,10,1,79.93,5,2,2,9,New Customers
21463,142,1,60.882600000000004,3,2,2,7,Potential Loyalists
21464,37,1,120.93,5,2,2,9,New Customers
21465,351,1,574.98,1,2,3,6,Can't Lose Them
21466,338,1,579.8100000000001,1,2,3,6,Can't Lose Them
21467,101,1,70.8726,4,2,2,8,New Customers
21468,106,1,64.98,4,2,2,8,New Customers
21469,351,1,597.95,1,2,3,6,Can't Lose Them
21470,343,1,594.2284,1,2,3,6,Can't Lose Them
21471,267,1,63.94,1,2,2,5,Lost Customers
21472,297,1,73.5942,1,2,2,5,Lost Customers
21473,103,1,93.46000000000001,4,2,2,8,New Customers
21474,306,1,53.6242,1,2,1,4,Lost Customers
21475,61,1,1054.9975,4,2,4,10,Potential Loyalists
21476,66,1,1116.2275,4,2,4,10,Potential Loyalists
21477,189,1,57.2384,2,2,1,5,Lost Customers
21478,76,1,1034.0817,4,2,3,9,New Customers
21479,67,1,1058.3975,4,2,4,10,Potential Loyalists
21480,2,1,38.6342,5,2,1,8,New Customers
21481,112,1,19.98,3,2,1,6,Potential Loyalists
21482,90,1,1018.4175,4,2,3,9,New Customers
21483,73,1,1082.149,4,2,4,10,Potential Loyalists
21484,80,1,1000.4375,4,2,3,9,New Customers
21485,69,1,1058.3975,4,2,4,10,Potential Loyalists
21486,90,1,1034.0817,4,2,3,9,New Customers
21487,345,1,557.97,1,2,3,6,Can't Lose Them
21488,349,1,651.0073,1,2,3,6,Can't Lose Them
21489,111,1,16.85,3,2,1,6,Potential Loyalists
21490,35,1,16.85,5,2,1,8,New Customers
21491,76,1,1054.4275,4,2,4,10,Potential Loyalists
21492,210,1,29.96,2,2,1,5,Lost Customers
21493,15,1,83.95,5,2,2,9,New Customers
21494,138,1,14.56,3,2,1,6,Potential Loyalists
21495,0,1,47.248400000000004,5,2,1,8,New Customers
21496,307,1,29.96,1,2,1,4,Lost Customers
21498,44,1,164.94,5,2,3,10,New Customers
21499,55,1,111.67150000000001,4,2,2,8,New Customers
21500,312,1,37.910000000000004,1,2,1,4,Lost Customers
21501,352,2,2659.4769,1,5,4,10,At Risk
21502,75,1,74.94,4,2,2,8,New Customers
21503,38,1,58.614200000000004,5,2,1,8,New Customers
21504,73,1,1034.0817,4,2,3,9,New Customers
21505,28,1,2105.0638000000004,5,2,4,11,Potential Loyalists
21506,10,1,2135.0238000000004,5,2,4,11,Potential Loyalists
21507,326,1,49.98,1,2,1,4,Lost Customers
21508,16,2,2820.4878000000003,5,5,5,15,Champions
21509,6,2,2800.4778,5,5,5,15,Champions
21510,269,1,163.9699,1,2,3,6,Can't Lose Them
21511,164,1,64.53999999999999,3,2,2,7,Potential Loyalists
21512,95,1,74.97,4,2,2,8,New Customers
21513,129,1,151.6715,3,2,3,8,Potential Loyalists
21514,210,1,103.60419999999999,2,2,2,6,Lost Customers
21516,17,2,2796.7364,5,5,5,15,Champions
21517,27,2,2839.1620000000003,5,5,5,15,Champions
21518,160,1,200.11350000000002,3,2,3,8,Potential Loyalists
21519,199,1,104.95,2,2,2,6,Lost Customers
21520,58,1,64.53999999999999,4,2,2,8,New Customers
21521,133,1,77.91,3,2,2,7,Potential Loyalists
21522,178,1,157.5942,3,2,3,8,Potential Loyalists
21525,314,1,66.83,1,2,2,5,Lost Customers
21526,127,1,59.98,3,2,1,6,Potential Loyalists
21527,2,1,2049.0982,5,2,4,11,Potential Loyalists
21528,31,1,39.97,5,2,1,8,New Customers
21529,34,1,59.98,5,2,1,8,New Customers
21530,141,1,138.9699,3,2,3,8,Potential Loyalists
21532,5,1,2169.0381999999995,5,2,4,11,Potential Loyalists
21533,176,1,82.72999999999999,3,2,2,7,Potential Loyalists
21534,359,2,1572.1924,1,5,4,10,At Risk
21535,45,1,103.60419999999999,5,2,2,9,New Customers
21536,101,1,120.89259999999999,4,2,2,8,New Customers
21537,19,1,2071.4196,5,2,4,11,Potential Loyalists
21538,8,1,2135.0238000000004,5,2,4,11,Potential Loyalists
21539,92,1,64.97,4,2,2,8,New Customers
21540,171,2,1516.6555,3,5,4,12,Loyal Customers
21541,113,1,179.95999999999998,3,2,3,8,Potential Loyalists
21542,20,1,2082.7424,5,2,4,11,Potential Loyalists
21543,152,1,74.53999999999999,3,2,2,7,Potential Loyalists
21544,51,1,34.97,5,2,1,8,New Customers
21545,176,2,1555.8666,3,5,4,12,Loyal Customers
21546,89,1,9.98,4,2,1,7,New Customers
21547,120,1,108.89259999999999,3,2,2,7,Potential Loyalists
21548,100,1,73.86,4,2,2,8,New Customers
21549,298,1,117.6241,1,2,2,5,Lost Customers
21550,140,1,63.97,3,2,2,7,Potential Loyalists
21551,147,1,59.98,3,2,1,6,Potential Loyalists
21552,99,2,4363.125,4,5,5,14,Champions
21553,114,2,4413.0134,3,5,5,13,Loyal Customers
21554,124,1,79.97,3,2,2,7,Potential Loyalists
21555,107,2,4453.705,4,5,5,14,Champions
21556,106,2,4667.5467,4,5,5,14,Champions
21557,96,2,4624.9125,4,5,5,14,Champions
21558,113,2,4657.5125,3,5,5,13,Loyal Customers
21559,102,2,4647.8825,4,5,5,14,Champions
21560,104,2,4449.595,4,5,5,14,Champions
21561,121,2,4712.5887,3,5,5,13,Loyal Customers
21562,75,2,4371.075,4,5,5,14,Champions
21563,301,1,44.980000000000004,1,2,1,4,Lost Customers
21564,231,1,78.6242,2,2,2,6,Lost Customers
21565,313,1,76.94,1,2,2,5,Lost Customers
21566,306,1,49.56,1,2,1,4,Lost Customers
21567,63,2,4713.5598,4,5,5,14,Champions
21568,61,2,4400.305,4,5,5,14,Champions
21569,68,2,4734.9587,4,5,5,14,Champions
21570,62,2,4456.675,4,5,5,14,Champions
21571,89,2,4363.125,4,5,5,14,Champions
21572,66,2,4398.115,4,5,5,14,Champions
21573,140,1,88.94,3,2,2,7,Potential Loyalists
21574,318,1,135.2196,1,2,3,6,Can't Lose Them
21575,362,1,557.97,1,2,3,6,Can't Lose Them
21576,336,1,557.97,1,2,3,6,Can't Lose Them
21577,25,1,48.6142,5,2,1,8,New Customers
21578,123,1,44.53,3,2,1,6,Potential Loyalists
21579,207,1,29.96,2,2,1,5,Lost Customers
21580,199,1,89.82,2,2,2,6,Lost Customers
21581,324,1,48.54,1,2,1,4,Lost Customers
21582,239,2,2659.6823999999997,2,5,4,11,At Risk
21583,73,1,1099.4374,4,2,4,10,Potential Loyalists
21584,82,1,1034.0817,4,2,3,9,New Customers
21585,63,1,1082.5237,4,2,4,10,Potential Loyalists
21586,66,1,1000.4375,4,2,3,9,New Customers
21587,61,1,1034.0817,4,2,3,9,New Customers
21588,48,1,1054.4275,5,2,4,11,Potential Loyalists
21589,222,2,2589.0882,2,5,4,11,At Risk
21590,48,1,1063.3875,5,2,4,11,Potential Loyalists
21591,6,1,84.95,5,2,2,9,New Customers
21592,62,1,55.8926,4,2,1,7,New Customers
21593,52,1,1035.4275,4,2,4,10,Potential Loyalists
21594,52,1,1097.5137,4,2,4,10,Potential Loyalists
21595,230,2,2652.2024,2,5,4,11,At Risk
21596,37,1,1034.0817,5,2,3,10,New Customers
21597,342,1,582.97,1,2,3,6,Can't Lose Them
21598,44,1,1000.4375,5,2,3,10,New Customers
21599,53,1,1048.5048,4,2,4,10,Potential Loyalists
21600,361,1,566.0600000000001,1,2,3,6,Can't Lose Them
21601,310,1,618.4881,1,2,3,6,Can't Lose Them
21602,325,1,566.96,1,2,3,6,Can't Lose Them
21603,327,1,593.24,1,2,3,6,Can't Lose Them
21604,44,1,1081.1779,5,2,4,11,Potential Loyalists
21605,54,1,1065.7932,4,2,4,10,Potential Loyalists
21606,52,1,1035.4275,4,2,4,10,Potential Loyalists
21607,46,1,1000.4375,5,2,3,10,New Customers
21608,308,1,574.98,1,2,3,6,Can't Lose Them
21609,326,1,567.95,1,2,3,6,Can't Lose Them
21610,303,1,557.2784,1,2,3,6,Can't Lose Them
21611,306,1,631.45,1,2,3,6,Can't Lose Them
21612,165,1,29.96,3,2,1,6,Potential Loyalists
21613,191,2,2632.0681999999997,2,5,4,11,At Risk
21614,192,2,2589.0882,2,5,4,11,At Risk
21615,54,1,1034.0817,4,2,3,9,New Customers
21616,254,1,83.95,2,2,2,6,Lost Customers
21618,329,2,2633.0482,1,5,4,10,At Risk
21619,313,1,572.53,1,2,3,6,Can't Lose Them
21620,183,2,2629.3896000000004,2,5,4,11,At Risk
21622,104,2,2640.0182,4,5,4,13,Champions
21623,11,1,19.98,5,2,1,8,New Customers
21624,231,1,53.614200000000004,2,2,1,5,Lost Customers
21625,138,1,83.95,3,2,2,7,Potential Loyalists
21627,185,1,51.809999999999995,2,2,1,5,Lost Customers
21628,114,1,101.2384,3,2,2,7,Potential Loyalists
21629,69,2,2622.7324,4,5,4,13,Champions
21630,317,1,19.97,1,2,1,4,Lost Customers
21631,166,1,14.56,3,2,1,6,Potential Loyalists
21632,262,1,34.95,1,2,1,4,Lost Customers
21633,279,1,74.97,1,2,2,5,Lost Customers
21634,100,1,53.614200000000004,4,2,1,7,New Customers
21635,189,1,86.67150000000001,2,2,2,6,Lost Customers
21636,155,1,29.96,3,2,1,6,Potential Loyalists
21637,45,1,1034.0817,5,2,3,10,New Customers
21639,138,1,19.98,3,2,1,6,Potential Loyalists
21640,160,1,143.93,3,2,3,8,Potential Loyalists
21641,31,1,1000.4375,5,2,3,10,New Customers
21642,72,2,2629.3896000000004,4,5,4,13,Champions
21643,33,1,1048.5048,5,2,4,11,Potential Loyalists
21644,36,1,1050.4175,5,2,4,11,Potential Loyalists
21645,46,1,1071.7159,5,2,4,11,Potential Loyalists
21646,312,1,587.55,1,2,3,6,Can't Lose Them
21647,320,1,622.94,1,2,3,6,Can't Lose Them
21648,317,1,557.2784,1,2,3,6,Can't Lose Them
21649,312,1,567.95,1,2,3,6,Can't Lose Them
21650,315,1,567.95,1,2,3,6,Can't Lose Them
21651,292,1,631.9300000000001,1,2,3,6,Can't Lose Them
21652,331,2,2644.7124,1,5,4,10,At Risk
21653,273,1,601.5942,1,2,3,6,Can't Lose Them
21654,286,1,616.0173,1,2,3,6,Can't Lose Them
21655,278,2,2654.4438999999998,1,5,4,10,At Risk
21656,133,1,77.60419999999999,3,2,2,7,Potential Loyalists
21657,249,1,34.95,2,2,1,5,Lost Customers
21658,77,2,2671.6780000000003,4,5,4,13,Champions
21659,54,1,565.47,4,2,3,9,New Customers
21660,37,1,1023.4075,5,2,3,10,New Customers
21661,183,1,58.980000000000004,2,2,1,5,Lost Customers
21663,130,1,43.6242,3,2,1,6,Potential Loyalists
21664,55,1,85.95,4,2,2,8,New Customers
21665,250,1,576.94,2,2,3,7,Can't Lose Them
21666,95,1,826.2015,4,2,3,9,New Customers
21667,87,1,817.5573,4,2,3,9,New Customers
21668,189,2,2433.7324,2,5,4,11,At Risk
21669,157,2,2400.0882,3,5,4,12,Loyal Customers
21670,108,1,173.25,4,2,3,9,New Customers
21671,251,1,654.45,2,2,3,7,Can't Lose Them
21672,2,1,1034.0817,5,2,3,10,New Customers
21673,243,1,649.6615,2,2,3,7,Can't Lose Them
21674,61,1,9.98,4,2,1,7,New Customers
21676,0,1,47.559999999999995,5,2,1,8,New Customers
21677,60,1,42.98,4,2,1,7,New Customers
21678,293,1,77.91,1,2,2,5,Lost Customers
21679,167,1,1700.99,3,2,4,9,Potential Loyalists
21680,296,1,60.9126,1,2,2,5,Lost Customers
21681,72,1,829.35,4,2,3,9,New Customers
21682,84,1,14.56,4,2,1,7,New Customers
21683,179,1,1825.6243,3,2,4,9,Potential Loyalists
21684,138,1,89.94,3,2,2,7,Potential Loyalists
21685,32,1,1083.4948,5,2,4,11,Potential Loyalists
21686,161,1,19.98,3,2,1,6,Potential Loyalists
21687,70,1,55.8926,4,2,1,7,New Customers
21688,290,1,29.96,1,2,1,4,Lost Customers
21689,45,1,39.95,5,2,1,8,New Customers
21690,253,1,97.61420000000001,2,2,2,6,Lost Customers
21691,241,1,43.6242,2,2,1,5,Lost Customers
21692,168,1,34.95,3,2,1,6,Potential Loyalists
21693,210,1,43.6342,2,2,1,5,Lost Customers
21694,105,1,63.6042,4,2,2,8,New Customers
21695,31,1,1062.0417,5,2,4,11,Potential Loyalists
21697,68,1,29.96,4,2,1,7,New Customers
21698,285,1,24.97,1,2,1,4,Lost Customers
21699,59,1,1075.4937,4,2,4,10,Potential Loyalists
21700,59,1,1054.4275,4,2,4,10,Potential Loyalists
21701,202,1,95.86,2,2,2,6,Lost Customers
21702,88,2,142.55419999999998,4,5,3,12,Loyal Customers
21703,118,1,27.96,3,2,1,6,Potential Loyalists
21704,46,1,1058.9875,5,2,4,11,Potential Loyalists
21705,23,1,63.6042,5,2,2,9,New Customers
21706,126,1,113.0173,3,2,2,7,Potential Loyalists
21707,67,1,24.97,4,2,1,7,New Customers
21708,145,1,73.5942,3,2,2,7,Potential Loyalists
21709,55,1,1034.0817,4,2,3,9,New Customers
21710,49,1,622.94,5,2,3,10,New Customers
21711,53,1,1082.5237,4,2,4,10,Potential Loyalists
21712,235,1,88.94,2,2,2,6,Lost Customers
21713,214,1,39.95,2,2,1,5,Lost Customers
21715,318,1,24.96,1,2,1,4,Lost Customers
21716,110,1,19.97,4,2,1,7,New Customers
21718,123,1,45.86,3,2,1,6,Potential Loyalists
21720,310,1,29.96,1,2,1,4,Lost Customers
21721,76,1,29.96,4,2,1,7,New Customers
21722,48,1,24.97,5,2,1,8,New Customers
21723,36,1,1082.149,5,2,4,11,Potential Loyalists
21724,168,1,39.95,3,2,1,6,Potential Loyalists
21725,168,1,9.98,3,2,1,6,Potential Loyalists
21727,32,1,576.94,5,2,3,10,New Customers
21728,58,1,1082.149,4,2,4,10,Potential Loyalists
21729,93,1,64.95,4,2,2,8,New Customers
21730,24,1,36.83,5,2,1,8,New Customers
21731,8,1,29.96,5,2,1,8,New Customers
21732,75,1,108.44,4,2,2,8,New Customers
21733,13,1,29.96,5,2,1,8,New Customers
21735,1,1,132.0462,5,2,3,10,New Customers
21736,42,1,111.6815,5,2,2,9,New Customers
21737,55,1,84.60419999999999,4,2,2,8,New Customers
21738,24,1,128.6042,5,2,3,10,New Customers
21739,267,1,69.55,1,2,2,5,Lost Customers
21741,300,1,557.2784,1,2,3,6,Can't Lose Them
21742,242,1,30.624200000000002,2,2,1,5,Lost Customers
21743,242,1,53.614200000000004,2,2,1,5,Lost Customers
21744,90,1,63.6042,4,2,2,8,New Customers
21745,139,1,108.91,3,2,2,7,Potential Loyalists
21746,37,1,1054.4275,5,2,4,11,Potential Loyalists
21747,302,1,539.99,1,2,3,6,Can't Lose Them
21748,298,1,624.5942,1,2,3,6,Can't Lose Them
21749,34,1,1034.0817,5,2,3,10,New Customers
21750,269,1,73.96000000000001,1,2,2,5,Lost Customers
21751,126,1,74.94,3,2,2,7,Potential Loyalists
21752,23,1,14.56,5,2,1,8,New Customers
21753,241,1,93.46000000000001,2,2,2,6,Lost Customers
21754,103,1,29.96,4,2,1,7,New Customers
21755,74,1,29.96,4,2,1,7,New Customers
21756,301,1,581.9300000000001,1,2,3,6,Can't Lose Them
21758,76,1,29.96,4,2,1,7,New Customers
21759,12,1,85.7304,5,2,2,9,New Customers
21760,84,1,63.6042,4,2,2,8,New Customers
21761,164,1,134.98,3,2,3,8,Potential Loyalists
21762,330,1,108.57419999999999,1,2,2,5,Lost Customers
21763,44,1,63.6042,5,2,2,9,New Customers
21764,278,1,9.57,1,2,1,4,Lost Customers
21765,202,1,93.46000000000001,2,2,2,6,Lost Customers
21766,292,1,539.99,1,2,3,6,Can't Lose Them
21767,146,1,153.7777,3,2,3,8,Potential Loyalists
21768,257,1,539.99,1,2,3,6,Can't Lose Them
21769,299,1,603.49,1,2,3,6,Can't Lose Them
21770,161,1,47.94,3,2,1,6,Potential Loyalists
21771,169,1,55.85,3,2,1,6,Potential Loyalists
21772,98,1,33.6142,4,2,1,7,New Customers
21773,214,1,34.95,2,2,1,5,Lost Customers
21775,271,1,94.94,1,2,2,5,Lost Customers
21776,239,1,55.8926,2,2,1,5,Lost Customers
21777,34,1,180.98,5,2,3,10,New Customers
21778,71,1,29.96,4,2,1,7,New Customers
21779,9,1,29.96,5,2,1,8,New Customers
21780,265,1,110.84,1,2,2,5,Lost Customers
21781,54,1,1054.4275,4,2,4,10,Potential Loyalists
21782,243,1,68.5942,2,2,2,6,Lost Customers
21783,305,1,73.5942,1,2,2,5,Lost Customers
21784,227,1,63.6042,2,2,2,6,Lost Customers
21785,36,1,1034.0817,5,2,3,10,New Customers
21786,121,1,133.0173,3,2,3,8,Potential Loyalists
21787,311,1,29.55,1,2,1,4,Lost Customers
21788,32,1,1000.4375,5,2,3,10,New Customers
21789,234,1,29.96,2,2,1,5,Lost Customers
21790,201,1,135.5943,2,2,3,7,Can't Lose Them
21791,273,1,573.6342,1,2,3,6,Can't Lose Them
21792,28,1,115.23960000000001,5,2,2,9,New Customers
21793,32,1,1034.0817,5,2,3,10,New Customers
21794,57,1,1057.6298,4,2,4,10,Potential Loyalists
21795,290,1,644.6904,1,2,3,6,Can't Lose Them
21796,131,1,64.97,3,2,2,7,Potential Loyalists
21797,55,1,1034.0817,4,2,3,9,New Customers
21798,47,1,1054.4275,5,2,4,11,Potential Loyalists
21799,150,1,47.248400000000004,3,2,1,6,Potential Loyalists
21800,115,1,78.0273,3,2,2,7,Potential Loyalists
21801,144,1,53.6242,3,2,1,6,Potential Loyalists
21802,270,1,101.2384,1,2,2,5,Lost Customers
21803,63,1,39.980000000000004,4,2,1,7,New Customers
21804,156,1,29.96,3,2,1,6,Potential Loyalists
21805,256,1,64.95,2,2,2,6,Lost Customers
21806,108,1,29.96,4,2,1,7,New Customers
21807,45,1,1000.4375,5,2,3,10,New Customers
21808,57,1,1034.0817,4,2,3,9,New Customers
21809,78,1,68.5942,4,2,2,8,New Customers
21810,301,1,580.2484000000001,1,2,3,6,Can't Lose Them
21811,31,1,34.54,5,2,1,8,New Customers
21812,45,1,1034.0817,5,2,3,10,New Customers
21813,4,1,539.99,5,2,3,10,New Customers
21814,170,1,29.96,3,2,1,6,Potential Loyalists
21815,266,1,114.2685,1,2,2,5,Lost Customers
21816,179,1,106.0762,3,2,2,7,Potential Loyalists
21817,63,1,813.45,4,2,3,9,New Customers
21818,239,1,225.85,2,2,3,7,Can't Lose Them
21819,293,1,64.56,1,2,2,5,Lost Customers
21820,140,1,86.94999999999999,3,2,2,7,Potential Loyalists
21821,153,1,67.2484,3,2,2,7,Potential Loyalists
21822,214,1,564.99,2,2,3,7,Can't Lose Them
21823,94,1,9.98,4,2,1,7,New Customers
21824,18,1,54.559999999999995,5,2,1,8,New Customers
21826,44,1,25.880000000000003,5,2,1,8,New Customers
21827,9,1,2106.4096,5,2,4,11,Potential Loyalists
21828,17,1,2075.9996,5,2,4,11,Potential Loyalists
21829,77,1,91.60419999999999,4,2,2,8,New Customers
21830,200,1,539.99,2,2,3,7,Can't Lose Them
21831,83,1,64.97,4,2,2,8,New Customers
21833,19,1,2049.0982,5,2,4,11,Potential Loyalists
21834,87,1,63.97,4,2,2,8,New Customers
21835,19,1,2123.3566,5,2,4,11,Potential Loyalists
21836,154,1,9.98,3,2,1,6,Potential Loyalists
21838,199,1,9.98,2,2,1,5,Lost Customers
21839,122,1,121.46000000000001,3,2,2,7,Potential Loyalists
21840,328,1,64.83,1,2,2,5,Lost Customers
21841,161,1,74.97,3,2,2,7,Potential Loyalists
21842,106,1,69.5568,4,2,2,8,New Customers
21843,265,1,27.2684,1,2,1,4,Lost Customers
21844,152,1,43.6242,3,2,1,6,Potential Loyalists
21846,287,1,44.97,1,2,1,4,Lost Customers
21847,156,1,195.96,3,2,3,8,Potential Loyalists
21848,195,1,564.99,2,2,3,7,Can't Lose Them
21849,280,1,38.6342,1,2,1,4,Lost Customers
21851,277,1,9.98,1,2,1,4,Lost Customers
21852,137,1,9.98,3,2,1,6,Potential Loyalists
21853,119,1,91.6915,3,2,2,7,Potential Loyalists
21854,59,1,74.97,4,2,2,8,New Customers
21855,130,1,594.95,3,2,3,8,Potential Loyalists
21856,69,1,24.99,4,2,1,7,New Customers
21857,337,1,2233.8409,1,2,4,7,Can't Lose Them
21858,341,1,2244.5125,1,2,4,7,Can't Lose Them
21859,131,1,9.98,3,2,1,6,Potential Loyalists
21860,146,1,4.99,3,2,1,6,Potential Loyalists
21861,330,1,43.6242,1,2,1,4,Lost Customers
21862,218,1,27.2684,2,2,1,5,Lost Customers
21863,263,1,39.980000000000004,1,2,1,4,Lost Customers
21864,182,1,57.959999999999994,2,2,1,5,Lost Customers
21865,211,1,198.96,2,2,3,7,Can't Lose Them
21866,66,1,9.98,4,2,1,7,New Customers
21867,110,1,32.2584,4,2,1,7,New Customers
21868,325,1,9.98,1,2,1,4,Lost Customers
21869,27,1,9.98,5,2,1,8,New Customers
21870,44,1,114.2284,5,2,2,9,New Customers
21871,24,1,59.98,5,2,1,8,New Customers
21872,102,1,64.97,4,2,2,8,New Customers
21873,64,2,4403.705,4,5,5,14,Champions
21874,66,2,4400.075,4,5,5,14,Champions
21875,61,2,4659.9025,4,5,5,14,Champions
21876,86,2,4470.719300000001,4,5,5,14,Champions
21877,69,2,4363.125,4,5,5,14,Champions
21878,88,2,4405.995,4,5,5,14,Champions
21880,119,1,44.980000000000004,3,2,1,6,Potential Loyalists
21881,101,1,132.6142,4,2,3,9,New Customers
21882,66,2,4624.9125,4,5,5,14,Champions
21883,328,1,51.85,1,2,1,4,Lost Customers
21884,83,1,73.63419999999999,4,2,2,8,New Customers
21885,82,2,4397.005,4,5,5,14,Champions
21886,83,2,4437.349200000001,4,5,5,14,Champions
21887,326,1,39.99,1,2,1,4,Lost Customers
21888,86,2,4663.7925,4,5,5,14,Champions
21889,87,2,4363.125,4,5,5,14,Champions
21890,153,1,44.980000000000004,3,2,1,6,Potential Loyalists
21891,71,2,4658.5567,4,5,5,14,Champions
21892,61,2,4658.5567,4,5,5,14,Champions
21893,62,2,4406.585,4,5,5,14,Champions
21894,86,2,4363.125,4,5,5,14,Champions
21895,64,2,4395.725,4,5,5,14,Champions
21896,204,1,78.6242,2,2,2,6,Lost Customers
21897,85,2,4670.1609,4,5,5,14,Champions
21898,56,1,78.6242,4,2,2,8,New Customers
21899,80,2,4408.285,4,5,5,14,Champions
21900,208,1,89.94,2,2,2,6,Lost Customers
21902,56,1,47.248400000000004,4,2,1,7,New Customers
21903,285,1,557.2784,1,2,3,6,Can't Lose Them
21904,113,1,97.95,3,2,2,7,Potential Loyalists
21905,162,1,39.95,3,2,1,6,Potential Loyalists
21906,129,1,19.97,3,2,1,6,Potential Loyalists
21907,107,1,29.96,4,2,1,7,New Customers
21908,137,1,78.0273,3,2,2,7,Potential Loyalists
21909,289,1,589.84,1,2,3,6,Can't Lose Them
21910,14,1,1054.4275,5,2,4,11,Potential Loyalists
21911,172,1,55.54,3,2,1,6,Potential Loyalists
21912,229,1,573.6342,2,2,3,7,Can't Lose Them
21913,6,1,84.60419999999999,5,2,2,9,New Customers
21914,251,1,49.96,2,2,1,5,Lost Customers
21915,291,1,578.7684,1,2,3,6,Can't Lose Them
21916,135,1,43.6242,3,2,1,6,Potential Loyalists
21917,207,1,89.94,2,2,2,6,Lost Customers
21918,331,1,83.95,1,2,2,5,Lost Customers
21919,34,1,1000.4375,5,2,3,10,New Customers
21920,34,1,1118.3775,5,2,4,11,Potential Loyalists
21921,14,1,587.0862,5,2,3,10,New Customers
21922,52,1,1000.4375,4,2,3,9,New Customers
21923,22,1,1000.4375,5,2,3,10,New Customers
21924,2,1,1000.4375,5,2,3,10,New Customers
21926,20,1,1101.5237,5,2,4,11,Potential Loyalists
21927,4,1,1050.4175,5,2,4,11,Potential Loyalists
21928,20,1,1048.5048,5,2,4,11,Potential Loyalists
21929,23,1,1071.7159,5,2,4,11,Potential Loyalists
21930,16,1,1160.0618,5,2,4,11,Potential Loyalists
21931,16,1,1000.4375,5,2,3,10,New Customers
21932,11,1,1085.3675,5,2,4,11,Potential Loyalists
21933,35,1,63.6042,5,2,2,9,New Customers
21934,130,1,19.98,3,2,1,6,Potential Loyalists
21936,118,1,113.0173,3,2,2,7,Potential Loyalists
21937,23,1,1028.3975,5,2,3,10,New Customers
21938,136,1,24.97,3,2,1,6,Potential Loyalists
21939,262,1,584.97,1,2,3,6,Can't Lose Them
21940,281,1,627.23,1,2,3,6,Can't Lose Them
21941,27,1,1054.4275,5,2,4,11,Potential Loyalists
21942,298,1,574.98,1,2,3,6,Can't Lose Them
21943,84,2,4363.125,4,5,5,14,Champions
21944,81,2,4450.7592,4,5,5,14,Champions
21945,70,2,4624.9125,4,5,5,14,Champions
21946,42,2,4400.305,5,5,5,15,Champions
21947,53,2,4386.975,4,5,5,14,Champions
21948,55,2,4624.9125,4,5,5,14,Champions
21949,33,2,4396.769200000001,5,5,5,15,Champions
21950,32,2,4652.8724999999995,5,5,5,15,Champions
21951,44,2,4665.4925,5,5,5,15,Champions
21952,213,1,125.7204,2,2,3,7,Can't Lose Them
21953,250,1,35.0,2,2,1,5,Lost Customers
21955,36,2,4652.8724999999995,5,5,5,15,Champions
21956,49,2,4379.025,5,5,5,15,Champions
21957,30,2,4657.5125,5,5,5,15,Champions
21958,36,2,4438.695,5,5,5,15,Champions
21959,49,2,4459.575,5,5,5,15,Champions
21960,106,1,44.980000000000004,4,2,1,7,New Customers
21961,300,1,49.56,1,2,1,4,Lost Customers
21962,303,1,35.0,1,2,1,4,Lost Customers
21963,236,1,44.980000000000004,2,2,1,5,Lost Customers
21964,97,1,108.48,4,2,2,8,New Customers
21965,41,1,103.5181,5,2,2,9,New Customers
21966,32,2,4396.769200000001,5,5,5,15,Champions
21967,28,1,158.94,5,2,3,10,New Customers
21968,36,2,4468.0476,5,5,5,15,Champions
21969,31,2,4508.6276,5,5,5,15,Champions
21970,43,1,64.56,5,2,2,9,New Customers
21971,168,1,64.56,3,2,2,7,Potential Loyalists
21972,213,1,112.74000000000001,2,2,2,6,Lost Customers
21973,32,1,55.6242,5,2,1,8,New Customers
21974,38,2,4704.9587,5,5,5,15,Champions
21975,0,1,107.46000000000001,5,2,2,9,New Customers
21976,72,2,4198.33,4,5,5,14,Champions
21977,199,1,79.97,2,2,2,6,Lost Customers
21978,249,1,39.58,2,2,1,5,Lost Customers
21979,83,2,3936.5425,4,5,5,14,Champions
21980,68,2,4365.88,4,5,5,14,Champions
21981,48,1,97.95,5,2,2,9,New Customers
21982,77,2,3882.5525,4,5,5,14,Champions
21983,47,2,4144.34,5,5,5,15,Champions
21984,56,2,4177.9,4,5,5,14,Champions
21985,48,2,3936.5425,5,5,5,15,Champions
21986,44,2,3882.5525,5,5,5,15,Champions
21987,50,2,4391.085,5,5,5,15,Champions
21988,36,1,35.0,5,2,1,8,New Customers
21989,276,1,35.0,1,2,1,4,Lost Customers
21990,265,1,127.06620000000001,1,2,3,6,Can't Lose Them
21992,0,1,213.51999999999998,5,2,3,10,New Customers
21993,294,1,78.6242,1,2,2,5,Lost Customers
21994,37,2,4396.769200000001,5,5,5,15,Champions
21995,132,1,39.58,3,2,1,6,Potential Loyalists
21996,38,2,3949.1666999999998,5,5,5,15,Champions
21997,55,1,44.980000000000004,4,2,1,7,New Customers
21998,166,1,56.980000000000004,3,2,1,6,Potential Loyalists
21999,60,2,4658.5567,4,5,5,14,Champions
22000,56,2,4408.285,4,5,5,14,Champions
22001,237,1,83.6142,2,2,2,6,Lost Customers
22002,121,1,87.27839999999999,3,2,2,7,Potential Loyalists
22003,173,1,78.95,3,2,2,7,Potential Loyalists
22004,60,2,3916.1967,4,5,5,14,Champions
22005,1,1,180.0462,5,2,3,10,New Customers
22006,284,1,54.55,1,2,1,4,Lost Customers
22007,18,1,54.97,5,2,1,8,New Customers
22008,19,1,585.2384,5,2,3,10,New Customers
22009,284,1,19.98,1,2,1,4,Lost Customers
22010,61,1,63.6042,4,2,2,8,New Customers
22011,29,1,93.94,5,2,2,9,New Customers
22012,180,1,29.96,2,2,1,5,Lost Customers
22013,14,1,590.95,5,2,3,10,New Customers
22014,199,1,44.97,2,2,1,5,Lost Customers
22015,172,1,9.98,3,2,1,6,Potential Loyalists
22016,3,1,573.6342,5,2,3,10,New Customers
22017,205,1,69.99,2,2,2,6,Lost Customers
22018,198,1,98.95,2,2,2,6,Lost Customers
22019,303,1,14.56,1,2,1,4,Lost Customers
22020,93,1,99.5842,4,2,2,8,New Customers
22021,56,1,65.8826,4,2,2,8,New Customers
22022,46,1,58.614200000000004,5,2,1,8,New Customers
22023,282,1,102.93,1,2,2,5,Lost Customers
22024,238,1,38.6042,2,2,1,5,Lost Customers
22025,172,1,29.96,3,2,1,6,Potential Loyalists
22026,121,1,38.6342,3,2,1,6,Potential Loyalists
22027,230,1,64.97,2,2,2,6,Lost Customers
22028,328,1,69.99,1,2,2,5,Lost Customers
22029,15,1,61.94,5,2,2,9,New Customers
22031,38,2,3910.5125,5,5,5,15,Champions
22032,57,2,3882.5525,4,5,5,14,Champions
22033,44,2,3917.5425,5,5,5,15,Champions
22034,271,1,39.95,1,2,1,4,Lost Customers
22035,271,1,104.95,1,2,2,5,Lost Customers
22036,12,1,1034.0817,5,2,3,10,New Customers
22037,105,1,58.16,4,2,1,7,New Customers
22038,326,1,163.55419999999998,1,2,3,6,Can't Lose Them
22039,15,1,69.96,5,2,2,9,New Customers
22040,225,1,69.55,2,2,2,6,Lost Customers
22041,6,1,601.5942,5,2,3,10,New Customers
22042,284,1,539.99,1,2,3,6,Can't Lose Them
22043,265,1,602.94,1,2,3,6,Can't Lose Them
22044,260,1,621.94,1,2,3,6,Can't Lose Them
22045,258,1,579.85,1,2,3,6,Can't Lose Them
22046,266,1,587.55,1,2,3,6,Can't Lose Them
22047,99,1,55.8926,4,2,1,7,New Customers
22048,262,1,548.6342,1,2,3,6,Can't Lose Them
22049,236,1,39.95,2,2,1,5,Lost Customers
22050,194,1,609.52,2,2,3,7,Can't Lose Them
22051,6,1,64.95,5,2,2,9,New Customers
22052,321,1,19.97,1,2,1,4,Lost Customers
22053,83,1,29.97,4,2,1,7,New Customers
22054,259,1,587.55,1,2,3,6,Can't Lose Them
22055,320,1,47.248400000000004,1,2,1,4,Lost Customers
22056,112,1,69.96,3,2,2,7,Potential Loyalists
22058,27,1,539.99,5,2,3,10,New Customers
22059,270,1,19.55,1,2,1,4,Lost Customers
22060,295,1,79.53,1,2,2,5,Lost Customers
22061,2,1,1050.4175,5,2,4,11,Potential Loyalists
22062,8,1,1000.4375,5,2,3,10,New Customers
22064,314,1,69.99,1,2,2,5,Lost Customers
22065,304,1,69.99,1,2,2,5,Lost Customers
22066,270,1,539.99,1,2,3,6,Can't Lose Them
22067,245,1,539.99,2,2,3,7,Can't Lose Them
22068,259,1,47.248400000000004,1,2,1,4,Lost Customers
22069,151,1,45.86,3,2,1,6,Potential Loyalists
22070,143,1,29.96,3,2,1,6,Potential Loyalists
22071,234,1,95.3157,2,2,2,6,Lost Customers
22072,271,1,631.45,1,2,3,6,Can't Lose Them
22073,218,1,110.7004,2,2,2,6,Lost Customers
22074,243,1,567.95,2,2,3,7,Can't Lose Them
22075,92,1,198.7677,4,2,3,9,New Customers
22076,215,1,109.2284,2,2,2,6,Lost Customers
22077,265,1,59.98,1,2,1,4,Lost Customers
22078,243,1,587.55,2,2,3,7,Can't Lose Them
22079,80,1,50.83,4,2,1,7,New Customers
22080,30,1,77.60419999999999,5,2,2,9,New Customers
22081,266,1,59.98,1,2,1,4,Lost Customers
22082,258,1,574.98,1,2,3,6,Can't Lose Them
22083,122,1,189.95999999999998,3,2,3,8,Potential Loyalists
22084,81,1,74.96000000000001,4,2,2,8,New Customers
22085,144,1,69.96,3,2,2,7,Potential Loyalists
22086,198,1,29.99,2,2,1,5,Lost Customers
22087,170,1,115.7204,3,2,2,7,Potential Loyalists
22088,257,1,608.9026,1,2,3,6,Can't Lose Them
22089,263,1,567.95,1,2,3,6,Can't Lose Them
22090,321,1,62.269999999999996,1,2,2,5,Lost Customers
22091,246,1,557.97,2,2,3,7,Can't Lose Them
22092,259,1,587.55,1,2,3,6,Can't Lose Them
22093,225,1,601.5942,2,2,3,7,Can't Lose Them
22094,233,1,539.99,2,2,3,7,Can't Lose Them
22095,48,1,163.96,5,2,3,10,New Customers
22096,238,1,168.45,2,2,3,7,Can't Lose Them
22097,314,1,88.93,1,2,2,5,Lost Customers
22098,182,1,104.95,2,2,2,6,Lost Customers
22099,228,1,589.84,2,2,3,7,Can't Lose Them
22100,141,1,127.91,3,2,3,8,Potential Loyalists
22101,83,1,64.56,4,2,2,8,New Customers
22102,83,1,148.0173,4,2,3,9,New Customers
22103,218,1,104.95,2,2,2,6,Lost Customers
22104,234,1,558.96,2,2,3,7,Can't Lose Them
22106,230,1,572.94,2,2,3,7,Can't Lose Them
22107,198,1,92.0273,2,2,2,6,Lost Customers
22108,253,1,118.0273,2,2,2,6,Lost Customers
22109,351,1,2410.0026000000003,1,2,4,7,Can't Lose Them
22110,4,1,69.96,5,2,2,9,New Customers
22111,27,1,1054.4275,5,2,4,11,Potential Loyalists
22112,310,1,2467.1273,1,2,4,7,Can't Lose Them
22113,224,1,596.6042,2,2,3,7,Can't Lose Them
22114,211,1,639.9300000000001,2,2,3,7,Can't Lose Them
22115,234,1,621.7015,2,2,3,7,Can't Lose Them
22116,213,1,563.77,2,2,3,7,Can't Lose Them
22117,166,1,594.95,3,2,3,8,Potential Loyalists
22118,154,1,589.95,3,2,3,8,Potential Loyalists
22119,213,1,587.55,2,2,3,7,Can't Lose Them
22120,298,1,2384.07,1,2,4,7,Can't Lose Them
22121,213,1,2419.06,2,2,4,8,Can't Lose Them
22122,258,1,205.58429999999998,1,2,3,6,Can't Lose Them
22123,217,1,59.98,2,2,1,5,Lost Customers
22124,46,1,64.97,5,2,2,9,New Customers
22125,291,1,69.96,1,2,2,5,Lost Customers
22126,129,1,69.96,3,2,2,7,Potential Loyalists
22127,232,1,119.96,2,2,2,6,Lost Customers
22128,155,1,588.5842,3,2,3,8,Potential Loyalists
22129,228,1,574.98,2,2,3,7,Can't Lose Them
22130,232,1,573.6342,2,2,3,7,Can't Lose Them
22131,222,1,604.46,2,2,3,7,Can't Lose Them
22132,213,1,598.8726,2,2,3,7,Can't Lose Them
22133,222,1,572.53,2,2,3,7,Can't Lose Them
22134,94,1,198.7677,4,2,3,9,New Customers
22135,235,1,573.6342,2,2,3,7,Can't Lose Them
22136,235,1,572.94,2,2,3,7,Can't Lose Them
22137,23,1,1092.0417,5,2,4,11,Potential Loyalists
22138,254,1,69.55,2,2,2,6,Lost Customers
22139,229,1,557.2784,2,2,3,7,Can't Lose Them
22140,3,1,1000.4375,5,2,3,10,New Customers
22142,275,1,138.89,1,2,3,6,Can't Lose Them
22143,315,1,43.6242,1,2,1,4,Lost Customers
22144,167,1,91.6915,3,2,2,7,Potential Loyalists
22145,280,1,72.25,1,2,2,5,Lost Customers
22146,17,1,79.53,5,2,2,9,New Customers
22147,125,1,69.99,3,2,2,7,Potential Loyalists
22148,188,1,69.99,2,2,2,6,Lost Customers
22150,291,1,69.99,1,2,2,5,Lost Customers
22151,111,1,133.49,3,2,3,8,Potential Loyalists
22152,21,1,1082.149,5,2,4,11,Potential Loyalists
22153,213,1,557.97,2,2,3,7,Can't Lose Them
22154,326,1,78.91,1,2,2,5,Lost Customers
22155,112,1,69.99,3,2,2,7,Potential Loyalists
22156,296,1,69.99,1,2,2,5,Lost Customers
22157,81,1,64.56,4,2,2,8,New Customers
22158,204,1,49.54,2,2,1,5,Lost Customers
22159,17,1,64.56,5,2,2,9,New Customers
22160,207,1,74.53999999999999,2,2,2,6,Lost Customers
22161,8,1,170.85,5,2,3,10,New Customers
22162,205,1,103.60419999999999,2,2,2,6,Lost Customers
22163,326,1,104.53,1,2,2,5,Lost Customers
22164,200,1,587.55,2,2,3,7,Can't Lose Them
22165,223,1,225.85,2,2,3,7,Can't Lose Them
22166,198,1,98.6142,2,2,2,6,Lost Customers
22167,320,1,123.97999999999999,1,2,3,6,Can't Lose Them
22168,212,2,3020.29,2,5,5,12,At Risk
22169,191,1,87.27839999999999,2,2,2,6,Lost Customers
22170,238,2,2792.8925,2,5,5,12,At Risk
22171,226,2,2721.5525,2,5,4,11,At Risk
22172,217,2,2946.8809,2,5,5,12,At Risk
22173,235,2,2740.5225,2,5,4,11,At Risk
22174,241,2,3030.4362,2,5,5,12,At Risk
22175,239,2,3018.33,2,5,5,12,At Risk
22176,175,1,115.44,3,2,2,7,Potential Loyalists
22177,167,1,48.54,3,2,1,6,Potential Loyalists
22178,45,2,4233.32,5,5,5,15,Champions
22179,195,1,43.96,2,2,1,5,Lost Customers
22180,53,2,4379.025,4,5,5,14,Champions
22181,50,2,4426.075,5,5,5,15,Champions
22182,182,1,2426.7042,2,2,4,8,Can't Lose Them
22183,72,1,64.56,4,2,2,8,New Customers
22184,76,1,102.24,4,2,2,8,New Customers
22185,276,1,68.97,1,2,2,5,Lost Customers
22186,5,1,1054.4275,5,2,4,11,Potential Loyalists
22188,8,1,1081.1779,5,2,4,11,Potential Loyalists
22189,190,1,557.97,2,2,3,7,Can't Lose Them
22190,67,1,74.53999999999999,4,2,2,8,New Customers
22191,224,1,185.6804,2,2,3,7,Can't Lose Them
22192,186,1,118.0273,2,2,2,6,Lost Customers
22193,58,2,4624.9125,4,5,5,14,Champions
22194,32,2,4372.115,5,5,5,15,Champions
22195,25,2,4679.150900000001,5,5,5,15,Champions
22196,24,2,4386.975,5,5,5,15,Champions
22197,24,2,4482.2431,5,5,5,15,Champions
22198,28,2,4403.705,5,5,5,15,Champions
22199,19,2,4437.085,5,5,5,15,Champions
22200,13,2,4398.115,5,5,5,15,Champions
22201,19,2,4753.1267,5,5,5,15,Champions
22202,0,2,4426.475,5,5,5,15,Champions
22203,24,2,4363.125,5,5,5,15,Champions
22204,165,1,51.85,3,2,1,6,Potential Loyalists
22205,160,1,142.46,3,2,3,8,Potential Loyalists
22206,137,1,208.56,3,2,3,8,Potential Loyalists
22207,1,2,4658.5567,5,5,5,15,Champions
22208,271,1,44.57,1,2,1,4,Lost Customers
22209,238,1,83.6142,2,2,2,6,Lost Customers
22210,199,1,35.0,2,2,1,5,Lost Customers
22211,226,1,44.55,2,2,1,5,Lost Customers
22212,238,1,49.97,2,2,1,5,Lost Customers
22213,303,1,105.52,1,2,2,5,Lost Customers
22214,90,1,49.56,4,2,1,7,New Customers
22215,257,1,91.5942,1,2,2,5,Lost Customers
22216,199,1,587.0862,2,2,3,7,Can't Lose Them
22218,4,1,1034.0817,5,2,3,10,New Customers
22219,36,1,20.89,5,2,1,8,New Customers
22220,2,1,1082.5237,5,2,4,11,Potential Loyalists
22221,14,1,1035.4275,5,2,4,11,Potential Loyalists
22222,9,1,152.0462,5,2,3,10,New Customers
22223,92,1,69.96,4,2,2,8,New Customers
22224,200,1,646.2104,2,2,3,7,Can't Lose Them
22225,183,1,603.49,2,2,3,7,Can't Lose Them
22226,284,1,69.96,1,2,2,5,Lost Customers
22227,276,1,39.97,1,2,1,4,Lost Customers
22228,58,1,102.24,4,2,2,8,New Customers
22229,24,1,1054.9975,5,2,4,11,Potential Loyalists
22230,94,1,678.0073,4,2,3,9,New Customers
22231,211,1,622.94,2,2,3,7,Can't Lose Them
22232,194,1,2429.3184,2,2,4,8,Can't Lose Them
22233,196,1,2419.06,2,2,4,8,Can't Lose Them
22234,168,1,2412.03,3,2,4,9,Potential Loyalists
22235,9,1,1034.0817,5,2,3,10,New Customers
22236,1,1,1104.726,5,2,4,11,Potential Loyalists
22237,153,1,59.98,3,2,1,6,Potential Loyalists
22238,1,1,1035.4275,5,2,4,11,Potential Loyalists
22239,179,1,64.56,3,2,2,7,Potential Loyalists
22240,206,1,64.56,2,2,2,6,Lost Customers
22241,17,1,1029.4175,5,2,3,10,New Customers
22242,296,1,74.53999999999999,1,2,2,5,Lost Customers
22243,24,1,1048.5048,5,2,4,11,Potential Loyalists
22244,266,1,59.98,1,2,1,4,Lost Customers
22245,20,1,1091.3775,5,2,4,11,Potential Loyalists
22246,26,1,1048.5048,5,2,4,11,Potential Loyalists
22247,166,1,2425.6000000000004,3,2,4,9,Potential Loyalists
22248,27,1,1023.4075,5,2,3,10,New Customers
22249,183,1,539.99,2,2,3,7,Can't Lose Them
22250,183,1,557.97,2,2,3,7,Can't Lose Them
22251,125,1,2411.04,3,2,4,9,Potential Loyalists
22252,149,1,2465.7815,3,2,4,9,Potential Loyalists
22253,0,1,1054.4275,5,2,4,11,Potential Loyalists
22254,348,1,572.94,1,2,3,6,Can't Lose Them
22255,184,1,620.7304,2,2,3,7,Can't Lose Them
22256,209,1,600.2584,2,2,3,7,Can't Lose Them
22257,204,1,539.99,2,2,3,7,Can't Lose Them
22258,194,1,557.97,2,2,3,7,Can't Lose Them
22259,353,1,585.2384,1,2,3,6,Can't Lose Them
22260,354,1,606.75,1,2,3,6,Can't Lose Them
22261,364,1,582.97,1,2,3,6,Can't Lose Them
22262,339,1,539.99,1,2,3,6,Can't Lose Them
22264,200,1,93.03730000000002,2,2,2,6,Lost Customers
22265,292,1,65.94,1,2,2,5,Lost Customers
22266,184,1,749.95,2,2,3,7,Can't Lose Them
22267,88,1,622.2284,4,2,3,9,New Customers
22268,123,1,2458.03,3,2,4,9,Potential Loyalists
22269,157,1,152.0462,3,2,3,8,Potential Loyalists
22270,203,1,622.94,2,2,3,7,Can't Lose Them
22271,191,1,633.3057,2,2,3,7,Can't Lose Them
22272,189,1,581.96,2,2,3,7,Can't Lose Them
22273,344,1,574.98,1,2,3,6,Can't Lose Them
22274,340,1,573.6342,1,2,3,6,Can't Lose Them
22275,322,1,636.96,1,2,3,6,Can't Lose Them
22276,328,1,620.7304,1,2,3,6,Can't Lose Them
22278,286,1,14.56,1,2,1,4,Lost Customers
22279,24,1,89.97,5,2,2,9,New Customers
22280,224,1,34.57,2,2,1,5,Lost Customers
22281,315,1,539.99,1,2,3,6,Can't Lose Them
22282,331,1,574.98,1,2,3,6,Can't Lose Them
22283,129,1,164.55,3,2,3,8,Potential Loyalists
22284,333,1,646.0842,1,2,3,6,Can't Lose Them
22285,166,1,91.6915,3,2,2,7,Potential Loyalists
22286,229,1,39.97,2,2,1,5,Lost Customers
22287,312,1,539.99,1,2,3,6,Can't Lose Them
22288,323,1,582.97,1,2,3,6,Can't Lose Them
22289,324,1,582.97,1,2,3,6,Can't Lose Them
22290,205,1,625.94,2,2,3,7,Can't Lose Them
22291,210,1,573.6342,2,2,3,7,Can't Lose Them
22292,184,1,562.96,2,2,3,7,Can't Lose Them
22293,204,1,582.97,2,2,3,7,Can't Lose Them
22294,188,1,672.6615,2,2,3,7,Can't Lose Them
22295,187,1,603.1042,2,2,3,7,Can't Lose Them
22296,62,1,202.5642,4,2,3,9,New Customers
22297,194,1,646.0842,2,2,3,7,Can't Lose Them
22298,156,1,638.5943,3,2,3,8,Potential Loyalists
22299,61,1,594.55,4,2,3,9,New Customers
22300,308,1,557.97,1,2,3,6,Can't Lose Them
22301,324,1,539.99,1,2,3,6,Can't Lose Them
22302,170,1,1772.2684,3,2,4,9,Potential Loyalists
22303,14,1,42.98,5,2,1,8,New Customers
22304,158,1,72.25,3,2,2,7,Potential Loyalists
22306,236,1,582.97,2,2,3,7,Can't Lose Them
22307,88,1,864.45,4,2,3,9,New Customers
22308,180,1,1773.95,2,2,4,8,Can't Lose Them
22309,136,1,1782.7015000000001,3,2,4,9,Potential Loyalists
22310,186,1,97.61420000000001,2,2,2,6,Lost Customers
22311,165,1,1776.0462,3,2,4,9,Potential Loyalists
22312,350,1,2216.4525,1,2,4,7,Can't Lose Them
22313,146,1,1734.6342,3,2,4,9,Potential Loyalists
22314,148,1,92.7684,3,2,2,7,Potential Loyalists
22315,66,1,38.6342,4,2,1,7,New Customers
22316,212,1,631.45,2,2,3,7,Can't Lose Them
22317,301,1,35.9126,1,2,1,4,Lost Customers
22318,2,1,1054.4275,5,2,4,11,Potential Loyalists
22319,216,1,562.96,2,2,3,7,Can't Lose Them
22320,143,1,1734.6342,3,2,4,9,Potential Loyalists
22321,137,1,1700.99,3,2,4,9,Potential Loyalists
22322,238,1,621.95,2,2,3,7,Can't Lose Them
22323,340,1,2181.5625,1,2,4,7,Can't Lose Them
22324,274,1,49.98,1,2,1,4,Lost Customers
22325,151,1,35.9126,3,2,1,6,Potential Loyalists
22326,52,1,80.46,4,2,2,8,New Customers
22327,314,1,573.6342,1,2,3,6,Can't Lose Them
22328,322,1,557.97,1,2,3,6,Can't Lose Them
22329,306,1,574.98,1,2,3,6,Can't Lose Them
22330,333,1,622.94,1,2,3,6,Can't Lose Them
22332,194,1,43.6242,2,2,1,5,Lost Customers
22333,298,1,104.95,1,2,2,5,Lost Customers
22334,307,1,548.98,1,2,3,6,Can't Lose Them
22335,291,1,606.0562,1,2,3,6,Can't Lose Them
22336,276,1,624.5942,1,2,3,6,Can't Lose Them
22337,75,1,53.614200000000004,4,2,1,7,New Customers
22338,328,1,78.96000000000001,1,2,2,5,Lost Customers
22339,148,1,29.96,3,2,1,6,Potential Loyalists
22340,117,1,29.96,3,2,1,6,Potential Loyalists
22342,88,1,68.97,4,2,2,8,New Customers
22343,267,1,2459.1262,1,2,4,7,Can't Lose Them
22344,213,1,2417.7142000000003,2,2,4,8,Can't Lose Them
22345,313,1,92.2584,1,2,2,5,Lost Customers
22346,301,1,573.6342,1,2,3,6,Can't Lose Them
22347,101,1,58.614200000000004,4,2,1,7,New Customers
22348,215,1,29.96,2,2,1,5,Lost Customers
22349,132,1,134.97,3,2,3,8,Potential Loyalists
22350,70,1,29.96,4,2,1,7,New Customers
22351,191,1,84.95,2,2,2,6,Lost Customers
22352,112,1,19.98,3,2,1,6,Potential Loyalists
22353,160,1,44.97,3,2,1,6,Potential Loyalists
22354,174,1,49.96,3,2,1,6,Potential Loyalists
22355,206,1,9.99,2,2,1,5,Lost Customers
22358,219,1,68.97,2,2,2,6,Lost Customers
22359,238,1,14.56,2,2,1,5,Lost Customers
22360,153,1,117.2084,3,2,2,7,Potential Loyalists
22361,187,1,69.96,2,2,2,6,Lost Customers
22362,109,1,69.96,4,2,2,8,New Customers
22363,184,1,77.60419999999999,2,2,2,6,Lost Customers
22364,162,1,90.44,3,2,2,7,Potential Loyalists
22365,323,1,64.56,1,2,2,5,Lost Customers
22366,143,1,77.60419999999999,3,2,2,7,Potential Loyalists
22367,245,1,103.60419999999999,2,2,2,6,Lost Customers
22368,280,1,636.96,1,2,3,6,Can't Lose Them
22369,199,1,73.6142,2,2,2,6,Lost Customers
22370,2,1,200.45999999999998,5,2,3,10,New Customers
22371,152,1,43.6242,3,2,1,6,Potential Loyalists
22372,295,1,574.98,1,2,3,6,Can't Lose Them
22373,119,1,2417.02,3,2,4,9,Potential Loyalists
22374,275,1,624.5942,1,2,3,6,Can't Lose Them
22375,107,1,74.95,4,2,2,8,New Customers
22376,196,1,59.98,2,2,1,5,Lost Customers
22377,76,1,209.95999999999998,4,2,3,9,New Customers
22378,263,1,60.2684,1,2,2,5,Lost Customers
22379,59,1,36.34,4,2,1,7,New Customers
22380,268,1,9.98,1,2,1,4,Lost Customers
22381,223,1,57.0762,2,2,1,5,Lost Customers
22383,148,1,86.2484,3,2,2,7,Potential Loyalists
22384,185,1,44.97,2,2,1,5,Lost Customers
22385,108,1,63.97,4,2,2,8,New Customers
22386,99,1,9.98,4,2,1,7,New Customers
22387,74,1,4.99,4,2,1,7,New Customers
22388,277,1,73.48,1,2,2,5,Lost Customers
22390,167,1,57.0762,3,2,1,6,Potential Loyalists
22391,12,1,1054.4275,5,2,4,11,Potential Loyalists
22392,205,1,659.5842,2,2,3,7,Can't Lose Them
22395,210,1,603.45,2,2,3,7,Can't Lose Them
22396,139,1,1750.97,3,2,4,9,Potential Loyalists
22397,213,1,79.32000000000001,2,2,2,6,Lost Customers
22398,335,1,539.99,1,2,3,6,Can't Lose Them
22399,237,2,2785.0525,2,5,5,12,At Risk
22400,219,2,2754.0924999999997,2,5,4,11,At Risk
22401,227,2,2983.34,2,5,5,12,At Risk
22402,214,2,2721.5525,2,5,4,11,At Risk
22403,236,1,69.99,2,2,2,6,Lost Customers
22404,210,2,2983.34,2,5,5,12,At Risk
22405,234,1,123.97999999999999,2,2,3,7,Can't Lose Them
22406,205,2,3018.33,2,5,5,12,At Risk
22407,203,2,2755.1967,2,5,4,11,At Risk
22408,204,2,2774.1666999999998,2,5,5,12,At Risk
22409,205,2,2792.1968,2,5,5,12,At Risk
22410,186,2,2983.34,2,5,5,12,At Risk
22411,187,2,2783.1567,2,5,5,12,At Risk
22412,199,2,3018.33,2,5,5,12,At Risk
22413,5,1,47.559999999999995,5,2,1,8,New Customers
22414,353,1,573.6342,1,2,3,6,Can't Lose Them
22415,354,1,615.47,1,2,3,6,Can't Lose Them
22416,143,1,1793.94,3,2,4,9,Potential Loyalists
22417,103,1,42.98,4,2,1,7,New Customers
22418,140,1,1763.53,3,2,4,9,Potential Loyalists
22419,95,1,85.95,4,2,2,8,New Customers
22420,212,1,26.07,2,2,1,5,Lost Customers
22421,204,1,63.97,2,2,2,6,Lost Customers
22422,101,1,1735.98,4,2,4,10,Potential Loyalists
22423,198,1,590.9226,2,2,3,7,Can't Lose Them
22424,264,1,96.97,1,2,2,5,Lost Customers
22425,65,1,50.959999999999994,4,2,1,7,New Customers
22426,184,1,567.95,2,2,3,7,Can't Lose Them
22427,121,1,1700.99,3,2,4,9,Potential Loyalists
22428,97,1,1771.0562,4,2,4,10,Potential Loyalists
22429,119,1,1782.5942,3,2,4,9,Potential Loyalists
22430,364,1,2381.1425,1,2,4,7,Can't Lose Them
22431,296,1,84.60419999999999,1,2,2,5,Lost Customers
22432,356,1,610.0562,1,2,3,6,Can't Lose Them
22433,120,1,1793.94,3,2,4,9,Potential Loyalists
22434,71,1,1734.6342,4,2,4,10,Potential Loyalists
22435,224,1,47.559999999999995,2,2,1,5,Lost Customers
22436,346,1,621.94,1,2,3,6,Can't Lose Them
22437,130,1,1752.4981,3,2,4,9,Potential Loyalists
22438,205,1,644.2184,2,2,3,7,Can't Lose Them
22439,63,1,1700.99,4,2,4,10,Potential Loyalists
22440,192,1,567.95,2,2,3,7,Can't Lose Them
22441,338,1,620.2284,1,2,3,6,Can't Lose Them
22442,62,1,1718.2784,4,2,4,10,Potential Loyalists
22444,57,1,834.8457,4,2,3,9,New Customers
22445,337,1,2242.6225,1,2,4,7,Can't Lose Them
22446,102,1,1776.0462,4,2,4,10,Potential Loyalists
22447,50,1,840.01,5,2,3,10,New Customers
22448,309,1,2226.1324999999997,1,2,4,7,Can't Lose Them
22449,306,1,2251.7967000000003,1,2,4,7,Can't Lose Them
22450,60,1,829.47,4,2,3,9,New Customers
22452,121,1,1734.6342,3,2,4,9,Potential Loyalists
22453,42,1,38.6342,5,2,1,8,New Customers
22454,51,1,20.89,5,2,1,8,New Customers
22455,322,1,33.5281,1,2,1,4,Lost Customers
22456,72,1,1757.84,4,2,4,10,Potential Loyalists
22457,248,1,9.98,2,2,1,5,Lost Customers
22458,189,1,587.55,2,2,3,7,Can't Lose Them
22459,341,1,539.99,1,2,3,6,Can't Lose Them
22461,75,1,1754.98,4,2,4,10,Potential Loyalists
22462,322,1,562.96,1,2,3,6,Can't Lose Them
22463,174,1,573.6342,3,2,3,8,Potential Loyalists
22464,244,1,2181.5625,2,2,4,8,Can't Lose Them
22465,250,1,2243.1667,2,2,4,8,Can't Lose Them
22466,180,1,557.97,2,2,3,7,Can't Lose Them
22467,73,1,1738.54,4,2,4,10,Potential Loyalists
22468,42,1,1700.99,5,2,4,11,Potential Loyalists
22469,287,1,587.55,1,2,3,6,Can't Lose Them
22470,56,1,1734.6342,4,2,4,10,Potential Loyalists
22471,157,1,582.97,3,2,3,8,Potential Loyalists
22472,173,1,539.99,3,2,3,8,Potential Loyalists
22473,280,1,616.95,1,2,3,6,Can't Lose Them
22474,21,1,27.96,5,2,1,8,New Customers
22475,261,1,109.67150000000001,1,2,2,5,Lost Customers
22476,46,1,63.97,5,2,2,9,New Customers
22477,298,1,573.6342,1,2,3,6,Can't Lose Them
22478,283,1,576.94,1,2,3,6,Can't Lose Them
22479,280,1,646.0842,1,2,3,6,Can't Lose Them
22480,175,1,630.2384,3,2,3,8,Potential Loyalists
22481,301,1,587.0862,1,2,3,6,Can't Lose Them
22483,24,1,155.5073,5,2,3,10,New Customers
22484,150,1,616.5562,3,2,3,8,Potential Loyalists
22485,68,1,69.05,4,2,2,8,New Customers
22486,281,1,611.9300000000001,1,2,3,6,Can't Lose Them
22487,148,1,601.5942,3,2,3,8,Potential Loyalists
22488,244,1,9.98,2,2,1,5,Lost Customers
22489,16,1,38.7784,5,2,1,8,New Customers
22490,138,1,557.97,3,2,3,8,Potential Loyalists
22491,322,1,9.98,1,2,1,4,Lost Customers
22492,311,1,81.2584,1,2,2,5,Lost Customers
22494,295,1,9.98,1,2,1,4,Lost Customers
22495,145,1,621.94,3,2,3,8,Potential Loyalists
22496,84,1,70.9026,4,2,2,8,New Customers
22497,209,1,63.97,2,2,2,6,Lost Customers
22498,138,1,69.15,3,2,2,7,Potential Loyalists
22499,122,1,47.559999999999995,3,2,1,6,Potential Loyalists
22500,226,1,2256.6187,2,2,4,8,Can't Lose Them
22502,121,1,1734.6342,3,2,4,9,Potential Loyalists
22503,110,1,1796.1535,4,2,4,10,Potential Loyalists
22504,121,1,1735.98,3,2,4,9,Potential Loyalists
22505,58,1,1734.6342,4,2,4,10,Potential Loyalists
22506,246,1,582.97,2,2,3,7,Can't Lose Them
22507,186,1,60.9126,2,2,2,6,Lost Customers
22508,46,1,799.48,5,2,3,10,New Customers
22509,49,1,839.45,5,2,3,10,New Customers
22510,87,1,1772.2684,4,2,4,10,Potential Loyalists
22511,151,1,105.95,3,2,2,7,Potential Loyalists
22512,137,1,60.2684,3,2,2,7,Potential Loyalists
22513,247,1,47.559999999999995,2,2,1,5,Lost Customers
22515,139,1,572.94,3,2,3,8,Potential Loyalists
22516,197,1,4.99,2,2,1,5,Lost Customers
22517,252,1,590.2284,2,2,3,7,Can't Lose Them
22518,43,1,1734.6342,5,2,4,11,Potential Loyalists
22519,58,1,924.06,4,2,3,9,New Customers
22520,75,1,1796.1535,4,2,4,10,Potential Loyalists
22522,261,1,539.99,1,2,3,6,Can't Lose Them
22523,9,1,844.03,5,2,3,10,New Customers
22524,206,1,2216.4525,2,2,4,8,Can't Lose Them
22525,252,1,574.98,2,2,3,7,Can't Lose Them
22526,39,1,1763.53,5,2,4,11,Potential Loyalists
22527,282,1,96.97,1,2,2,5,Lost Customers
22528,141,1,43.6242,3,2,1,6,Potential Loyalists
22529,140,1,69.05,3,2,2,7,Potential Loyalists
22530,95,1,9.98,4,2,1,7,New Customers
22531,87,1,188.47,4,2,3,9,New Customers
22532,25,1,14.97,5,2,1,8,New Customers
22533,31,1,57.0762,5,2,1,8,New Customers
22534,9,1,50.959999999999994,5,2,1,8,New Customers
22535,42,1,1749.0573,5,2,4,11,Potential Loyalists
22536,41,1,1796.1535,5,2,4,11,Potential Loyalists
22537,14,1,40.9026,5,2,1,8,New Customers
22539,215,1,108.9799,2,2,2,6,Lost Customers
22540,247,1,57.0762,2,2,1,5,Lost Customers
22541,242,1,601.5942,2,2,3,7,Can't Lose Them
22542,65,1,45.269999999999996,4,2,1,7,New Customers
22543,282,1,576.2484000000001,1,2,3,6,Can't Lose Them
22544,326,1,139.55,1,2,3,6,Can't Lose Them
22545,144,1,62.95,3,2,2,7,Potential Loyalists
22546,128,1,29.99,3,2,1,6,Potential Loyalists
22547,234,1,42.26,2,2,1,5,Lost Customers
22549,300,1,44.96,1,2,1,4,Lost Customers
22550,132,1,75.6343,3,2,2,7,Potential Loyalists
22551,60,1,71.48,4,2,2,8,New Customers
22552,182,1,42.98,2,2,1,5,Lost Customers
22553,174,1,60.9126,3,2,2,7,Potential Loyalists
22554,291,1,9.98,1,2,1,4,Lost Customers
22555,104,1,167.56,4,2,3,9,New Customers
22556,167,1,64.46000000000001,3,2,2,7,Potential Loyalists
22557,149,1,14.97,3,2,1,6,Potential Loyalists
22558,215,1,9.98,2,2,1,5,Lost Customers
22559,317,1,14.97,1,2,1,4,Lost Customers
22560,248,1,97.61420000000001,2,2,2,6,Lost Customers
22561,155,1,29.47,3,2,1,6,Potential Loyalists
22562,288,1,38.7784,1,2,1,4,Lost Customers
22563,93,1,25.2684,4,2,1,7,New Customers
22564,87,1,63.97,4,2,2,8,New Customers
22565,39,1,12.56,5,2,1,8,New Customers
22566,32,1,1700.99,5,2,4,11,Potential Loyalists
22567,201,1,47.559999999999995,2,2,1,5,Lost Customers
22568,163,1,7.98,3,2,1,6,Potential Loyalists
22569,283,1,70.9026,1,2,2,5,Lost Customers
22570,57,1,1734.6342,4,2,4,10,Potential Loyalists
22571,205,2,2856.2829,2,5,5,12,At Risk
22572,181,2,3011.3,2,5,5,12,At Risk
22573,201,2,2721.5525,2,5,4,11,At Risk
22574,207,1,69.99,2,2,2,6,Lost Customers
22575,200,2,3016.9842,2,5,5,12,At Risk
22576,199,2,2721.5525,2,5,4,11,At Risk
22577,181,2,2764.5325000000003,2,5,4,11,At Risk
22578,193,2,2754.5025,2,5,4,11,At Risk
22579,208,2,2730.1967,2,5,4,11,At Risk
22580,207,2,3065.29,2,5,5,12,At Risk
22581,206,2,2777.0924999999997,2,5,5,12,At Risk
22582,167,2,2756.5425,3,5,4,12,Loyal Customers
22583,167,2,2871.666,3,5,5,13,Loyal Customers
22584,184,1,72.95,2,2,2,6,Lost Customers
22585,213,1,567.95,2,2,3,7,Can't Lose Them
22586,32,1,1771.0562,5,2,4,11,Potential Loyalists
22587,240,1,557.97,2,2,3,7,Can't Lose Them
22588,171,1,70.9026,3,2,2,7,Potential Loyalists
22589,122,1,9.98,3,2,1,6,Potential Loyalists
22590,228,1,592.2684,2,2,3,7,Can't Lose Them
22591,218,1,595.53,2,2,3,7,Can't Lose Them
22592,42,1,1754.98,5,2,4,11,Potential Loyalists
22593,123,1,572.94,3,2,3,8,Potential Loyalists
22594,54,1,1709.98,4,2,4,10,Potential Loyalists
22595,174,1,2273.7392999999997,3,2,4,9,Potential Loyalists
22596,57,1,1749.0573,4,2,4,10,Potential Loyalists
22597,225,1,635.0273,2,2,3,7,Can't Lose Them
22598,215,1,618.8826,2,2,3,7,Can't Lose Them
22599,47,1,1700.99,5,2,4,11,Potential Loyalists
22600,12,1,1734.6342,5,2,4,11,Potential Loyalists
22601,127,1,590.95,3,2,3,8,Potential Loyalists
22602,21,1,1754.98,5,2,4,11,Potential Loyalists
22603,122,1,582.97,3,2,3,8,Potential Loyalists
22604,16,1,1735.98,5,2,4,11,Potential Loyalists
22605,16,1,1749.0573,5,2,4,11,Potential Loyalists
22606,235,1,607.9300000000001,2,2,3,7,Can't Lose Them
22607,197,1,647.2184,2,2,3,7,Can't Lose Them
22608,11,1,1751.9226,5,2,4,11,Potential Loyalists
22609,203,1,622.94,2,2,3,7,Can't Lose Them
22610,206,1,574.98,2,2,3,7,Can't Lose Them
22611,34,1,1796.1535,5,2,4,11,Potential Loyalists
22612,142,1,580.89,3,2,3,8,Potential Loyalists
22613,351,1,1071.7159,1,2,4,7,Can't Lose Them
22614,343,1,1034.0817,1,2,3,6,Can't Lose Them
22615,191,1,539.99,2,2,3,7,Can't Lose Them
22616,30,1,1734.6342,5,2,4,11,Potential Loyalists
22618,22,1,1700.99,5,2,4,11,Potential Loyalists
22619,16,1,817.5573,5,2,3,10,New Customers
22620,321,1,582.2784,1,2,3,6,Can't Lose Them
22621,250,1,603.5942,2,2,3,7,Can't Lose Them
22622,122,1,63.97,3,2,2,7,Potential Loyalists
22623,182,1,567.95,2,2,3,7,Can't Lose Them
22625,305,1,118.89259999999999,1,2,2,5,Lost Customers
22626,142,1,586.96,3,2,3,8,Potential Loyalists
22627,185,1,601.5942,2,2,3,7,Can't Lose Them
22628,206,1,585.9300000000001,2,2,3,7,Can't Lose Them
22629,204,1,69.96000000000001,2,2,2,6,Lost Customers
22630,342,1,1051.3701,1,2,4,7,Can't Lose Them
22631,355,1,1058.3975,1,2,4,7,Can't Lose Them
22632,141,1,2234.1767,3,2,4,9,Potential Loyalists
22633,233,1,564.99,2,2,3,7,Can't Lose Them
22634,5,1,1796.1535,5,2,4,11,Potential Loyalists
22635,18,1,1757.84,5,2,4,11,Potential Loyalists
22636,5,1,1700.99,5,2,4,11,Potential Loyalists
22637,23,1,1728.95,5,2,4,11,Potential Loyalists
22638,198,1,557.97,2,2,3,7,Can't Lose Them
22639,310,1,1034.0817,1,2,3,6,Can't Lose Them
22640,317,1,1033.4075,1,2,3,6,Can't Lose Them
22641,101,1,593.95,4,2,3,9,New Customers
22642,316,1,1125.0718,1,2,4,7,Can't Lose Them
22643,308,1,1000.4375,1,2,3,6,Can't Lose Them
22644,187,1,603.49,2,2,3,7,Can't Lose Them
22645,104,1,562.96,4,2,3,9,New Customers
22646,314,1,1035.4275,1,2,4,7,Can't Lose Them
22647,121,1,2301.5625,3,2,4,9,Potential Loyalists
22648,113,1,2214.1625,3,2,4,9,Potential Loyalists
22649,99,1,596.6042,4,2,3,9,New Customers
22650,203,1,574.98,2,2,3,7,Can't Lose Them
22651,97,1,573.6342,4,2,3,9,New Customers
22652,192,1,563.95,2,2,3,7,Can't Lose Them
22653,319,1,1082.3875,1,2,4,7,Can't Lose Them
22654,103,1,587.55,4,2,3,9,New Customers
22655,164,1,586.96,3,2,3,8,Potential Loyalists
22656,280,1,1053.0517,1,2,4,7,Can't Lose Them
22657,111,1,43.6242,3,2,1,6,Potential Loyalists
22658,52,1,57.98,4,2,1,7,New Customers
22659,49,1,41.6242,5,2,1,8,New Customers
22661,58,1,101.60419999999999,4,2,2,8,New Customers
22662,38,1,9.98,5,2,1,8,New Customers
22663,95,1,573.6342,4,2,3,9,New Customers
22664,81,1,2263.5125,4,2,4,10,Potential Loyalists
22665,225,1,586.97,2,2,3,7,Can't Lose Them
22666,194,1,574.98,2,2,3,7,Can't Lose Them
22667,358,1,1048.5048,1,2,4,7,Can't Lose Them
22668,345,1,1054.4275,1,2,4,7,Can't Lose Them
22669,342,1,1000.4375,1,2,3,6,Can't Lose Them
22671,297,1,1035.4275,1,2,4,7,Can't Lose Them
22672,179,1,52.086200000000005,3,2,1,6,Potential Loyalists
22673,105,1,631.9300000000001,4,2,3,9,New Customers
22674,178,1,573.6342,3,2,3,8,Potential Loyalists
22675,104,1,675.94,4,2,3,9,New Customers
22676,307,1,57.98,1,2,1,4,Lost Customers
22677,46,1,25.96,5,2,1,8,New Customers
22678,164,1,652.6242,3,2,3,8,Potential Loyalists
22679,119,1,632.0173,3,2,3,8,Potential Loyalists
22680,40,1,649.3057,5,2,3,10,New Customers
22681,200,1,172.8826,2,2,3,7,Can't Lose Them
22683,223,1,91.5081,2,2,2,6,Lost Customers
22684,31,1,565.9226,5,2,3,10,New Customers
22685,155,1,628.5842,3,2,3,8,Potential Loyalists
22686,291,1,1158.7432,1,2,4,7,Can't Lose Them
22688,155,1,46.96,3,2,1,6,Potential Loyalists
22689,74,1,557.97,4,2,3,9,New Customers
22690,64,1,2265.7767,4,2,4,10,Potential Loyalists
22691,72,1,2204.5325,4,2,4,10,Potential Loyalists
22692,43,1,2280.1668,5,2,4,11,Potential Loyalists
22693,328,1,1754.98,1,2,4,7,Can't Lose Them
22695,292,1,1054.4275,1,2,4,7,Can't Lose Them
22696,43,1,101.60419999999999,5,2,2,9,New Customers
22697,296,1,150.0073,1,2,3,6,Can't Lose Them
22698,258,1,101.60419999999999,1,2,2,5,Lost Customers
22699,35,1,162.99,5,2,3,10,New Customers
22700,162,1,10.86,3,2,1,6,Potential Loyalists
22701,176,1,61.97,3,2,2,7,Potential Loyalists
22702,45,1,57.98,5,2,1,8,New Customers
22704,195,1,83.86,2,2,2,6,Lost Customers
22705,319,1,41.6242,1,2,1,4,Lost Customers
22707,138,1,81.9799,3,2,2,7,Potential Loyalists
22708,109,1,122.95,4,2,3,9,New Customers
22709,106,1,57.98,4,2,1,7,New Customers
22710,253,1,7.98,2,2,1,5,Lost Customers
22711,163,1,601.5942,3,2,3,8,Potential Loyalists
22712,69,1,573.6342,4,2,3,9,New Customers
22713,3,1,577.87,5,2,3,10,New Customers
22714,185,1,76.94,2,2,2,6,Lost Customers
22715,225,1,107.46000000000001,2,2,2,6,Lost Customers
22716,163,1,558.96,3,2,3,8,Potential Loyalists
22717,171,1,574.98,3,2,3,8,Potential Loyalists
22718,152,1,625.94,3,2,3,8,Potential Loyalists
22719,162,1,595.53,3,2,3,8,Potential Loyalists
22720,2,1,59.98,5,2,1,8,New Customers
22721,142,1,67.25999999999999,3,2,2,7,Potential Loyalists
22722,160,1,585.2384,3,2,3,8,Potential Loyalists
22723,90,1,74.96000000000001,4,2,2,8,New Customers
22724,152,1,108.5942,3,2,2,7,Potential Loyalists
22725,146,1,77.96,3,2,2,7,Potential Loyalists
22726,0,1,59.98,5,2,1,8,New Customers
22727,265,1,39.97,1,2,1,4,Lost Customers
22728,306,1,179.86,1,2,3,6,Can't Lose Them
22729,265,1,103.60419999999999,1,2,2,5,Lost Customers
22730,117,1,9.98,3,2,1,6,Potential Loyalists
22731,171,1,134.94,3,2,3,8,Potential Loyalists
22732,23,1,579.94,5,2,3,10,New Customers
22733,176,1,557.97,3,2,3,8,Potential Loyalists
22735,239,1,64.97,2,2,2,6,Lost Customers
22736,290,1,89.97,1,2,2,5,Lost Customers
22737,197,1,210.44,2,2,3,7,Can't Lose Them
22738,73,1,123.02730000000001,4,2,3,9,New Customers
22739,317,1,14.56,1,2,1,4,Lost Customers
22740,51,1,59.98,5,2,1,8,New Customers
22741,278,1,69.96,1,2,2,5,Lost Customers
22742,298,1,138.89000000000001,1,2,3,6,Can't Lose Them
22743,301,1,139.8526,1,2,3,6,Can't Lose Them
22744,89,1,74.0842,4,2,2,8,New Customers
22745,293,1,616.9200000000001,1,2,3,6,Can't Lose Them
22746,163,1,80.46,3,2,2,7,Potential Loyalists
22747,256,1,32.28,2,2,1,5,Lost Customers
22748,1,2,4198.23,5,5,5,15,Champions
22749,169,1,604.45,3,2,3,8,Potential Loyalists
22750,71,1,59.98,4,2,1,7,New Customers
22751,197,1,167.1042,2,2,3,7,Can't Lose Them
22752,223,1,64.56,2,2,2,6,Lost Customers
22753,151,1,749.95,3,2,3,8,Potential Loyalists
22754,107,1,203.96,4,2,3,9,New Customers
22755,16,1,9.98,5,2,1,8,New Customers
22756,240,1,103.60419999999999,2,2,2,6,Lost Customers
22758,267,1,589.2384,1,2,3,6,Can't Lose Them
22759,192,1,74.53999999999999,2,2,2,6,Lost Customers
22760,251,1,557.97,2,2,3,7,Can't Lose Them
22761,101,1,98.6142,4,2,2,8,New Customers
22762,91,1,150.7004,4,2,3,9,New Customers
22763,80,1,103.60419999999999,4,2,2,8,New Customers
22764,116,1,89.97,3,2,2,7,Potential Loyalists
22765,109,2,5994.88,4,5,5,14,Champions
22766,221,1,59.98,2,2,1,5,Lost Customers
22767,277,1,103.60419999999999,1,2,2,5,Lost Customers
22768,252,1,624.5942,2,2,3,7,Can't Lose Them
22769,202,1,59.98,2,2,1,5,Lost Customers
22770,160,1,539.99,3,2,3,8,Potential Loyalists
22772,279,1,9.98,1,2,1,4,Lost Customers
22773,60,1,267.93,4,2,3,9,New Customers
22774,3,1,89.97,5,2,2,9,New Customers
22775,177,1,44.55,3,2,1,6,Potential Loyalists
22776,211,1,103.60419999999999,2,2,2,6,Lost Customers
22777,205,1,223.97,2,2,3,7,Can't Lose Them
22778,247,1,746.55,2,2,3,7,Can't Lose Them
22780,250,1,746.55,2,2,3,7,Can't Lose Them
22782,158,1,593.83,3,2,3,8,Potential Loyalists
22783,110,1,99.96,4,2,2,8,New Customers
22784,172,1,587.0862,3,2,3,8,Potential Loyalists
22785,360,2,5775.7325,1,5,5,11,At Risk
22786,56,1,72.25,4,2,2,8,New Customers
22787,175,1,667.4300000000001,3,2,3,8,Potential Loyalists
22788,167,1,612.0173,3,2,3,8,Potential Loyalists
22789,163,1,574.98,3,2,3,8,Potential Loyalists
22790,155,1,573.6342,3,2,3,8,Potential Loyalists
22791,248,1,604.45,2,2,3,7,Can't Lose Them
22792,140,1,104.95,3,2,2,7,Potential Loyalists
22793,95,1,103.60419999999999,4,2,2,8,New Customers
22794,298,1,81.84,1,2,2,5,Lost Customers
22795,309,1,72.61420000000001,1,2,2,5,Lost Customers
22796,225,1,53.614200000000004,2,2,1,5,Lost Customers
22797,8,1,2094.0382,5,2,4,11,Potential Loyalists
22799,35,1,69.96,5,2,2,9,New Customers
22800,20,1,2116.3996,5,2,4,11,Potential Loyalists
22801,106,1,9.98,4,2,1,7,New Customers
22803,8,1,2117.7424,5,2,4,11,Potential Loyalists
22805,22,1,7.98,5,2,1,8,New Customers
22806,74,1,42.97,4,2,1,7,New Customers
22808,342,1,2216.5525,1,2,4,7,Can't Lose Them
22810,6,1,2105.0638000000004,5,2,4,11,Potential Loyalists
22812,135,1,34.57,3,2,1,6,Potential Loyalists
22813,62,1,146.6815,4,2,3,9,New Customers
22814,278,1,14.97,1,2,1,4,Lost Customers
22815,121,1,25.96,3,2,1,6,Potential Loyalists
22816,15,1,2157.2965999999997,5,2,4,11,Potential Loyalists
22817,15,1,2196.2722000000003,5,2,4,11,Potential Loyalists
22818,332,1,130.91,1,2,3,6,Can't Lose Them
22819,133,1,103.60419999999999,3,2,2,7,Potential Loyalists
22821,203,1,45.6142,2,2,1,5,Lost Customers
22822,361,1,2214.1625,1,2,4,7,Can't Lose Them
22823,109,1,87.94,4,2,2,8,New Customers
22824,14,1,2079.0681999999997,5,2,4,11,Potential Loyalists
22825,113,1,120.89259999999999,3,2,2,7,Potential Loyalists
22826,287,1,69.96,1,2,2,5,Lost Customers
22827,203,1,93.03730000000002,2,2,2,6,Lost Customers
22828,347,1,2205.4125,1,2,4,7,Can't Lose Them
22829,23,1,9.98,5,2,1,8,New Customers
22830,1,1,28.46,5,2,1,8,New Customers
22831,240,1,44.97,2,2,1,5,Lost Customers
22832,289,1,40.9026,1,2,1,4,Lost Customers
22833,66,1,57.0762,4,2,1,7,New Customers
22834,113,1,25.2684,3,2,1,6,Potential Loyalists
22835,288,1,41.6242,1,2,1,4,Lost Customers
22836,20,1,2094.0782,5,2,4,11,Potential Loyalists
22837,107,1,103.60419999999999,4,2,2,8,New Customers
22838,162,1,59.98,3,2,1,6,Potential Loyalists
22839,325,1,78.5,1,2,2,5,Lost Customers
22840,68,1,41.87,4,2,1,7,New Customers
22841,297,1,35.0,1,2,1,4,Lost Customers
22842,193,1,136.0362,2,2,3,7,Can't Lose Them
22843,259,1,62.96,1,2,2,5,Lost Customers
22844,271,1,44.980000000000004,1,2,1,4,Lost Customers
22845,2,2,4381.105,5,5,5,15,Champions
22846,331,1,78.6242,1,2,2,5,Lost Customers
22847,230,1,39.58,2,2,1,5,Lost Customers
22848,325,1,44.980000000000004,1,2,1,4,Lost Customers
22849,19,1,65.46000000000001,5,2,2,9,New Customers
22850,10,2,4395.725,5,5,5,15,Champions
22851,26,2,4379.025,5,5,5,15,Champions
22852,38,1,44.980000000000004,5,2,1,8,New Customers
22853,214,1,44.980000000000004,2,2,1,5,Lost Customers
22854,10,2,4396.769200000001,5,5,5,15,Champions
22855,30,1,106.92,5,2,2,9,New Customers
22856,155,1,4.99,3,2,1,6,Potential Loyalists
22857,22,2,4624.9125,5,5,5,15,Champions
22859,165,1,9.98,3,2,1,6,Potential Loyalists
22860,3,2,4410.575,5,5,5,15,Champions
22862,152,1,539.99,3,2,3,8,Potential Loyalists
22863,252,1,29.99,2,2,1,5,Lost Customers
22864,157,1,611.4,3,2,3,8,Potential Loyalists
22865,87,1,74.53999999999999,4,2,2,8,New Customers
22866,277,1,12.56,1,2,1,4,Lost Customers
22867,149,1,45.6142,3,2,1,6,Potential Loyalists
22868,15,1,67.96,5,2,2,9,New Customers
22869,100,1,43.6242,4,2,1,7,New Customers
22870,247,1,106.5942,2,2,2,6,Lost Customers
22871,156,1,582.97,3,2,3,8,Potential Loyalists
22872,162,1,539.99,3,2,3,8,Potential Loyalists
22873,159,1,539.99,3,2,3,8,Potential Loyalists
22874,250,1,557.2784,2,2,3,7,Can't Lose Them
22875,258,1,583.8100000000001,1,2,3,6,Can't Lose Them
22876,253,1,573.6342,2,2,3,7,Can't Lose Them
22877,79,2,5962.34,4,5,5,14,Champions
22878,262,1,567.95,1,2,3,6,Can't Lose Them
22879,257,1,580.2484000000001,1,2,3,6,Can't Lose Them
22880,244,1,557.97,2,2,3,7,Can't Lose Them
22881,40,2,5997.33,5,5,5,15,Champions
22882,123,1,171.08350000000002,3,2,3,8,Potential Loyalists
22883,281,1,59.98,1,2,1,4,Lost Customers
22884,2,1,69.96,5,2,2,9,New Customers
22885,272,1,557.97,1,2,3,6,Can't Lose Them
22886,255,1,620.7304,2,2,3,7,Can't Lose Them
22887,244,1,638.5943,2,2,3,7,Can't Lose Them
22888,245,1,539.99,2,2,3,7,Can't Lose Them
22889,33,2,5979.6284,5,5,5,15,Champions
22890,49,1,103.60419999999999,5,2,2,9,New Customers
22891,229,1,104.95,2,2,2,6,Lost Customers
22892,124,1,561.48,3,2,3,8,Potential Loyalists
22893,317,2,5797.0125,1,5,5,11,At Risk
22894,295,1,64.56,1,2,2,5,Lost Customers
22895,333,2,5775.7325,1,5,5,11,At Risk
22896,270,1,624.5942,1,2,3,6,Can't Lose Them
22897,233,1,574.86,2,2,3,7,Can't Lose Them
22898,239,1,539.99,2,2,3,7,Can't Lose Them
22899,241,1,625.94,2,2,3,7,Can't Lose Them
22900,225,1,539.99,2,2,3,7,Can't Lose Them
22901,52,2,5970.984200000001,4,5,5,14,Champions
22902,98,1,64.56,4,2,2,8,New Customers
22903,242,2,5792.4325,2,5,5,12,At Risk
22904,5,2,4500.849200000001,5,5,5,15,Champions
22905,3,2,4363.125,5,5,5,15,Champions
22906,28,2,4363.125,5,5,5,15,Champions
22907,35,2,4194.32,5,5,5,15,Champions
22908,22,2,4399.715,5,5,5,15,Champions
22909,53,2,3978.8309,4,5,5,14,Champions
22910,41,2,3882.5525,5,5,5,15,Champions
22911,123,1,48.6142,3,2,1,6,Potential Loyalists
22912,3,2,4398.115,5,5,5,15,Champions
22913,23,2,4443.865400000001,5,5,5,15,Champions
22914,267,1,64.97,1,2,2,5,Lost Customers
22915,183,1,27.96,2,2,1,5,Lost Customers
22916,109,1,63.97,4,2,2,8,New Customers
22917,299,1,9.98,1,2,1,4,Lost Customers
22918,83,1,9.98,4,2,1,7,New Customers
22919,137,1,63.97,3,2,2,7,Potential Loyalists
22920,32,1,118.92000000000002,5,2,2,9,New Customers
22921,4,2,4390.7392,5,5,5,15,Champions
22922,153,1,82.95,3,2,2,7,Potential Loyalists
22923,0,1,43.96,5,2,1,8,New Customers
22924,319,1,159.88,1,2,3,6,Can't Lose Them
22925,116,1,178.8426,3,2,3,8,Potential Loyalists
22926,11,2,3936.5425,5,5,5,15,Champions
22927,10,2,3924.0924999999997,5,5,5,15,Champions
22928,197,1,63.97,2,2,2,6,Lost Customers
22929,25,2,4424.7292,5,5,5,15,Champions
22930,1,2,4666.8525,5,5,5,15,Champions
22931,342,2,3882.5525,1,5,5,11,At Risk
22932,347,2,4194.32,1,5,5,11,At Risk
22933,24,2,3916.1967,5,5,5,15,Champions
22934,17,2,4202.3,5,5,5,15,Champions
22935,25,2,3965.5025,5,5,5,15,Champions
22936,15,2,3974.1567,5,5,5,15,Champions
22937,10,2,4177.9842,5,5,5,15,Champions
22938,17,2,4198.3099999999995,5,5,5,15,Champions
22939,16,2,3983.6387,5,5,5,15,Champions
22940,356,2,4215.618399999999,1,5,5,11,At Risk
22941,176,1,63.97,3,2,2,7,Potential Loyalists
22942,26,2,3970.1867,5,5,5,15,Champions
22943,12,2,4144.34,5,5,5,15,Champions
22944,234,1,95.71039999999999,2,2,2,6,Lost Customers
22945,282,1,25.880000000000003,1,2,1,4,Lost Customers
22946,308,2,3915.5225,1,5,5,11,At Risk
22947,299,1,97.95,1,2,2,5,Lost Customers
22948,240,1,44.97,2,2,1,5,Lost Customers
22949,253,1,70.0473,2,2,2,6,Lost Customers
22950,328,2,3916.1967,1,5,5,11,At Risk
22951,279,2,4250.6084,1,5,5,11,At Risk
22952,307,1,43.6242,1,2,1,4,Lost Customers
22953,276,2,3916.4325,1,5,5,11,At Risk
22954,279,2,4179.33,1,5,5,11,At Risk
22955,123,1,27.2684,3,2,1,6,Potential Loyalists
22957,138,1,44.97,3,2,1,6,Potential Loyalists
22958,6,2,4266.27,5,5,5,15,Champions
22960,101,1,9.98,4,2,1,7,New Customers
22961,278,2,3899.8409,1,5,5,11,At Risk
22962,211,1,43.6242,2,2,1,5,Lost Customers
22963,279,1,63.97,1,2,2,5,Lost Customers
22964,214,1,123.97999999999999,2,2,3,7,Can't Lose Them
22965,98,1,9.57,4,2,1,7,New Customers
22966,253,2,3916.1967,2,5,5,12,At Risk
22967,125,1,84.95,3,2,2,7,Potential Loyalists
22968,216,1,64.56,2,2,2,6,Lost Customers
22970,315,1,116.5942,1,2,2,5,Lost Customers
22971,903,1,3578.27,1,2,5,8,Can't Lose Them
22972,213,1,539.99,2,2,3,7,Can't Lose Them
22973,0,1,19.55,5,2,1,8,New Customers
22974,279,1,14.56,1,2,1,4,Lost Customers
22975,906,1,3578.27,1,2,5,8,Can't Lose Them
22976,33,2,5979.6284,5,5,5,15,Champions
22977,214,1,98.6142,2,2,2,6,Lost Customers
22979,52,1,93.5942,4,2,2,8,New Customers
22980,325,1,89.97,1,2,2,5,Lost Customers
22981,16,1,148.91,5,2,3,10,New Customers
22983,159,1,14.56,3,2,1,6,Potential Loyalists
22984,8,1,69.96,5,2,2,9,New Customers
22985,88,1,161.0162,4,2,3,9,New Customers
22986,164,2,2755.1967,3,5,4,12,Loyal Customers
22987,23,2,3964.6387,5,5,5,15,Champions
22988,22,2,4192.4073,5,5,5,15,Champions
22989,225,1,103.60419999999999,2,2,2,6,Lost Customers
22990,247,1,59.98,2,2,1,5,Lost Customers
22991,207,1,69.96,2,2,2,6,Lost Customers
22993,124,1,565.47,3,2,3,8,Potential Loyalists
22994,123,1,539.99,3,2,3,8,Potential Loyalists
22995,181,2,5807.2825,2,5,5,12,At Risk
22996,186,2,5783.7925,2,5,5,12,At Risk
22997,131,1,612.95,3,2,3,8,Potential Loyalists
22998,364,2,5327.3273,1,5,5,11,At Risk
22999,148,1,576.94,3,2,3,8,Potential Loyalists
23001,82,1,74.53999999999999,4,2,2,8,New Customers
23002,259,1,159.33999999999997,1,2,3,6,Can't Lose Them
23003,249,1,66.85,2,2,2,6,Lost Customers
23004,59,1,121.93,4,2,2,8,New Customers
23005,251,1,64.56,2,2,2,6,Lost Customers
23006,59,1,82.0462,4,2,2,8,New Customers
23007,265,1,29.96,1,2,1,4,Lost Customers
23008,225,1,64.97,2,2,2,6,Lost Customers
23009,22,1,14.56,5,2,1,8,New Customers
23010,59,1,90.7204,4,2,2,8,New Customers
23011,180,1,24.97,2,2,1,5,Lost Customers
23012,112,1,9.98,3,2,1,6,Potential Loyalists
23013,190,1,12.940000000000001,2,2,1,5,Lost Customers
23014,141,1,27.2684,3,2,1,6,Potential Loyalists
23015,136,1,587.55,3,2,3,8,Potential Loyalists
23016,144,1,604.46,3,2,3,8,Potential Loyalists
23017,136,1,566.0600000000001,3,2,3,8,Potential Loyalists
23018,127,1,630.9300000000001,3,2,3,8,Potential Loyalists
23019,226,1,655.0262,2,2,3,7,Can't Lose Them
23021,135,1,587.0862,3,2,3,8,Potential Loyalists
23022,217,1,16.85,2,2,1,5,Lost Customers
23023,277,1,64.56,1,2,2,5,Lost Customers
23024,228,1,156.9973,2,2,3,7,Can't Lose Them
23025,121,1,29.99,3,2,1,6,Potential Loyalists
23026,129,1,603.49,3,2,3,8,Potential Loyalists
23027,139,1,72.25,3,2,2,7,Potential Loyalists
23028,125,1,625.94,3,2,3,8,Potential Loyalists
23029,268,1,160.43,1,2,3,6,Can't Lose Them
23030,120,1,59.98,3,2,1,6,Potential Loyalists
23031,133,1,103.60419999999999,3,2,2,7,Potential Loyalists
23032,131,1,565.9226,3,2,3,8,Potential Loyalists
23033,131,1,610.5842,3,2,3,8,Potential Loyalists
23034,128,1,539.99,3,2,3,8,Potential Loyalists
23035,135,1,592.84,3,2,3,8,Potential Loyalists
23036,133,1,675.6804,3,2,3,8,Potential Loyalists
23038,228,1,587.0862,2,2,3,7,Can't Lose Them
23039,225,1,582.97,2,2,3,7,Can't Lose Them
23040,217,1,616.4300000000001,2,2,3,7,Can't Lose Them
23041,138,1,582.97,3,2,3,8,Potential Loyalists
23042,137,1,593.0081,3,2,3,8,Potential Loyalists
23043,8,1,59.98,5,2,1,8,New Customers
23044,262,1,104.53,1,2,2,5,Lost Customers
23045,195,1,69.96,2,2,2,6,Lost Customers
23046,314,1,74.53999999999999,1,2,2,5,Lost Customers
23048,240,1,101.03620000000001,2,2,2,6,Lost Customers
23049,300,1,69.96,1,2,2,5,Lost Customers
23050,326,1,134.94,1,2,3,6,Can't Lose Them
23052,145,1,59.98,3,2,1,6,Potential Loyalists
23054,166,1,59.98,3,2,1,6,Potential Loyalists
23055,129,1,139.93,3,2,3,8,Potential Loyalists
23056,133,1,622.0762,3,2,3,8,Potential Loyalists
23057,6,2,6019.532300000001,5,5,5,15,Champions
23058,149,1,602.94,3,2,3,8,Potential Loyalists
23059,139,1,624.5942,3,2,3,8,Potential Loyalists
23060,210,1,168.88,2,2,3,7,Can't Lose Them
23061,292,1,89.97,1,2,2,5,Lost Customers
23062,76,1,181.6615,4,2,3,9,New Customers
23063,12,1,74.53999999999999,5,2,2,9,New Customers
23064,260,1,59.98,1,2,1,4,Lost Customers
23065,186,1,108.5942,2,2,2,6,Lost Customers
23066,238,1,631.45,2,2,3,7,Can't Lose Them
23067,210,1,118.0273,2,2,2,6,Lost Customers
23068,47,1,74.53999999999999,5,2,2,9,New Customers
23069,316,1,103.60419999999999,1,2,2,5,Lost Customers
23070,327,1,9.98,1,2,1,4,Lost Customers
23071,202,1,64.56,2,2,2,6,Lost Customers
23072,250,1,74.53999999999999,2,2,2,6,Lost Customers
23073,133,1,539.99,3,2,3,8,Potential Loyalists
23074,22,2,6044.4262,5,5,5,15,Champions
23075,236,1,587.55,2,2,3,7,Can't Lose Them
23076,3,1,59.98,5,2,1,8,New Customers
23077,279,1,14.56,1,2,1,4,Lost Customers
23078,173,1,30.46,3,2,1,6,Potential Loyalists
23079,173,1,14.56,3,2,1,6,Potential Loyalists
23080,225,1,565.9226,2,2,3,7,Can't Lose Them
23081,146,1,622.94,3,2,3,8,Potential Loyalists
23082,142,1,603.49,3,2,3,8,Potential Loyalists
23083,145,1,121.78,3,2,2,7,Potential Loyalists
23084,191,1,39.980000000000004,2,2,1,5,Lost Customers
23085,72,1,16.85,4,2,1,7,New Customers
23086,278,1,17.93,1,2,1,4,Lost Customers
23087,121,1,43.6242,3,2,1,6,Potential Loyalists
23088,322,1,94.55,1,2,2,5,Lost Customers
23089,291,1,44.55,1,2,1,4,Lost Customers
23090,127,1,74.53999999999999,3,2,2,7,Potential Loyalists
23091,34,1,119.8926,5,2,2,9,New Customers
23092,185,1,29.99,2,2,1,5,Lost Customers
23094,244,1,80.87,2,2,2,6,Lost Customers
23095,192,1,9.98,2,2,1,5,Lost Customers
23096,242,1,14.56,2,2,1,5,Lost Customers
23097,150,2,2798.4825,3,5,5,13,Loyal Customers
23098,154,2,2769.1125,3,5,4,12,Loyal Customers
23099,166,2,2983.34,3,5,5,13,Loyal Customers
23100,168,2,3033.19,3,5,5,13,Loyal Customers
23101,162,2,2831.5987,3,5,5,13,Loyal Customers
23102,165,2,2747.4851,3,5,4,12,Loyal Customers
23103,224,1,107.46000000000001,2,2,2,6,Lost Customers
23104,341,2,3373.97,1,5,5,11,At Risk
23105,360,2,3262.7404,1,5,5,11,At Risk
23106,254,2,4000.2429,2,5,5,12,At Risk
23107,254,2,3905.5225,2,5,5,12,At Risk
23108,135,1,64.56,3,2,2,7,Potential Loyalists
23109,313,1,74.53999999999999,1,2,2,5,Lost Customers
23110,215,1,539.99,2,2,3,7,Can't Lose Them
23111,213,1,576.94,2,2,3,7,Can't Lose Them
23112,232,1,582.97,2,2,3,7,Can't Lose Them
23113,25,2,5995.984200000001,5,5,5,15,Champions
23115,300,1,99.95,1,2,2,5,Lost Customers
23116,245,2,3936.5425,2,5,5,12,At Risk
23117,251,2,3958.1367,2,5,5,12,At Risk
23118,215,2,3945.0924999999997,2,5,5,12,At Risk
23119,215,2,3953.8309,2,5,5,12,At Risk
23120,223,2,4144.34,2,5,5,12,At Risk
23121,218,2,4144.34,2,5,5,12,At Risk
23122,150,1,22.278399999999998,3,2,1,6,Potential Loyalists
23123,55,1,43.6242,4,2,1,7,New Customers
23125,148,1,603.49,3,2,3,8,Potential Loyalists
23126,18,1,88.15,5,2,2,9,New Customers
23127,230,1,590.95,2,2,3,7,Can't Lose Them
23128,183,1,43.6242,2,2,1,5,Lost Customers
23129,235,1,9.98,2,2,1,5,Lost Customers
23130,314,1,64.56,1,2,2,5,Lost Customers
23131,88,1,89.97,4,2,2,8,New Customers
23132,285,1,228.16,1,2,3,6,Can't Lose Them
23133,119,1,128.6042,3,2,3,8,Potential Loyalists
23134,49,1,43.6242,5,2,1,8,New Customers
23135,122,1,567.95,3,2,3,8,Potential Loyalists
23136,113,1,573.6342,3,2,3,8,Potential Loyalists
23137,278,2,5312.9042,1,5,5,11,At Risk
23138,97,1,620.7304,4,2,3,9,New Customers
23139,204,1,572.94,2,2,3,7,Can't Lose Them
23140,314,1,68.97,1,2,2,5,Lost Customers
23141,106,1,603.49,4,2,3,9,New Customers
23142,106,1,581.82,4,2,3,9,New Customers
23143,198,1,566.0600000000001,2,2,3,7,Can't Lose Them
23144,205,1,557.2784,2,2,3,7,Can't Lose Them
23145,184,1,574.98,2,2,3,7,Can't Lose Them
23146,96,1,603.49,4,2,3,9,New Customers
23147,44,1,194.54,5,2,3,10,New Customers
23148,192,1,539.99,2,2,3,7,Can't Lose Them
23149,120,1,62.269999999999996,3,2,2,7,Potential Loyalists
23150,22,1,97.7484,5,2,2,9,New Customers
23151,191,1,626.9300000000001,2,2,3,7,Can't Lose Them
23152,52,1,72.25,4,2,2,8,New Customers
23153,281,1,74.95,1,2,2,5,Lost Customers
23154,196,1,566.0600000000001,2,2,3,7,Can't Lose Them
23155,200,1,622.94,2,2,3,7,Can't Lose Them
23156,184,1,639.2284,2,2,3,7,Can't Lose Them
23157,134,1,108.5942,3,2,2,7,Potential Loyalists
23158,186,1,620.7304,2,2,3,7,Can't Lose Them
23159,95,1,562.6142,4,2,3,9,New Customers
23160,102,1,678.96,4,2,3,9,New Customers
23161,119,1,574.98,3,2,3,8,Potential Loyalists
23162,106,1,587.55,4,2,3,9,New Customers
23163,102,1,624.5942,4,2,3,9,New Customers
23164,318,2,4821.08,1,5,5,11,At Risk
23165,197,1,557.97,2,2,3,7,Can't Lose Them
23166,192,1,573.87,2,2,3,7,Can't Lose Them
23167,97,1,539.99,4,2,3,9,New Customers
23168,117,1,539.99,3,2,3,8,Potential Loyalists
23169,97,1,706.96,4,2,3,9,New Customers
23170,116,1,574.98,3,2,3,8,Potential Loyalists
23171,234,1,152.6042,2,2,3,7,Can't Lose Them
23172,321,2,4825.66,1,5,5,11,At Risk
23173,209,1,596.6042,2,2,3,7,Can't Lose Them
23174,116,1,563.95,3,2,3,8,Potential Loyalists
23175,114,1,621.7484,3,2,3,8,Potential Loyalists
23176,181,1,539.99,2,2,3,7,Can't Lose Them
23177,199,1,563.95,2,2,3,7,Can't Lose Them
23178,189,1,539.99,2,2,3,7,Can't Lose Them
23179,211,1,539.99,2,2,3,7,Can't Lose Them
23180,181,1,214.55,2,2,3,7,Can't Lose Them
23181,161,1,602.94,3,2,3,8,Potential Loyalists
23183,176,1,557.97,3,2,3,8,Potential Loyalists
23184,213,1,60.45,2,2,2,6,Lost Customers
23185,95,1,649.6615,4,2,3,9,New Customers
23186,91,1,557.97,4,2,3,9,New Customers
23187,101,1,574.98,4,2,3,9,New Customers
23188,304,1,151.6715,1,2,3,6,Can't Lose Them
23189,118,1,625.94,3,2,3,8,Potential Loyalists
23190,32,1,29.96,5,2,1,8,New Customers
23191,165,1,69.96,3,2,2,7,Potential Loyalists
23192,114,1,64.56,3,2,2,7,Potential Loyalists
23193,185,1,66.85,2,2,2,6,Lost Customers
23194,53,1,103.60419999999999,4,2,2,8,New Customers
23195,166,1,649.6615,3,2,3,8,Potential Loyalists
23196,204,1,43.6242,2,2,1,5,Lost Customers
23197,150,1,77.96,3,2,2,7,Potential Loyalists
23198,270,1,74.95,1,2,2,5,Lost Customers
23199,164,1,90.44,3,2,2,7,Potential Loyalists
23200,204,1,147.5642,2,2,3,7,Can't Lose Them
23201,136,1,29.99,3,2,1,6,Potential Loyalists
23202,54,1,62.269999999999996,4,2,2,8,New Customers
23203,65,1,104.95,4,2,2,8,New Customers
23204,153,1,567.6042,3,2,3,8,Potential Loyalists
23205,232,1,103.60419999999999,2,2,2,6,Lost Customers
23206,145,1,103.60419999999999,3,2,2,7,Potential Loyalists
23207,142,1,59.98,3,2,1,6,Potential Loyalists
23208,148,1,64.97,3,2,2,7,Potential Loyalists
23209,318,2,4819.0526,1,5,5,11,At Risk
23210,67,1,572.94,4,2,3,9,New Customers
23211,76,1,592.96,4,2,3,9,New Customers
23212,35,1,59.98,5,2,1,8,New Customers
23213,67,1,631.45,4,2,3,9,New Customers
23214,70,1,627.6242,4,2,3,9,New Customers
23215,96,1,104.91,4,2,2,8,New Customers
23216,152,1,648.6904,3,2,3,8,Potential Loyalists
23217,177,1,587.55,3,2,3,8,Potential Loyalists
23218,13,1,42.97,5,2,1,8,New Customers
23219,247,1,43.6242,2,2,1,5,Lost Customers
23220,276,1,1054.4275,1,2,4,7,Can't Lose Them
23221,167,1,38.980000000000004,3,2,1,6,Potential Loyalists
23222,90,1,573.6342,4,2,3,9,New Customers
23223,315,1,1034.0817,1,2,3,6,Can't Lose Them
23224,328,1,1071.7159,1,2,4,7,Can't Lose Them
23225,322,1,1067.0517,1,2,4,7,Can't Lose Them
23226,165,1,602.94,3,2,3,8,Potential Loyalists
23227,89,1,618.8826,4,2,3,9,New Customers
23228,271,1,73.3357,1,2,2,5,Lost Customers
23229,81,1,55.0762,4,2,1,7,New Customers
23230,275,1,1034.0817,1,2,3,6,Can't Lose Them
23231,80,1,604.9026,4,2,3,9,New Customers
23232,265,1,1000.4375,1,2,3,6,Can't Lose Them
23233,2,1,653.0073,5,2,3,10,New Customers
23234,362,1,2215.2067,1,2,4,7,Can't Lose Them
23235,326,1,39.980000000000004,1,2,1,4,Lost Customers
23236,121,1,14.56,3,2,1,6,Potential Loyalists
23237,308,1,101.60419999999999,1,2,2,5,Lost Customers
23238,172,1,631.45,3,2,3,8,Potential Loyalists
23239,166,1,539.99,3,2,3,8,Potential Loyalists
23240,93,1,103.60419999999999,4,2,2,8,New Customers
23241,197,1,108.5942,2,2,2,6,Lost Customers
23242,161,1,567.95,3,2,3,8,Potential Loyalists
23244,228,1,38.6342,2,2,1,5,Lost Customers
23245,188,1,44.97,2,2,1,5,Lost Customers
23246,133,1,66.85,3,2,2,7,Potential Loyalists
23247,47,1,137.92000000000002,5,2,3,10,New Customers
23248,101,1,58.614200000000004,4,2,1,7,New Customers
23249,327,1,63.6042,1,2,2,5,Lost Customers
23250,95,1,74.97,4,2,2,8,New Customers
23251,285,1,53.6242,1,2,1,4,Lost Customers
23252,313,1,24.97,1,2,1,4,Lost Customers
23253,171,1,43.6242,3,2,1,6,Potential Loyalists
23254,307,1,29.97,1,2,1,4,Lost Customers
23255,308,1,38.6342,1,2,1,4,Lost Customers
23256,99,1,112.0462,4,2,2,8,New Customers
23257,167,1,539.99,3,2,3,8,Potential Loyalists
23258,188,1,29.96,2,2,1,5,Lost Customers
23259,48,1,58.6042,5,2,1,8,New Customers
23260,66,1,131.0462,4,2,3,9,New Customers
23261,170,1,92.9,3,2,2,7,Potential Loyalists
23262,76,1,63.6042,4,2,2,8,New Customers
23263,134,1,47.248400000000004,3,2,1,6,Potential Loyalists
23264,159,1,539.99,3,2,3,8,Potential Loyalists
23265,176,1,576.94,3,2,3,8,Potential Loyalists
23266,167,1,607.0273,3,2,3,8,Potential Loyalists
23267,283,2,4876.07,1,5,5,11,At Risk
23268,159,1,574.04,3,2,3,8,Potential Loyalists
23269,153,1,574.98,3,2,3,8,Potential Loyalists
23270,147,1,631.45,3,2,3,8,Potential Loyalists
23271,141,1,63.6042,3,2,2,7,Potential Loyalists
23272,280,1,53.5081,1,2,1,4,Lost Customers
23274,303,1,74.94,1,2,2,5,Lost Customers
23275,52,1,83.95,4,2,2,8,New Customers
23276,169,1,2401.3584,3,2,4,9,Potential Loyalists
23277,326,1,45.86,1,2,1,4,Lost Customers
23278,196,1,9.99,2,2,1,5,Lost Customers
23279,61,1,134.97,4,2,3,9,New Customers
23280,234,1,29.96,2,2,1,5,Lost Customers
23281,279,2,4826.7642,1,5,5,11,At Risk
23282,240,1,74.53999999999999,2,2,2,6,Lost Customers
23283,254,2,4826.7642,2,5,5,12,At Risk
23284,157,1,43.6242,3,2,1,6,Potential Loyalists
23286,163,1,59.98,3,2,1,6,Potential Loyalists
23287,148,1,622.94,3,2,3,8,Potential Loyalists
23288,147,1,77.96,3,2,2,7,Potential Loyalists
23289,317,1,69.96,1,2,2,5,Lost Customers
23292,150,1,64.97,3,2,2,7,Potential Loyalists
23293,118,1,184.56,3,2,3,8,Potential Loyalists
23294,209,1,104.53,2,2,2,6,Lost Customers
23295,106,1,99.95,4,2,2,8,New Customers
23296,127,1,600.2584,3,2,3,8,Potential Loyalists
23297,116,1,74.53999999999999,3,2,2,7,Potential Loyalists
23298,103,1,103.60419999999999,4,2,2,8,New Customers
23299,304,1,59.98,1,2,1,4,Lost Customers
23300,253,1,167.1042,2,2,3,7,Can't Lose Them
23301,12,1,135.89999999999998,5,2,3,10,New Customers
23302,131,1,572.94,3,2,3,8,Potential Loyalists
23303,65,1,74.53999999999999,4,2,2,8,New Customers
23304,90,1,79.53,4,2,2,8,New Customers
23305,237,1,14.56,2,2,1,5,Lost Customers
23306,261,2,4826.7642,1,5,5,11,At Risk
23307,230,1,80.87,2,2,2,6,Lost Customers
23308,20,1,9.98,5,2,1,8,New Customers
23309,291,1,64.97,1,2,2,5,Lost Customers
23310,354,2,3271.82,1,5,5,11,At Risk
23311,329,2,3215.6441999999997,1,5,5,11,At Risk
23312,113,1,27.2684,3,2,1,6,Potential Loyalists
23313,151,2,2953.0025,3,5,5,13,Loyal Customers
23314,163,2,2758.1567,3,5,4,12,Loyal Customers
23315,62,1,30.46,4,2,1,7,New Customers
23316,151,2,2857.6287,3,5,5,13,Loyal Customers
23317,99,1,43.6242,4,2,1,7,New Customers
23318,146,1,582.97,3,2,3,8,Potential Loyalists
23319,77,1,574.98,4,2,3,9,New Customers
23320,170,2,2739.5325000000003,3,5,4,12,Loyal Customers
23321,165,2,3074.8,3,5,5,13,Loyal Customers
23322,152,2,3064.0804,3,5,5,13,Loyal Customers
23323,152,2,2788.3125,3,5,5,13,Loyal Customers
23324,173,2,2739.5325000000003,3,5,4,12,Loyal Customers
23325,157,2,3011.3,3,5,5,13,Loyal Customers
23326,131,1,582.97,3,2,3,8,Potential Loyalists
23327,86,1,95.3157,4,2,2,8,New Customers
23328,123,1,2528.1162000000004,3,2,4,9,Potential Loyalists
23330,195,1,41.96,2,2,1,5,Lost Customers
23331,211,2,4144.34,2,5,5,12,At Risk
23332,189,2,4144.34,2,5,5,12,At Risk
23333,168,1,146.6815,3,2,3,8,Potential Loyalists
23334,149,1,567.95,3,2,3,8,Potential Loyalists
23335,70,1,62.269999999999996,4,2,2,8,New Customers
23336,290,1,34.57,1,2,1,4,Lost Customers
23337,91,1,59.98,4,2,1,7,New Customers
23338,132,1,595.53,3,2,3,8,Potential Loyalists
23339,140,1,573.6342,3,2,3,8,Potential Loyalists
23340,88,1,562.96,4,2,3,9,New Customers
23341,81,1,582.97,4,2,3,9,New Customers
23342,81,1,570.24,4,2,3,9,New Customers
23343,205,2,3936.5425,2,5,5,12,At Risk
23344,205,2,3882.5525,2,5,5,12,At Risk
23345,156,1,9.98,3,2,1,6,Potential Loyalists
23346,251,1,9.98,2,2,1,5,Lost Customers
23347,113,1,14.97,3,2,1,6,Potential Loyalists
23348,181,2,4189.5884,2,5,5,12,At Risk
23349,92,1,131.20839999999998,4,2,3,9,New Customers
23351,225,2,4826.7642,2,5,5,12,At Risk
23352,132,1,539.99,3,2,3,8,Potential Loyalists
23353,89,1,120.43,4,2,2,8,New Customers
23354,302,1,108.5942,1,2,2,5,Lost Customers
23355,142,1,603.49,3,2,3,8,Potential Loyalists
23356,142,1,601.5942,3,2,3,8,Potential Loyalists
23357,256,1,98.47999999999999,2,2,2,6,Lost Customers
23358,133,1,588.84,3,2,3,8,Potential Loyalists
23359,80,1,539.99,4,2,3,9,New Customers
23360,296,1,59.98,1,2,1,4,Lost Customers
23362,51,1,14.56,5,2,1,8,New Customers
23364,264,1,64.56,1,2,2,5,Lost Customers
23365,113,1,539.99,3,2,3,8,Potential Loyalists
23366,264,1,118.5,1,2,2,5,Lost Customers
23367,194,1,103.60419999999999,2,2,2,6,Lost Customers
23368,178,1,4.99,3,2,1,6,Potential Loyalists
23369,109,1,622.94,4,2,3,9,New Customers
23370,90,1,563.77,4,2,3,9,New Customers
23371,114,1,587.0862,3,2,3,8,Potential Loyalists
23372,119,1,567.95,3,2,3,8,Potential Loyalists
23373,97,1,582.97,4,2,3,9,New Customers
23374,77,1,602.94,4,2,3,9,New Customers
23375,66,1,587.0862,4,2,3,9,New Customers
23376,268,2,5312.9042,1,5,5,11,At Risk
23377,68,1,573.87,4,2,3,9,New Customers
23378,225,2,5359.1900000000005,2,5,5,12,At Risk
23379,214,1,39.95,2,2,1,5,Lost Customers
23380,276,1,98.6142,1,2,2,5,Lost Customers
23382,121,1,624.5942,3,2,3,8,Potential Loyalists
23383,114,1,620.6042,3,2,3,8,Potential Loyalists
23384,98,1,548.6342,4,2,3,9,New Customers
23385,230,2,4865.66,2,5,5,12,At Risk
23386,96,1,557.97,4,2,3,9,New Customers
23387,201,1,135.3157,2,2,3,7,Can't Lose Them
23388,22,1,98.6142,5,2,2,9,New Customers
23389,242,1,74.53999999999999,2,2,2,6,Lost Customers
23390,114,1,539.99,3,2,3,8,Potential Loyalists
23391,98,1,681.2284999999999,4,2,3,9,New Customers
23392,121,1,576.94,3,2,3,8,Potential Loyalists
23393,114,1,636.96,3,2,3,8,Potential Loyalists
23394,111,1,539.99,3,2,3,8,Potential Loyalists
23395,106,1,567.95,4,2,3,9,New Customers
23396,221,2,4890.2642,2,5,5,12,At Risk
23397,194,2,4826.7642,2,5,5,12,At Risk
23398,101,1,558.96,4,2,3,9,New Customers
23399,121,1,582.97,3,2,3,8,Potential Loyalists
23400,12,1,59.98,5,2,1,8,New Customers
23401,107,1,43.6242,4,2,1,7,New Customers
23402,305,1,59.98,1,2,1,4,Lost Customers
23403,98,1,567.95,4,2,3,9,New Customers
23404,99,1,621.7015,4,2,3,9,New Customers
23405,282,1,103.60419999999999,1,2,2,5,Lost Customers
23406,314,1,59.98,1,2,1,4,Lost Customers
23407,70,1,582.97,4,2,3,9,New Customers
23408,188,2,4239.5035,2,5,5,12,At Risk
23409,192,2,3916.1967,2,5,5,12,At Risk
23410,204,2,4030.5125,2,5,5,12,At Risk
23411,330,2,3462.7574999999997,1,5,5,11,At Risk
23412,311,2,3489.0359,1,5,5,11,At Risk
23413,303,2,3497.7774999999997,1,5,5,11,At Risk
23414,285,2,3270.98,1,5,5,11,At Risk
23415,278,2,3493.7675,1,5,5,11,At Risk
23416,301,2,3477.4317,1,5,5,11,At Risk
23417,274,2,3216.99,1,5,5,11,At Risk
23418,287,2,3286.9226,1,5,5,11,At Risk
23419,60,1,38.6342,4,2,1,7,New Customers
23420,189,2,4144.34,2,5,5,12,At Risk
23421,153,2,4235.9442,3,5,5,13,Loyal Customers
23422,159,2,3940.5125,3,5,5,13,Loyal Customers
23423,176,2,3936.5425,3,5,5,13,Loyal Customers
23424,253,1,52.086200000000005,2,2,1,5,Lost Customers
23425,170,2,3965.5025,3,5,5,13,Loyal Customers
23426,76,1,43.6242,4,2,1,7,New Customers
23427,24,1,9.98,5,2,1,8,New Customers
23428,147,1,43.6242,3,2,1,6,Potential Loyalists
23429,171,2,3936.5425,3,5,5,13,Loyal Customers
23430,180,1,9.98,2,2,1,5,Lost Customers
23431,180,2,4172.3,2,5,5,12,At Risk
23432,165,2,4179.33,3,5,5,13,Loyal Customers
23433,168,2,3882.5525,3,5,5,13,Loyal Customers
23434,161,2,3882.5525,3,5,5,13,Loyal Customers
23435,152,2,3917.5425,3,5,5,13,Loyal Customers
23436,172,2,3959.5125,3,5,5,13,Loyal Customers
23437,77,1,9.98,4,2,1,7,New Customers
23438,102,1,128.47,4,2,3,9,New Customers
23439,287,1,82.95,1,2,2,5,Lost Customers
23440,160,1,67.96,3,2,2,7,Potential Loyalists
23441,205,1,122.95,2,2,3,7,Can't Lose Them
23443,71,1,746.55,4,2,3,9,New Customers
23444,83,1,557.2784,4,2,3,9,New Customers
23445,106,1,57.98,4,2,1,7,New Customers
23446,233,1,12.56,2,2,1,5,Lost Customers
23448,42,1,64.56,5,2,2,9,New Customers
23449,317,1,14.56,1,2,1,4,Lost Customers
23450,114,1,638.5943,3,2,3,8,Potential Loyalists
23451,247,1,74.95,2,2,2,6,Lost Customers
23452,326,1,66.85,1,2,2,5,Lost Customers
23453,80,1,674.0262,4,2,3,9,New Customers
23454,85,1,617.02,4,2,3,9,New Customers
23455,14,1,25.880000000000003,5,2,1,8,New Customers
23456,218,1,194.54,2,2,3,7,Can't Lose Them
23457,112,1,133.5942,3,2,3,8,Potential Loyalists
23458,139,1,103.87,3,2,2,7,Potential Loyalists
23459,99,1,43.6242,4,2,1,7,New Customers
23462,71,1,595.53,4,2,3,9,New Customers
23463,84,1,573.6342,4,2,3,9,New Customers
23464,44,1,59.98,5,2,1,8,New Customers
23465,276,1,69.96,1,2,2,5,Lost Customers
23466,330,1,29.99,1,2,1,4,Lost Customers
23468,4,1,104.95,5,2,2,9,New Customers
23469,254,1,59.98,2,2,1,5,Lost Customers
23470,220,1,155.5442,2,2,3,7,Can't Lose Them
23471,71,1,603.1042,4,2,3,9,New Customers
23472,294,1,64.56,1,2,2,5,Lost Customers
23473,302,1,167.5842,1,2,3,6,Can't Lose Them
23474,83,1,625.94,4,2,3,9,New Customers
23475,171,1,188.89000000000001,3,2,3,8,Potential Loyalists
23476,151,1,4.99,3,2,1,6,Potential Loyalists
23477,29,1,104.95,5,2,2,9,New Customers
23478,82,1,601.5942,4,2,3,9,New Customers
23479,75,1,601.5942,4,2,3,9,New Customers
23480,38,1,539.99,5,2,3,10,New Customers
23481,185,1,59.98,2,2,1,5,Lost Customers
23483,187,1,64.56,2,2,2,6,Lost Customers
23484,48,1,539.99,5,2,3,10,New Customers
23486,201,2,5370.8642,2,5,5,12,At Risk
23487,47,1,91.6915,5,2,2,9,New Customers
23488,52,1,9.98,4,2,1,7,New Customers
23489,3,1,69.96,5,2,2,9,New Customers
23490,228,1,92.92999999999999,2,2,2,6,Lost Customers
23491,154,1,117.93,3,2,2,7,Potential Loyalists
23492,44,1,602.94,5,2,3,10,New Customers
23493,36,1,557.97,5,2,3,10,New Customers
23494,11,1,91.6915,5,2,2,9,New Customers
23495,77,1,103.60419999999999,4,2,2,8,New Customers
23496,261,1,103.60419999999999,1,2,2,5,Lost Customers
23497,79,1,59.98,4,2,1,7,New Customers
23498,267,1,9.98,1,2,1,4,Lost Customers
23499,38,1,539.99,5,2,3,10,New Customers
23500,207,1,69.96,2,2,2,6,Lost Customers
23501,95,1,74.53999999999999,4,2,2,8,New Customers
23502,318,1,64.56,1,2,2,5,Lost Customers
23503,281,1,14.56,1,2,1,4,Lost Customers
23504,213,1,64.56,2,2,2,6,Lost Customers
23505,57,1,639.2284,4,2,3,9,New Customers
23506,53,1,539.99,4,2,3,9,New Customers
23507,58,1,573.6342,4,2,3,9,New Customers
23508,38,1,561.48,5,2,3,10,New Customers
23509,57,1,611.4300000000001,4,2,3,9,New Customers
23510,118,1,567.95,3,2,3,8,Potential Loyalists
23511,192,2,4841.1873,2,5,5,12,At Risk
23512,239,1,59.98,2,2,1,5,Lost Customers
23513,0,1,90.7204,5,2,2,9,New Customers
23514,93,1,104.95,4,2,2,8,New Customers
23515,99,1,539.99,4,2,3,9,New Customers
23516,93,1,644.2785,4,2,3,9,New Customers
23517,69,1,107.2384,4,2,2,8,New Customers
23518,0,1,9.98,5,2,1,8,New Customers
23519,66,1,47.248400000000004,4,2,1,7,New Customers
23520,96,1,557.2784,4,2,3,9,New Customers
23521,133,1,43.96,3,2,1,6,Potential Loyalists
23522,260,1,141.1042,1,2,3,6,Can't Lose Them
23523,299,2,3215.6441999999997,1,5,5,11,At Risk
23524,291,2,3477.4317,1,5,5,11,At Risk
23525,278,2,3182.0,1,5,5,11,At Risk
23526,275,2,3443.7875,1,5,5,11,At Risk
23527,210,1,78.95,2,2,2,6,Lost Customers
23528,103,1,97.95,4,2,2,8,New Customers
23529,296,2,3497.7774999999997,1,5,5,11,At Risk
23531,297,2,3260.41,1,5,5,11,At Risk
23532,290,2,3216.99,1,5,5,11,At Risk
23533,160,2,3917.5425,3,5,5,13,Loyal Customers
23534,166,2,4177.9842,3,5,5,13,Loyal Customers
23535,136,1,9.98,3,2,1,6,Potential Loyalists
23537,46,1,64.97,5,2,2,9,New Customers
23538,163,2,4198.33,3,5,5,13,Loyal Customers
23539,146,2,4144.34,3,5,5,13,Loyal Customers
23540,252,2,3515.0659,2,5,5,12,At Risk
23541,245,2,3215.6441999999997,2,5,5,12,At Risk
23542,254,2,3216.99,2,5,5,12,At Risk
23543,129,1,25.880000000000003,3,2,1,6,Potential Loyalists
23544,130,2,4046.2429,3,5,5,13,Loyal Customers
23545,133,2,3882.5525,3,5,5,13,Loyal Customers
23546,248,2,3215.6441999999997,2,5,5,12,At Risk
23547,242,2,3477.4317,2,5,5,12,At Risk
23548,7,1,52.614200000000004,5,2,1,8,New Customers
23549,212,1,123.47999999999999,2,2,3,7,Can't Lose Them
23550,59,1,146.93,4,2,3,9,New Customers
23551,100,1,48.6142,4,2,1,7,New Customers
23552,33,1,108.47,5,2,2,9,New Customers
23553,123,1,9.98,3,2,1,6,Potential Loyalists
23554,176,1,4.99,3,2,1,6,Potential Loyalists
23555,277,1,69.96,1,2,2,5,Lost Customers
23556,333,1,59.98,1,2,1,4,Lost Customers
23557,227,1,14.56,2,2,1,5,Lost Customers
23558,77,1,99.95,4,2,2,8,New Customers
23559,330,1,90.7204,1,2,2,5,Lost Customers
23560,67,1,576.94,4,2,3,9,New Customers
23561,177,1,59.98,3,2,1,6,Potential Loyalists
23562,212,1,9.98,2,2,1,5,Lost Customers
23563,121,1,55.6242,3,2,1,6,Potential Loyalists
23564,104,1,74.95,4,2,2,8,New Customers
23565,1,1,69.96,5,2,2,9,New Customers
23566,816,1,3578.27,1,2,5,8,Can't Lose Them
23567,197,1,44.97,2,2,1,5,Lost Customers
23569,161,1,43.6242,3,2,1,6,Potential Loyalists
23570,242,1,21.98,2,2,1,5,Lost Customers
23571,272,2,3443.7875,1,5,5,11,At Risk
23572,241,2,3497.7774999999997,2,5,5,12,At Risk
23573,214,2,3215.6441999999997,2,5,5,12,At Risk
23574,234,2,3216.99,2,5,5,12,At Risk
23575,220,2,3182.0,2,5,5,12,At Risk
23576,220,1,43.6242,2,2,1,5,Lost Customers
23577,303,1,150.7004,1,2,3,6,Can't Lose Them
23578,286,1,104.53,1,2,2,5,Lost Customers
23579,56,1,69.96,4,2,2,8,New Customers
23580,305,1,104.95,1,2,2,5,Lost Customers
23581,132,1,73.6142,3,2,2,7,Potential Loyalists
23582,89,1,654.45,4,2,3,9,New Customers
23583,197,2,4870.65,2,5,5,12,At Risk
23584,53,1,574.98,4,2,3,9,New Customers
23585,55,1,590.95,4,2,3,9,New Customers
23586,49,1,594.2284,5,2,3,10,New Customers
23587,31,1,590.95,5,2,3,10,New Customers
23588,240,1,76.83,2,2,2,6,Lost Customers
23589,40,1,597.95,5,2,3,10,New Customers
23591,273,1,16.85,1,2,1,4,Lost Customers
23592,80,2,5279.26,4,5,5,14,Champions
23593,146,2,4066.5887000000002,3,5,5,13,Loyal Customers
23594,183,1,59.98,2,2,1,5,Lost Customers
23595,60,1,76.2684,4,2,2,8,New Customers
23597,334,1,2229.0125,1,2,4,7,Can't Lose Them
23598,109,1,64.56,4,2,2,8,New Customers
23599,12,1,85.86,5,2,2,9,New Customers
23600,289,1,12.56,1,2,1,4,Lost Customers
23601,186,1,8.57,2,2,1,5,Lost Customers
23602,315,1,45.6142,1,2,1,4,Lost Customers
23603,10,1,2150.3365999999996,5,2,4,11,Potential Loyalists
23604,93,1,7.98,4,2,1,7,New Customers
23605,29,1,2107.7124,5,2,4,11,Potential Loyalists
23606,345,1,2285.6425,1,2,4,7,Can't Lose Them
23607,347,1,2197.4625,1,2,4,7,Can't Lose Them
23608,307,1,2247.8067,1,2,4,7,Can't Lose Them
23609,225,1,25.2684,2,2,1,5,Lost Customers
23611,196,1,7.98,2,2,1,5,Lost Customers
23612,16,1,2191.3496,5,2,4,11,Potential Loyalists
23613,186,1,99.95,2,2,2,6,Lost Customers
23614,223,1,198.7677,2,2,3,7,Can't Lose Them
23615,88,1,64.56,4,2,2,8,New Customers
23616,99,1,817.5573,4,2,3,9,New Customers
23617,21,1,69.96,5,2,2,9,New Customers
23618,322,1,2265.6086999999998,1,2,4,7,Can't Lose Them
23619,103,1,846.32,4,2,3,9,New Customers
23620,130,1,120.89259999999999,3,2,2,7,Potential Loyalists
23621,11,1,2079.0582,5,2,4,11,Potential Loyalists
23622,189,1,609.52,2,2,3,7,Can't Lose Them
23623,308,1,7.98,1,2,1,4,Lost Customers
23624,218,1,64.6915,2,2,2,6,Lost Customers
23625,72,1,122.2384,4,2,2,8,New Customers
23626,156,1,41.6242,3,2,1,6,Potential Loyalists
23627,111,1,45.6142,3,2,1,6,Potential Loyalists
23628,223,1,134.94,2,2,3,7,Can't Lose Them
23629,323,1,2226.8109,1,2,4,7,Can't Lose Them
23630,316,1,2270.5987,1,2,4,7,Can't Lose Them
23632,263,1,162.99,1,2,3,6,Can't Lose Them
23633,34,1,41.6242,5,2,1,8,New Customers
23634,136,1,7.98,3,2,1,6,Potential Loyalists
23635,326,1,2199.5425,1,2,4,7,Can't Lose Them
23636,308,1,2218.1525,1,2,4,7,Can't Lose Them
23637,109,1,55.0762,4,2,1,7,New Customers
23638,95,1,89.97,4,2,2,8,New Customers
23639,304,1,103.60419999999999,1,2,2,5,Lost Customers
23640,148,2,3936.5425,3,5,5,13,Loyal Customers
23641,203,1,87.0762,2,2,2,6,Lost Customers
23643,237,1,9.98,2,2,1,5,Lost Customers
23644,84,1,38.6342,4,2,1,7,New Customers
23645,124,2,4198.33,3,5,5,13,Loyal Customers
23646,177,1,27.2684,3,2,1,6,Potential Loyalists
23647,98,1,17.93,4,2,1,7,New Customers
23648,144,2,4144.34,3,5,5,13,Loyal Customers
23649,123,2,3953.8309,3,5,5,13,Loyal Customers
23650,214,1,43.6242,2,2,1,5,Lost Customers
23651,140,2,3916.1967,3,5,5,13,Loyal Customers
23652,141,2,3957.5225,3,5,5,13,Loyal Customers
23653,131,2,4004.0125,3,5,5,13,Loyal Customers
23654,151,1,69.96000000000001,3,2,2,7,Potential Loyalists
23655,105,2,4144.34,4,5,5,14,Champions
23656,108,2,4144.34,4,5,5,14,Champions
23657,74,1,9.98,4,2,1,7,New Customers
23658,92,2,3936.5425,4,5,5,14,Champions
23659,100,2,4177.9842,4,5,5,14,Champions
23660,107,2,3916.1967,4,5,5,14,Champions
23661,108,2,3983.6387,4,5,5,14,Champions
23662,88,2,3917.5425,4,5,5,14,Champions
23663,83,2,3882.5525,4,5,5,14,Champions
23664,65,2,3939.264,4,5,5,14,Champions
23665,73,2,4215.618399999999,4,5,5,14,Champions
23666,91,1,2485.6742000000004,4,2,4,10,Potential Loyalists
23667,6,1,2412.03,5,2,4,11,Potential Loyalists
23668,75,1,610.6343,4,2,3,9,New Customers
23669,9,1,59.98,5,2,1,8,New Customers
23670,332,1,115.85,1,2,2,5,Lost Customers
23671,93,1,258.95,4,2,3,9,New Customers
23672,202,1,59.98,2,2,1,5,Lost Customers
23673,221,1,4.99,2,2,1,5,Lost Customers
23674,6,1,103.60419999999999,5,2,2,9,New Customers
23675,100,1,59.98,4,2,1,7,New Customers
23676,305,1,9.98,1,2,1,4,Lost Customers
23677,66,1,59.98,4,2,1,7,New Customers
23678,271,1,29.99,1,2,1,4,Lost Customers
23679,324,1,44.97,1,2,1,4,Lost Customers
23680,66,1,539.99,4,2,3,9,New Customers
23681,29,1,27.2684,5,2,1,8,New Customers
23682,320,1,64.97,1,2,2,5,Lost Customers
23683,88,1,567.95,4,2,3,9,New Customers
23685,115,1,59.98,3,2,1,6,Potential Loyalists
23686,30,1,122.0562,5,2,2,9,New Customers
23687,176,1,59.98,3,3,1,7,Potential Loyalists
23688,349,1,1214.85,1,3,4,8,At Risk
23689,176,1,87.94,3,3,2,8,Potential Loyalists
23690,329,1,107.95,1,3,2,6,Potential Loyalists
23691,198,1,59.98,2,3,1,6,Potential Loyalists
23692,170,1,72.92,3,3,2,8,Potential Loyalists
23693,167,1,156.6615,3,3,3,9,Potential Loyalists
23694,180,1,103.60419999999999,2,3,2,7,Potential Loyalists
23695,324,1,204.2757,1,3,3,7,At Risk
23696,281,1,310.15999999999997,1,3,3,7,At Risk
23697,257,1,98.6142,1,3,2,6,Potential Loyalists
23698,2,1,59.98,5,3,1,9,Potential Loyalists
23699,147,1,1295.5903999999998,3,3,4,10,Potential Loyalists
23700,6,1,29.99,5,3,1,9,Potential Loyalists
23701,90,1,602.94,4,3,3,10,Potential Loyalists
23703,77,1,69.96,4,3,2,9,Potential Loyalists
23704,88,1,646.0842,4,3,3,10,Potential Loyalists
23705,42,1,127.1523,5,3,3,11,Potential Loyalists
23706,58,1,539.99,4,3,3,10,Potential Loyalists
23707,39,1,590.95,5,3,3,11,Potential Loyalists
23708,45,1,573.6342,5,3,3,11,Potential Loyalists
23709,30,1,566.96,5,3,3,11,Potential Loyalists
23710,133,1,29.99,3,3,1,7,Potential Loyalists
23711,309,1,69.96,1,3,2,6,Potential Loyalists
23712,135,1,77.96,3,3,2,8,Potential Loyalists
23713,9,1,69.96,5,3,2,10,Potential Loyalists
23714,296,1,56.480000000000004,1,3,1,5,Potential Loyalists
23715,41,1,539.99,5,3,3,11,Potential Loyalists
23716,255,1,53.94,2,3,1,6,Potential Loyalists
23717,215,1,29.99,2,3,1,6,Potential Loyalists
23718,71,1,574.04,4,3,3,10,Potential Loyalists
23720,36,1,69.96,5,3,2,10,Potential Loyalists
23721,72,1,592.6042,4,3,3,10,Potential Loyalists
23722,283,1,62.269999999999996,1,3,2,6,Potential Loyalists
23723,85,1,686.6616,4,3,3,10,Potential Loyalists
23724,41,1,602.94,5,3,3,11,Potential Loyalists
23725,200,2,4826.7642,2,5,5,12,At Risk
23726,64,1,590.2284,4,3,3,10,Potential Loyalists
23727,184,1,69.96,2,3,2,7,Potential Loyalists
23728,261,1,98.6142,1,3,2,6,Potential Loyalists
23729,327,1,75.57000000000001,1,3,2,6,Potential Loyalists
23730,176,2,4828.11,3,5,5,13,Loyal Customers
23731,176,2,4826.7642,3,5,5,13,Loyal Customers
23732,266,1,172.0162,1,3,3,7,At Risk
23733,81,1,595.53,4,3,3,10,Potential Loyalists
23734,166,1,104.95,3,3,2,8,Potential Loyalists
23735,300,1,69.96,1,3,2,6,Potential Loyalists
23736,237,1,85.86,2,3,2,7,Potential Loyalists
23737,137,1,64.97,3,3,2,8,Potential Loyalists
23738,73,1,40.58,4,3,1,8,Potential Loyalists
23739,59,1,618.79,4,3,3,10,Potential Loyalists
23740,146,1,36.59,3,3,1,7,Potential Loyalists
23741,70,1,32.6,4,3,1,8,Potential Loyalists
23742,82,1,636.96,4,3,3,10,Potential Loyalists
23743,306,1,44.97,1,3,1,5,Potential Loyalists
23744,68,1,595.53,4,3,3,10,Potential Loyalists
23745,241,1,80.49,2,3,2,7,Potential Loyalists
23746,89,1,539.99,4,3,3,10,Potential Loyalists
23747,246,1,1047.2575,2,3,4,9,At Risk
23748,82,1,72.53999999999999,4,3,2,9,Potential Loyalists
23749,100,1,118.89259999999999,4,3,2,9,Potential Loyalists
23750,323,1,1035.4275,1,3,4,8,At Risk
23751,291,1,1034.0817,1,3,3,7,At Risk
23752,265,1,1051.3701,1,3,4,8,At Risk
23753,247,1,1110.6759,2,3,4,9,At Risk
23754,68,1,101.60419999999999,4,3,2,9,Potential Loyalists
23755,133,1,12.56,3,3,1,7,Potential Loyalists
23756,270,1,182.56,1,3,3,7,At Risk
23757,242,1,41.6242,2,3,1,6,Potential Loyalists
23758,316,1,1754.98,1,3,4,8,At Risk
23759,340,1,2214.1625,1,3,4,8,At Risk
23760,257,1,1080.3600999999999,1,3,4,8,At Risk
23761,188,1,106.5942,2,3,2,7,Potential Loyalists
23762,250,1,1061.3601,2,3,4,9,At Risk
23763,281,1,1734.6342,1,3,4,8,At Risk
23764,309,1,2214.5125,1,3,4,8,At Risk
23765,278,1,2310.6086999999998,1,3,4,8,At Risk
23766,149,1,101.60419999999999,3,3,2,8,Potential Loyalists
23769,288,1,33.5281,1,3,1,5,Potential Loyalists
23770,309,1,9.98,1,3,1,5,Potential Loyalists
23771,228,1,159.9,2,3,3,8,At Risk
23772,165,1,42.97,3,3,1,7,Potential Loyalists
23773,271,1,122.95,1,3,3,7,At Risk
23774,266,1,1141.4548,1,3,4,8,At Risk
23775,253,1,1035.4275,2,3,4,9,At Risk
23776,285,1,2216.5525,1,3,4,8,At Risk
23777,240,1,1066.4848,2,3,4,9,At Risk
23778,66,1,601.5942,4,3,3,10,Potential Loyalists
23779,214,1,1054.9975,2,3,4,9,At Risk
23780,274,1,1749.0573,1,3,4,8,At Risk
23781,74,1,595.53,4,3,3,10,Potential Loyalists
23782,94,1,108.5942,4,3,2,9,Potential Loyalists
23783,299,1,63.97,1,3,2,6,Potential Loyalists
23784,324,1,69.96,1,3,2,6,Potential Loyalists
23786,170,1,77.96,3,3,2,8,Potential Loyalists
23787,277,1,71.58000000000001,1,3,2,6,Potential Loyalists
23788,127,1,1214.85,3,3,4,10,Potential Loyalists
23789,95,1,1285.1,4,3,4,11,Potential Loyalists
23790,173,1,61.06,3,3,2,8,Potential Loyalists
23791,180,1,75.57000000000001,2,3,2,7,Potential Loyalists
23792,164,1,32.6,3,3,1,7,Potential Loyalists
23793,255,1,45.160000000000004,2,3,1,6,Potential Loyalists
23794,87,1,1248.4941999999999,4,3,4,11,Potential Loyalists
23795,283,1,74.2242,1,3,2,6,Potential Loyalists
23796,175,1,40.58,3,3,1,7,Potential Loyalists
23797,259,1,67.59,1,3,2,6,Potential Loyalists
23798,284,1,80.87,1,3,2,6,Potential Loyalists
23799,16,1,1251.8,5,3,4,12,Potential Loyalists
23800,83,1,71.58000000000001,4,3,2,9,Potential Loyalists
23801,315,1,80.66730000000001,1,3,2,6,Potential Loyalists
23802,25,1,32.6,5,3,1,9,Potential Loyalists
23803,205,1,73.48,2,3,2,7,Potential Loyalists
23804,278,1,78.2142,1,3,2,6,Potential Loyalists
23805,94,1,32.6,4,3,1,8,Potential Loyalists
23806,793,1,3578.27,1,3,5,9,At Risk
23807,63,1,621.94,4,3,3,10,Potential Loyalists
23808,190,1,59.98,2,3,1,6,Potential Loyalists
23809,107,1,59.98,4,3,1,8,Potential Loyalists
23810,219,1,64.56,2,3,2,7,Potential Loyalists
23811,64,1,566.96,4,3,3,10,Potential Loyalists
23812,87,1,103.60419999999999,4,3,2,9,Potential Loyalists
23813,73,1,610.6343,4,3,3,10,Potential Loyalists
23814,109,1,59.98,4,3,1,8,Potential Loyalists
23815,85,1,771.44,4,3,3,10,Potential Loyalists
23816,88,1,609.04,4,3,3,10,Potential Loyalists
23817,188,1,59.98,2,3,1,6,Potential Loyalists
23818,83,1,567.95,4,3,3,10,Potential Loyalists
23819,168,2,4811.1,3,5,5,13,Loyal Customers
23820,13,1,104.53,5,3,2,10,Potential Loyalists
23821,41,1,649.6615,5,3,3,11,Potential Loyalists
23822,236,1,74.53999999999999,2,3,2,7,Potential Loyalists
23823,223,1,93.5081,2,3,2,7,Potential Loyalists
23824,324,1,129.95,1,3,3,7,At Risk
23825,72,1,64.56,4,3,2,9,Potential Loyalists
23826,260,1,64.56,1,3,2,6,Potential Loyalists
23827,24,1,32.2584,5,3,1,9,Potential Loyalists
23828,46,1,566.96,5,3,3,11,Potential Loyalists
23829,176,2,4811.1,3,5,5,13,Loyal Customers
23830,129,2,4802.11,3,5,5,13,Loyal Customers
23831,329,1,138.5842,1,3,3,7,At Risk
23832,56,1,715.53,4,3,3,10,Potential Loyalists
23833,31,1,746.55,5,3,3,11,Potential Loyalists
23834,49,1,575.9,5,3,3,11,Potential Loyalists
23835,52,1,616.0173,4,3,3,10,Potential Loyalists
23836,38,1,597.1823,5,3,3,11,Potential Loyalists
23837,41,1,573.6342,5,3,3,11,Potential Loyalists
23838,38,1,539.99,5,3,3,11,Potential Loyalists
23840,36,1,539.99,5,3,3,11,Potential Loyalists
23841,36,1,702.5841,5,3,3,11,Potential Loyalists
23842,101,2,4826.7642,4,5,5,14,Champions
23843,40,1,47.97,5,3,1,9,Potential Loyalists
23844,34,1,563.77,5,3,3,11,Potential Loyalists
23845,42,1,612.95,5,3,3,11,Potential Loyalists
23846,92,2,4828.11,4,5,5,14,Champions
23847,56,1,746.55,4,3,3,10,Potential Loyalists
23848,57,1,582.97,4,3,3,10,Potential Loyalists
23849,49,1,625.94,5,3,3,11,Potential Loyalists
23850,46,1,539.99,5,3,3,11,Potential Loyalists
23851,56,1,539.99,4,3,3,10,Potential Loyalists
23852,45,1,610.5842,5,3,3,11,Potential Loyalists
23853,41,1,602.94,5,3,3,11,Potential Loyalists
23854,48,1,591.6142,5,3,3,11,Potential Loyalists
23855,38,1,654.2484,5,3,3,11,Potential Loyalists
23856,57,1,603.49,4,3,3,10,Potential Loyalists
23857,44,1,625.94,5,3,3,11,Potential Loyalists
23858,309,2,4606.6675,1,5,5,11,At Risk
23859,361,2,4151.9042,1,5,5,11,At Risk
23860,53,1,557.2784,4,3,3,10,Potential Loyalists
23861,314,1,152.6,1,3,3,7,At Risk
23862,271,1,133.5942,1,3,3,7,At Risk
23863,200,1,103.60419999999999,2,3,2,7,Potential Loyalists
23864,151,1,153.0073,3,3,3,9,Potential Loyalists
23865,99,2,4890.2642,4,5,5,14,Champions
23866,79,2,4828.11,4,5,5,14,Champions
23867,61,2,4810.4084,4,5,5,14,Champions
23868,66,2,4834.38,4,5,5,14,Champions
23869,292,1,39.97,1,3,1,5,Potential Loyalists
23870,7,1,650.2004,5,3,3,11,Potential Loyalists
23871,18,1,678.96,5,3,3,11,Potential Loyalists
23872,9,1,572.53,5,3,3,11,Potential Loyalists
23873,21,1,632.96,5,3,3,11,Potential Loyalists
23874,59,1,539.99,4,3,3,10,Potential Loyalists
23875,34,1,74.53999999999999,5,3,2,10,Potential Loyalists
23876,86,1,40.58,4,3,1,8,Potential Loyalists
23877,29,1,92.94,5,3,2,10,Potential Loyalists
23878,21,1,602.94,5,3,3,11,Potential Loyalists
23879,273,1,90.7204,1,3,2,6,Potential Loyalists
23880,24,1,572.94,5,3,3,11,Potential Loyalists
23881,27,1,557.97,5,3,3,11,Potential Loyalists
23882,17,1,603.49,5,3,3,11,Potential Loyalists
23883,4,1,619.38,5,3,3,11,Potential Loyalists
23884,0,1,603.49,5,3,3,11,Potential Loyalists
23885,6,1,539.99,5,3,3,11,Potential Loyalists
23886,24,1,585.2384,5,3,3,11,Potential Loyalists
23887,25,1,566.96,5,3,3,11,Potential Loyalists
23888,296,1,99.95,1,3,2,6,Potential Loyalists
23889,6,1,103.60419999999999,5,3,2,10,Potential Loyalists
23890,124,1,64.56,3,3,2,8,Potential Loyalists
23891,204,1,59.98,2,3,1,6,Potential Loyalists
23892,205,1,9.98,2,3,1,6,Potential Loyalists
23893,193,1,63.97,2,3,2,7,Potential Loyalists
23894,285,1,103.60419999999999,1,3,2,6,Potential Loyalists
23895,21,1,539.99,5,3,3,11,Potential Loyalists
23896,13,1,548.6342,5,3,3,11,Potential Loyalists
23897,288,1,42.97,1,3,1,5,Potential Loyalists
23898,166,1,603.49,3,3,3,9,Potential Loyalists
23899,62,1,599.94,4,3,3,10,Potential Loyalists
23900,127,1,539.99,3,3,3,9,Potential Loyalists
23901,88,1,574.98,4,3,3,10,Potential Loyalists
23902,134,1,587.0862,3,3,3,9,Potential Loyalists
23903,143,1,539.99,3,3,3,9,Potential Loyalists
23904,252,1,1125.0718,2,3,4,9,At Risk
23905,129,1,573.6342,3,3,3,9,Potential Loyalists
23906,261,1,2181.5625,1,3,4,8,At Risk
23907,236,1,1000.4375,2,3,3,8,At Risk
23908,31,1,573.6342,5,3,3,11,Potential Loyalists
23909,46,1,548.6342,5,3,3,11,Potential Loyalists
23910,264,1,8.57,1,3,1,5,Potential Loyalists
23911,111,1,72.53999999999999,3,3,2,8,Potential Loyalists
23912,56,1,7.98,4,3,1,8,Potential Loyalists
23914,114,1,8.57,3,3,1,7,Potential Loyalists
23915,28,1,51.086200000000005,5,3,1,9,Potential Loyalists
23916,120,1,11.97,3,3,1,7,Potential Loyalists
23917,141,1,562.96,3,3,3,9,Potential Loyalists
23918,283,1,96.6142,1,3,2,6,Potential Loyalists
23919,179,1,120.0462,3,3,2,8,Potential Loyalists
23920,252,1,1734.6342,2,3,4,9,At Risk
23921,260,1,2208.4825,1,3,4,8,At Risk
23922,242,1,2231.8009,2,3,4,9,At Risk
23923,194,1,1054.4275,2,3,4,9,At Risk
23924,206,1,1018.4175,2,3,3,8,At Risk
23925,239,1,2218.5125,2,3,4,9,At Risk
23926,181,1,2181.5625,2,3,4,9,At Risk
23927,132,1,72.53999999999999,3,3,2,8,Potential Loyalists
23928,264,1,72.53999999999999,1,3,2,6,Potential Loyalists
23929,101,1,116.0273,4,3,2,9,Potential Loyalists
23930,199,1,1170.0316,2,3,4,9,At Risk
23932,31,1,601.5942,5,3,3,11,Potential Loyalists
23933,140,1,587.55,3,3,3,9,Potential Loyalists
23935,171,1,4.99,3,3,1,7,Potential Loyalists
23936,209,1,156.5942,2,3,3,8,At Risk
23937,311,1,42.97,1,3,1,5,Potential Loyalists
23938,199,1,1000.4375,2,3,3,8,At Risk
23939,265,1,1718.97,1,3,4,8,At Risk
23940,189,1,1000.4375,2,3,3,8,At Risk
23941,333,1,41.6242,1,3,1,5,Potential Loyalists
23942,199,1,14.850000000000001,2,3,1,6,Potential Loyalists
23943,30,1,43.6242,5,3,1,9,Potential Loyalists
23944,269,1,1034.0817,1,3,3,7,At Risk
23945,80,1,9.98,4,3,1,8,Potential Loyalists
23946,69,1,56.04730000000001,4,3,1,8,Potential Loyalists
23947,32,1,42.97,5,3,1,9,Potential Loyalists
23948,43,1,73.48,5,3,2,10,Potential Loyalists
23949,248,1,133.3157,2,3,3,8,At Risk
23950,99,1,122.95,4,3,3,10,Potential Loyalists
23951,66,1,70.25,4,3,2,9,Potential Loyalists
23952,119,1,42.97,3,3,1,7,Potential Loyalists
23953,238,1,7.98,2,3,1,6,Potential Loyalists
23954,263,1,1084.3301,1,3,4,8,At Risk
23955,10,1,117.43,5,3,2,10,Potential Loyalists
23956,169,1,71.48,3,3,2,8,Potential Loyalists
23957,62,1,37.6342,4,3,1,8,Potential Loyalists
23958,39,1,720.3058,5,3,3,11,Potential Loyalists
23959,306,1,42.97,1,3,1,5,Potential Loyalists
23960,134,1,629.9300000000001,3,3,3,9,Potential Loyalists
23961,122,1,710.95,3,3,3,9,Potential Loyalists
23962,333,1,86.97,1,3,2,6,Potential Loyalists
23963,129,1,107.94,3,3,2,8,Potential Loyalists
23964,305,1,72.53999999999999,1,3,2,6,Potential Loyalists
23965,241,1,41.6242,2,3,1,6,Potential Loyalists
23966,272,1,52.086200000000005,1,3,1,5,Potential Loyalists
23967,173,1,9.98,3,3,1,7,Potential Loyalists
23968,99,1,49.96,4,3,1,8,Potential Loyalists
23969,166,1,101.53,3,3,2,8,Potential Loyalists
23970,61,1,72.53999999999999,4,3,2,9,Potential Loyalists
23971,21,1,105.3357,5,3,2,10,Potential Loyalists
23972,64,1,107.94,4,3,2,9,Potential Loyalists
23973,33,1,67.96,5,3,2,10,Potential Loyalists
23974,6,1,72.53999999999999,5,3,2,10,Potential Loyalists
23975,36,1,41.6242,5,3,1,9,Potential Loyalists
23976,272,1,9.98,1,3,1,5,Potential Loyalists
23977,147,1,156.5942,3,3,3,9,Potential Loyalists
23979,195,1,12.56,2,3,1,6,Potential Loyalists
23980,95,1,101.60419999999999,4,3,2,9,Potential Loyalists
23981,306,1,67.96,1,3,2,6,Potential Loyalists
23982,143,1,557.97,3,3,3,9,Potential Loyalists
23983,222,1,1098.4848,2,3,4,9,At Risk
23984,237,1,1035.4275,2,3,4,9,At Risk
23985,123,1,43.6242,3,3,1,7,Potential Loyalists
23986,225,1,1067.0517,2,3,4,9,At Risk
23987,217,1,1030.0075,2,3,3,8,At Risk
23988,205,1,1065.7932,2,3,4,9,At Risk
23989,319,1,63.97,1,3,2,6,Potential Loyalists
23990,50,1,565.9226,5,3,3,11,Potential Loyalists
23991,60,1,557.97,4,3,3,10,Potential Loyalists
23992,145,2,3193.3,3,5,5,13,Loyal Customers
23993,143,2,3072.3199999999997,3,5,5,13,Loyal Customers
23994,129,2,2790.5225,3,5,5,13,Loyal Customers
23995,127,2,2983.34,3,5,5,13,Loyal Customers
23996,138,2,2770.4551,3,5,5,13,Loyal Customers
23997,254,1,43.6242,2,3,1,6,Potential Loyalists
23998,143,2,2755.1967,3,5,4,12,Loyal Customers
23999,147,2,2738.8409,3,5,4,12,Loyal Customers
24000,132,2,2983.34,3,5,5,13,Loyal Customers
24001,140,2,2983.34,3,5,5,13,Loyal Customers
24002,135,2,2758.5025,3,5,4,12,Loyal Customers
24003,147,2,2803.264,3,5,5,13,Loyal Customers
24004,142,2,2757.8109,3,5,4,12,Loyal Customers
24005,138,2,2755.1967,3,5,4,12,Loyal Customers
24006,128,2,2721.5525,3,5,4,12,Loyal Customers
24008,131,2,2738.8409,3,5,4,12,Loyal Customers
24009,139,2,2768.6486999999997,3,5,4,12,Loyal Customers
24010,40,1,590.95,5,3,3,11,Potential Loyalists
24011,193,1,1065.7932,2,3,4,9,At Risk
24012,75,1,130.5942,4,3,3,10,Potential Loyalists
24013,228,1,122.95,2,3,3,8,At Risk
24014,77,1,41.6242,4,3,1,8,Potential Loyalists
24015,197,1,1034.0817,2,3,3,8,At Risk
24016,159,1,90.72999999999999,3,3,2,8,Potential Loyalists
24017,111,1,567.95,3,3,3,9,Potential Loyalists
24018,106,1,573.6342,4,3,3,10,Potential Loyalists
24019,195,1,1000.4375,2,3,3,8,At Risk
24020,131,1,27.2684,3,3,1,7,Potential Loyalists
24021,73,1,197.53,4,3,3,10,Potential Loyalists
24022,43,1,561.48,5,3,3,11,Potential Loyalists
24023,60,1,592.6042,4,3,3,10,Potential Loyalists
24024,92,1,603.49,4,3,3,10,Potential Loyalists
24025,121,1,615.0462,3,3,3,9,Potential Loyalists
24026,200,1,1096.9075,2,3,4,9,At Risk
24027,110,1,587.85,4,3,3,10,Potential Loyalists
24028,5,1,622.8826,5,3,3,11,Potential Loyalists
24029,27,1,585.9300000000001,5,3,3,11,Potential Loyalists
24030,184,1,1048.5048,2,3,4,9,At Risk
24031,208,1,1048.5048,2,3,4,9,At Risk
24032,6,1,566.0600000000001,5,3,3,11,Potential Loyalists
24033,96,1,573.6342,4,3,3,10,Potential Loyalists
24034,193,1,1112.3875,2,3,4,9,At Risk
24035,265,1,27.96,1,3,1,5,Potential Loyalists
24036,99,1,612.95,4,3,3,10,Potential Loyalists
24037,1,1,539.99,5,3,3,11,Potential Loyalists
24038,16,1,613.1042,5,3,3,11,Potential Loyalists
24039,205,1,1700.99,2,3,4,9,At Risk
24040,173,1,2226.7225,3,3,4,10,Potential Loyalists
24041,59,1,92.6242,4,3,2,9,Potential Loyalists
24043,25,1,60.269999999999996,5,3,2,10,Potential Loyalists
24044,159,1,1054.4275,3,3,4,10,Potential Loyalists
24045,84,1,9.98,4,3,1,8,Potential Loyalists
24046,95,1,567.95,4,3,3,10,Potential Loyalists
24047,175,1,1054.4275,3,3,4,10,Potential Loyalists
24048,160,1,1054.4275,3,3,4,10,Potential Loyalists
24049,116,1,573.6342,3,3,3,9,Potential Loyalists
24050,159,1,1051.3701,3,3,4,10,Potential Loyalists
24051,169,1,1048.5048,3,3,4,10,Potential Loyalists
24052,105,1,566.96,4,3,3,10,Potential Loyalists
24053,153,1,2181.5625,3,3,4,10,Potential Loyalists
24054,157,1,1054.4275,3,3,4,10,Potential Loyalists
24055,159,1,1048.5048,3,3,4,10,Potential Loyalists
24056,27,1,654.45,5,3,3,11,Potential Loyalists
24057,21,1,573.6342,5,3,3,11,Potential Loyalists
24058,126,1,1051.3701,3,3,4,10,Potential Loyalists
24059,116,1,590.9226,3,3,3,9,Potential Loyalists
24060,101,1,603.49,4,3,3,10,Potential Loyalists
24061,356,1,2442.05,1,3,4,8,At Risk
24062,144,1,57.98,3,3,1,7,Potential Loyalists
24063,332,1,2445.6742000000004,1,3,4,8,At Risk
24064,312,1,9.98,1,3,1,5,Potential Loyalists
24066,81,1,2257.1324999999997,4,3,4,11,Potential Loyalists
24067,89,1,2243.1667,4,3,4,11,Potential Loyalists
24068,64,1,2204.5325,4,3,4,11,Potential Loyalists
24069,155,1,1054.4275,3,3,4,10,Potential Loyalists
24071,220,1,25.880000000000003,2,3,1,6,Potential Loyalists
24072,211,1,12.56,2,3,1,6,Potential Loyalists
24073,102,1,73.48,4,3,2,9,Potential Loyalists
24074,101,1,42.97,4,3,1,8,Potential Loyalists
24075,68,1,102.95,4,3,2,9,Potential Loyalists
24076,81,1,111.5942,4,3,2,9,Potential Loyalists
24077,107,1,601.5942,4,3,3,10,Potential Loyalists
24078,263,1,7.98,1,3,1,5,Potential Loyalists
24079,220,1,44.97,2,3,1,6,Potential Loyalists
24080,152,1,56.04730000000001,3,3,1,7,Potential Loyalists
24081,112,1,62.559999999999995,3,3,2,8,Potential Loyalists
24082,116,1,43.6242,3,3,1,7,Potential Loyalists
24083,315,1,2419.06,1,3,4,8,At Risk
24084,294,1,2421.02,1,3,4,8,At Risk
24085,293,1,43.6242,1,3,1,5,Potential Loyalists
24086,94,1,56.04730000000001,4,3,1,8,Potential Loyalists
24087,32,1,38.980000000000004,5,3,1,9,Potential Loyalists
24088,227,1,12.56,2,3,1,6,Potential Loyalists
24090,205,1,1734.6342,2,3,4,9,At Risk
24091,33,1,2215.2067,5,3,4,12,Potential Loyalists
24092,57,1,2251.6286999999998,4,3,4,11,Potential Loyalists
24093,328,1,2231.8009,1,3,4,8,At Risk
24094,332,1,48.6142,1,3,1,5,Potential Loyalists
24095,185,1,57.0762,2,3,1,6,Potential Loyalists
24096,218,1,14.56,2,3,1,6,Potential Loyalists
24098,75,1,679.5842,4,3,3,10,Potential Loyalists
24099,89,1,587.55,4,3,3,10,Potential Loyalists
24100,176,1,1054.3975,3,3,4,10,Potential Loyalists
24101,169,1,1048.5048,3,3,4,10,Potential Loyalists
24102,336,1,1802.0762,1,3,4,8,At Risk
24103,313,1,1754.98,1,3,4,8,At Risk
24104,122,1,1034.0817,3,3,3,9,Potential Loyalists
24105,286,1,2417.7142000000003,1,3,4,8,At Risk
24106,112,1,48.6142,3,3,1,7,Potential Loyalists
24107,56,1,127.98,4,3,3,10,Potential Loyalists
24108,245,1,7.98,2,3,1,6,Potential Loyalists
24109,258,1,9.98,1,3,1,5,Potential Loyalists
24110,283,1,2401.3584,1,3,4,8,At Risk
24111,134,1,9.98,3,3,1,7,Potential Loyalists
24112,77,1,1035.4275,4,3,4,11,Potential Loyalists
24113,287,1,39.980000000000004,1,3,1,5,Potential Loyalists
24114,149,1,1065.7932,3,3,4,10,Potential Loyalists
24115,81,1,1051.3701,4,3,4,11,Potential Loyalists
24116,197,1,1700.99,2,3,4,9,At Risk
24117,98,1,34.95,4,3,1,8,Potential Loyalists
24119,107,1,27.2684,4,3,1,8,Potential Loyalists
24120,277,1,3.99,1,3,1,5,Potential Loyalists
24121,69,1,539.99,4,3,3,10,Potential Loyalists
24122,93,1,4.99,4,3,1,8,Potential Loyalists
24123,173,1,14.56,3,3,1,7,Potential Loyalists
24125,70,1,32.2584,4,3,1,8,Potential Loyalists
24126,131,1,57.0762,3,3,1,7,Potential Loyalists
24127,74,1,548.98,4,3,3,10,Potential Loyalists
24128,156,1,97.96000000000001,3,3,2,8,Potential Loyalists
24129,151,1,7.98,3,3,1,7,Potential Loyalists
24130,201,1,60.2584,2,3,2,7,Potential Loyalists
24132,74,1,9.98,4,3,1,8,Potential Loyalists
24133,229,1,60.9126,2,3,2,7,Potential Loyalists
24134,11,1,9.98,5,3,1,9,Potential Loyalists
24135,274,1,2419.06,1,3,4,8,At Risk
24136,269,1,2471.04,1,3,4,8,At Risk
24137,211,1,12.56,2,3,1,6,Potential Loyalists
24138,67,1,1119.1491,4,3,4,11,Potential Loyalists
24139,49,1,41.6242,5,3,1,9,Potential Loyalists
24140,243,1,2419.06,2,3,4,9,At Risk
24141,321,1,30.46,1,3,1,5,Potential Loyalists
24142,72,1,19.55,4,3,1,8,Potential Loyalists
24143,3,1,12.56,5,3,1,9,Potential Loyalists
24144,75,1,43.6242,4,3,1,8,Potential Loyalists
24146,244,1,69.96000000000001,2,3,2,7,Potential Loyalists
24147,9,1,42.97,5,3,1,9,Potential Loyalists
24148,268,1,27.87,1,3,1,5,Potential Loyalists
24149,105,1,19.55,4,3,1,8,Potential Loyalists
24150,68,1,7.98,4,3,1,8,Potential Loyalists
24151,120,1,63.97,3,3,2,8,Potential Loyalists
24152,35,1,9.98,5,3,1,9,Potential Loyalists
24153,257,1,2457.02,1,3,4,8,At Risk
24154,271,1,57.0762,1,3,1,5,Potential Loyalists
24155,66,1,539.99,4,3,3,10,Potential Loyalists
24156,93,1,12.56,4,3,1,8,Potential Loyalists
24157,217,1,2417.7142000000003,2,3,4,9,At Risk
24158,225,1,2412.03,2,3,4,9,At Risk
24159,136,2,2755.1967,3,5,4,12,Loyal Customers
24160,135,2,3046.84,3,5,5,13,Loyal Customers
24161,140,2,2983.34,3,5,5,13,Loyal Customers
24162,143,2,3026.3199999999997,3,5,5,13,Loyal Customers
24163,142,2,2755.1967,3,5,4,12,Loyal Customers
24164,135,2,2796.6086999999998,3,5,5,13,Loyal Customers
24166,114,2,2817.4825,3,5,5,13,Loyal Customers
24167,115,2,2983.34,3,5,5,13,Loyal Customers
24168,96,2,2804.5025,4,5,5,14,Champions
24169,120,2,2749.5125,3,5,4,12,Loyal Customers
24170,109,2,3016.9842,4,5,5,14,Champions
24171,101,2,3028.5883999999996,4,5,5,14,Champions
24172,115,2,2749.5125,3,5,4,12,Loyal Customers
24173,99,2,2796.0606,4,5,5,14,Champions
24174,96,2,2983.34,4,5,5,14,Champions
24175,103,2,2743.0425,4,5,4,13,Champions
24176,111,2,3087.6285,3,5,5,13,Loyal Customers
24177,120,2,2721.5525,3,5,4,12,Loyal Customers
24178,115,2,2809.1867,3,5,5,13,Loyal Customers
24179,114,2,3066.29,3,5,5,13,Loyal Customers
24180,102,1,41.6242,4,3,1,8,Potential Loyalists
24181,295,1,12.56,1,3,1,5,Potential Loyalists
24182,88,1,585.2384,4,3,3,10,Potential Loyalists
24183,212,1,2475.53,2,3,4,9,At Risk
24184,141,1,1034.0817,3,3,3,9,Potential Loyalists
24186,144,1,1054.9975,3,3,4,10,Potential Loyalists
24187,136,1,1035.4275,3,3,4,10,Potential Loyalists
24188,169,1,25.880000000000003,3,3,1,7,Potential Loyalists
24189,121,1,1054.4275,3,3,4,10,Potential Loyalists
24190,193,1,2444.9926,2,3,4,9,At Risk
24191,79,1,539.99,4,3,3,10,Potential Loyalists
24192,104,1,1034.0817,4,3,3,10,Potential Loyalists
24193,99,1,1110.4548,4,3,4,11,Potential Loyalists
24194,185,1,2423.04,2,3,4,9,At Risk
24195,227,1,69.96000000000001,2,3,2,7,Potential Loyalists
24196,162,1,49.96,3,3,1,7,Potential Loyalists
24197,93,1,1034.0817,4,3,3,10,Potential Loyalists
24198,198,1,2431.6942000000004,2,3,4,9,At Risk
24199,68,1,1034.0817,4,3,3,10,Potential Loyalists
24200,61,1,1000.4375,4,3,3,10,Potential Loyalists
24201,168,1,2435.0026000000003,3,3,4,10,Potential Loyalists
24202,121,1,1000.4375,3,3,3,9,Potential Loyalists
24203,135,1,2467.1273,3,3,4,10,Potential Loyalists
24204,66,1,618.8826,4,3,3,10,Potential Loyalists
24205,87,1,636.96,4,3,3,10,Potential Loyalists
24206,313,1,1754.98,1,3,4,8,At Risk
24207,13,1,9.98,5,3,1,9,Potential Loyalists
24208,121,1,1718.2784,3,3,4,10,Potential Loyalists
24209,145,1,1735.98,3,3,4,10,Potential Loyalists
24210,277,1,1758.95,1,3,4,8,At Risk
24211,74,1,1048.5048,4,3,4,11,Potential Loyalists
24212,112,1,1034.0817,3,3,3,9,Potential Loyalists
24213,100,1,1100.129,4,3,4,11,Potential Loyalists
24214,80,1,592.2684,4,3,3,10,Potential Loyalists
24215,13,1,85.7015,5,3,2,10,Potential Loyalists
24216,21,1,60.9126,5,3,2,10,Potential Loyalists
24217,113,1,1088.0717,3,3,4,10,Potential Loyalists
24218,236,1,4.99,2,3,1,6,Potential Loyalists
24219,148,1,2445.6742000000004,3,3,4,10,Potential Loyalists
24220,96,1,75.88,4,3,2,9,Potential Loyalists
24221,23,1,553.97,5,3,3,11,Potential Loyalists
24222,86,1,74.53999999999999,4,3,2,9,Potential Loyalists
24223,265,1,64.56,1,3,2,6,Potential Loyalists
24224,15,1,539.99,5,3,3,11,Potential Loyalists
24225,145,1,123.47999999999999,3,3,3,9,Potential Loyalists
24226,137,1,104.95,3,3,2,8,Potential Loyalists
24227,153,1,69.96,3,3,2,8,Potential Loyalists
24228,47,1,30.46,5,3,1,9,Potential Loyalists
24229,218,1,16.85,2,3,1,6,Potential Loyalists
24230,130,1,27.2684,3,3,1,7,Potential Loyalists
24231,3,1,609.04,5,3,3,11,Potential Loyalists
24232,10,1,567.95,5,3,3,11,Potential Loyalists
24233,28,1,567.95,5,3,3,11,Potential Loyalists
24234,17,1,563.77,5,3,3,11,Potential Loyalists
24235,88,2,4865.66,4,5,5,14,Champions
24236,237,1,122.29150000000001,2,3,2,7,Potential Loyalists
24238,9,1,622.94,5,3,3,11,Potential Loyalists
24239,26,1,605.5942,5,3,3,11,Potential Loyalists
24240,9,1,9.98,5,3,1,9,Potential Loyalists
24241,120,2,3006.31,3,5,5,13,Loyal Customers
24242,116,2,2756.5425,3,5,4,12,Loyal Customers
24243,195,1,52.614200000000004,2,3,1,6,Potential Loyalists
24244,217,2,3497.7774999999997,2,5,5,12,At Risk
24245,10,1,31.830000000000002,5,3,1,9,Potential Loyalists
24246,232,1,19.98,2,3,1,6,Potential Loyalists
24247,118,2,2721.5525,3,5,4,12,Loyal Customers
24248,100,2,2784.5025,4,5,5,14,Champions
24249,94,2,2755.1967,4,5,4,13,Champions
24250,97,2,2747.4825,4,5,4,13,Champions
24251,114,2,2983.34,3,5,5,13,Loyal Customers
24252,88,2,2766.8009,4,5,4,13,Champions
24253,80,1,19.98,4,3,1,8,Potential Loyalists
24254,2,1,603.49,5,3,3,11,Potential Loyalists
24256,277,1,43.6242,1,3,1,5,Potential Loyalists
24257,82,2,2783.1567,4,5,5,14,Champions
24258,31,1,9.98,5,3,1,9,Potential Loyalists
24260,21,1,89.94,5,3,2,10,Potential Loyalists
24261,168,1,74.2242,3,3,2,8,Potential Loyalists
24262,186,1,45.160000000000004,2,3,1,6,Potential Loyalists
24263,168,1,37.18,3,3,1,7,Potential Loyalists
24264,76,1,75.57000000000001,4,3,2,9,Potential Loyalists
24265,159,1,140.8785,3,3,3,9,Potential Loyalists
24266,87,2,2798.5825,4,5,5,14,Champions
24267,186,1,45.86,2,3,1,6,Potential Loyalists
24268,214,1,63.6042,2,3,2,7,Potential Loyalists
24269,106,1,29.96,4,3,1,8,Potential Loyalists
24270,79,2,2858.4925000000003,4,5,5,14,Champions
24271,66,2,2769.1125,4,5,4,13,Champions
24272,87,2,2754.5025,4,5,4,13,Champions
24273,68,2,2721.5525,4,5,4,13,Champions
24274,61,2,3016.9842,4,5,5,14,Champions
24275,304,1,831.33,1,3,3,7,At Risk
24276,294,1,55.8926,1,3,1,5,Potential Loyalists
24277,307,1,29.97,1,3,1,5,Potential Loyalists
24278,209,1,205.97,2,3,3,8,At Risk
24280,163,1,55.54,3,3,1,7,Potential Loyalists
24281,228,2,3182.0,2,5,5,12,At Risk
24282,63,2,3916.1967,4,5,5,14,Champions
24283,71,2,3974.1567,4,5,5,14,Champions
24284,51,2,4857.5599999999995,5,5,5,15,Champions
24285,175,1,32.6,3,3,1,7,Potential Loyalists
24286,10,1,587.65,5,3,3,11,Potential Loyalists
24287,13,1,104.08000000000001,5,3,2,10,Potential Loyalists
24288,83,1,74.2242,4,3,2,9,Potential Loyalists
24289,267,1,32.6,1,3,1,5,Potential Loyalists
24290,157,1,32.6,3,3,1,7,Potential Loyalists
24291,19,1,539.99,5,3,3,11,Potential Loyalists
24292,317,1,45.160000000000004,1,3,1,5,Potential Loyalists
24293,333,1,37.18,1,3,1,5,Potential Loyalists
24294,107,1,66.5126,4,3,2,9,Potential Loyalists
24295,19,1,627.9300000000001,5,3,3,11,Potential Loyalists
24296,27,1,574.98,5,3,3,11,Potential Loyalists
24297,314,1,49.150000000000006,1,3,1,5,Potential Loyalists
24298,290,1,84.6573,1,3,2,6,Potential Loyalists
24299,288,1,45.160000000000004,1,3,1,5,Potential Loyalists
24300,64,2,4144.34,4,5,5,14,Champions
24301,78,2,4144.34,4,5,5,14,Champions
24302,65,2,3882.5525,4,5,5,14,Champions
24303,86,2,4215.618399999999,4,5,5,14,Champions
24304,73,2,3974.1567,4,5,5,14,Champions
24305,87,2,3953.8309,4,5,5,14,Champions
24307,64,2,4167.3099999999995,4,5,5,14,Champions
24308,2,1,633.3057,5,3,3,11,Potential Loyalists
24309,23,2,4793.12,5,5,5,15,Champions
24310,1,2,4836.67,5,5,5,15,Champions
24311,13,1,621.7015,5,3,3,11,Potential Loyalists
24312,154,1,40.58,3,3,1,7,Potential Loyalists
24313,223,1,58.56,2,3,1,6,Potential Loyalists
24314,285,1,79.6962,1,3,2,6,Potential Loyalists
24315,225,1,32.6,2,3,1,6,Potential Loyalists
24316,57,1,41.17,4,3,1,8,Potential Loyalists
24317,310,1,39.47,1,3,1,5,Potential Loyalists
24318,246,1,74.2242,2,3,2,7,Potential Loyalists
24319,46,1,40.58,5,3,1,9,Potential Loyalists
24320,139,1,41.17,3,3,1,7,Potential Loyalists
24321,22,1,557.97,5,3,3,11,Potential Loyalists
24322,117,1,68.49,3,3,2,8,Potential Loyalists
24323,23,1,624.5942,5,3,3,11,Potential Loyalists
24324,8,1,625.94,5,3,3,11,Potential Loyalists
24325,20,1,595.53,5,3,3,11,Potential Loyalists
24326,11,1,570.24,5,3,3,11,Potential Loyalists
24327,3,1,557.97,5,3,3,11,Potential Loyalists
24328,11,1,573.6342,5,3,3,11,Potential Loyalists
24329,8,1,603.49,5,3,3,11,Potential Loyalists
24330,24,1,573.6342,5,3,3,11,Potential Loyalists
24331,27,1,557.97,5,3,3,11,Potential Loyalists
24332,23,2,4838.368399999999,5,5,5,15,Champions
24333,26,1,633.8926,5,3,3,11,Potential Loyalists
24334,16,1,574.98,5,3,3,11,Potential Loyalists
24335,24,1,574.98,5,3,3,11,Potential Loyalists
24336,10,1,557.97,5,3,3,11,Potential Loyalists
24337,12,1,624.5942,5,3,3,11,Potential Loyalists
24338,5,1,567.95,5,3,3,11,Potential Loyalists
24339,364,1,2384.07,1,3,4,8,At Risk
24340,306,1,2402.05,1,3,4,8,At Risk
24341,306,1,2472.01,1,3,4,8,At Risk
24342,17,2,4826.7642,5,5,5,15,Champions
24343,294,1,2489.7043000000003,1,3,4,8,At Risk
24344,304,2,4337.9084,1,5,5,11,At Risk
24345,288,1,2412.03,1,3,4,8,At Risk
24346,248,1,2507.02,2,3,4,9,At Risk
24347,265,1,2419.06,1,3,4,8,At Risk
24348,257,1,2466.1562000000004,1,3,4,8,At Risk
24349,268,1,2417.7142000000003,1,3,4,8,At Risk
24351,265,1,2401.3584,1,3,4,8,At Risk
24352,222,1,2411.04,2,3,4,9,At Risk
24353,236,1,2412.03,2,3,4,9,At Risk
24354,241,1,2481.02,2,3,4,9,At Risk
24355,226,1,40.58,2,3,1,6,Potential Loyalists
24356,6,1,658.45,5,3,3,11,Potential Loyalists
24357,228,1,2441.2623000000003,2,3,4,9,At Risk
24358,217,1,2423.04,2,3,4,9,At Risk
24359,236,1,2451.6200000000003,2,3,4,9,At Risk
24360,234,2,3506.4217,2,5,5,12,At Risk
24361,223,2,3270.98,2,5,5,12,At Risk
24362,239,2,3517.6475,2,5,5,12,At Risk
24364,32,2,4019.4925000000003,5,5,5,15,Champions
24365,239,2,3243.95,2,5,5,12,At Risk
24366,42,2,4144.34,5,5,5,15,Champions
24367,45,2,4177.9842,5,5,5,15,Champions
24368,46,2,3970.1666999999998,5,5,5,15,Champions
24369,61,1,9.98,4,3,1,8,Potential Loyalists
24370,127,1,72.92,3,3,2,8,Potential Loyalists
24371,58,2,4264.9643,4,5,5,14,Champions
24372,182,2,3235.99,2,5,5,12,At Risk
24373,150,1,53.25,3,3,1,7,Potential Loyalists
24375,263,1,63.459999999999994,1,3,2,6,Potential Loyalists
24376,21,1,14.97,5,3,1,9,Potential Loyalists
24377,57,2,3953.8309,4,5,5,14,Champions
24378,34,2,4202.3,5,5,5,15,Champions
24379,247,1,27.96,2,3,1,6,Potential Loyalists
24380,142,1,9.98,3,3,1,7,Potential Loyalists
24381,32,2,4003.8109,5,5,5,15,Champions
24382,154,1,165.26999999999998,3,3,3,9,Potential Loyalists
24383,135,1,2384.07,3,3,4,10,Potential Loyalists
24384,92,1,2436.3484000000003,4,3,4,11,Potential Loyalists
24385,6,1,594.2284,5,3,3,11,Potential Loyalists
24386,358,2,4165.23,1,5,5,11,At Risk
24387,3,1,539.99,5,3,3,11,Potential Loyalists
24388,21,1,596.6042,5,3,3,11,Potential Loyalists
24389,316,1,62.55,1,3,2,6,Potential Loyalists
24390,189,1,32.6,2,3,1,6,Potential Loyalists
24391,211,1,55.370000000000005,2,3,1,6,Potential Loyalists
24392,259,2,4337.9084,1,5,5,11,At Risk
24393,323,1,36.59,1,3,1,5,Potential Loyalists
24394,179,1,40.58,3,3,1,7,Potential Loyalists
24395,271,1,44.57,1,3,1,5,Potential Loyalists
24396,245,1,45.160000000000004,2,3,1,6,Potential Loyalists
24398,253,1,47.42,2,3,1,6,Potential Loyalists
24399,274,1,140.89000000000001,1,3,3,7,At Risk
24400,13,1,622.94,5,3,3,11,Potential Loyalists
24401,150,1,58.56,3,3,1,7,Potential Loyalists
24402,10,1,573.6342,5,3,3,11,Potential Loyalists
24403,355,1,2401.3584,1,3,4,8,At Risk
24404,339,1,2384.07,1,3,4,8,At Risk
24405,339,1,2417.7142000000003,1,3,4,8,At Risk
24406,8,1,199.57999999999998,5,3,3,11,Potential Loyalists
24407,45,1,74.2242,5,3,2,10,Potential Loyalists
24408,31,1,122.6662,5,3,2,10,Potential Loyalists
24409,7,1,78.2142,5,3,2,10,Potential Loyalists
24410,50,1,196.18,5,3,3,11,Potential Loyalists
24411,280,1,74.2242,1,3,2,6,Potential Loyalists
24412,235,1,45.160000000000004,2,3,1,6,Potential Loyalists
24413,349,1,2429.3184,1,3,4,8,At Risk
24414,341,1,2421.02,1,3,4,8,At Risk
24415,320,1,9.98,1,3,1,5,Potential Loyalists
24416,121,1,121.3204,3,3,2,8,Potential Loyalists
24417,353,1,2513.6342,1,3,4,8,At Risk
24418,244,2,4338.6,2,5,5,12,At Risk
24419,244,1,74.2242,2,3,2,7,Potential Loyalists
24420,338,1,2393.06,1,3,4,8,At Risk
24421,335,1,2463.9926,1,3,4,8,At Risk
24422,250,1,152.6,2,3,3,8,At Risk
24423,274,1,32.6,1,3,1,5,Potential Loyalists
24424,281,1,253.57,1,3,3,7,At Risk
24425,357,1,2417.7142000000003,1,3,4,8,At Risk
24426,68,1,74.2242,4,3,2,9,Potential Loyalists
24427,343,1,2411.6200000000003,1,3,4,8,At Risk
24428,39,1,152.6,5,3,3,11,Potential Loyalists
24429,313,1,170.73350000000002,1,3,3,7,At Risk
24430,212,1,144.2615,2,3,3,8,At Risk
24431,229,2,4348.58,2,5,5,12,At Risk
24432,231,1,2438.06,2,3,4,9,At Risk
24433,336,1,2494.1362000000004,1,3,4,8,At Risk
24434,353,1,2403.04,1,3,4,8,At Risk
24435,253,1,63.35,2,3,2,7,Potential Loyalists
24436,305,1,2438.06,1,3,4,8,At Risk
24437,309,1,2464.3284000000003,1,3,4,8,At Risk
24439,119,1,79.56,3,3,2,8,Potential Loyalists
24440,247,1,111.2243,2,3,2,7,Potential Loyalists
24441,211,1,2417.7142000000003,2,3,4,9,At Risk
24442,124,1,80.66730000000001,3,3,2,8,Potential Loyalists
24444,204,1,2466.1562000000004,2,3,4,9,At Risk
24445,211,1,2417.7142000000003,2,3,4,9,At Risk
24446,194,1,2455.3484000000003,2,3,4,9,At Risk
24447,297,1,759.6384,1,3,3,7,At Risk
24448,84,1,70.2342,4,3,2,9,Potential Loyalists
24449,227,1,45.160000000000004,2,3,1,6,Potential Loyalists
24450,285,1,66.2442,1,3,2,6,Potential Loyalists
24451,258,1,42.870000000000005,1,3,1,5,Potential Loyalists
24452,296,1,32.6,1,3,1,5,Potential Loyalists
24453,70,1,80.6142,4,3,2,9,Potential Loyalists
24454,199,1,21.49,2,3,1,6,Potential Loyalists
24455,256,1,95.0373,2,3,2,7,Potential Loyalists
24456,157,1,64.47,3,3,2,8,Potential Loyalists
24457,196,2,3235.99,2,5,5,12,At Risk
24458,54,2,4144.34,4,5,5,14,Champions
24459,42,2,4007.1868,5,5,5,15,Champions
24460,210,2,3182.0,2,5,5,12,At Risk
24461,208,2,3182.0,2,5,5,12,At Risk
24462,209,2,3497.7774999999997,2,5,5,12,At Risk
24463,60,2,3916.1967,4,5,5,14,Champions
24464,196,1,9.98,2,3,1,6,Potential Loyalists
24465,206,2,3235.99,2,5,5,12,At Risk
24466,206,2,3215.6441999999997,2,5,5,12,At Risk
24467,208,2,3216.99,2,5,5,12,At Risk
24468,37,2,4144.34,5,5,5,15,Champions
24469,314,1,67.1723,1,3,2,6,Potential Loyalists
24470,240,1,44.97,2,3,1,6,Potential Loyalists
24471,270,1,9.98,1,3,1,5,Potential Loyalists
24472,12,1,25.880000000000003,5,3,1,9,Potential Loyalists
24473,121,1,27.2684,3,3,1,7,Potential Loyalists
24474,28,2,3882.5525,5,5,5,15,Champions
24475,6,2,3953.8309,5,5,5,15,Champions
24476,211,2,3443.7875,2,5,5,12,At Risk
24477,175,2,3182.0,3,5,5,13,Loyal Customers
24478,154,2,3215.6441999999997,3,5,5,13,Loyal Customers
24480,9,2,4206.88,5,5,5,15,Champions
24481,12,2,4177.9842,5,5,5,15,Champions
24482,13,2,3882.5525,5,5,5,15,Champions
24483,103,1,47.248400000000004,4,3,1,8,Potential Loyalists
24484,178,2,3443.7875,3,5,5,13,Loyal Customers
24485,166,2,3235.99,3,5,5,13,Loyal Customers
24486,329,1,40.58,1,3,1,5,Potential Loyalists
24487,126,1,4.99,3,3,1,7,Potential Loyalists
24488,6,1,35.9126,5,3,1,9,Potential Loyalists
24489,258,1,9.98,1,3,1,5,Potential Loyalists
24490,101,1,44.57,4,3,1,8,Potential Loyalists
24491,742,1,3578.27,1,3,5,9,At Risk
24492,299,1,794.9642,1,3,3,7,At Risk
24493,757,1,3578.27,1,3,5,9,At Risk
24494,330,1,9.99,1,3,1,5,Potential Loyalists
24496,206,2,4378.6,2,5,5,12,At Risk
24497,326,1,74.2242,1,3,2,6,Potential Loyalists
24498,200,1,2429.3184,2,3,4,9,At Risk
24499,220,1,32.6,2,3,1,6,Potential Loyalists
24500,198,1,74.2242,2,3,2,7,Potential Loyalists
24501,732,1,3578.27,1,3,5,9,At Risk
24502,163,2,3524.5279,3,5,5,13,Loyal Customers
24503,150,2,3497.7774999999997,3,5,5,13,Loyal Customers
24504,169,2,3443.7875,3,5,5,13,Loyal Customers
24505,168,2,3182.0,3,5,5,13,Loyal Customers
24506,161,2,3443.7875,3,5,5,13,Loyal Customers
24507,105,1,32.6,4,3,1,8,Potential Loyalists
24508,73,1,122.29150000000001,4,3,2,9,Potential Loyalists
24509,51,1,37.18,5,3,1,9,Potential Loyalists
24510,86,1,64.1281,4,3,2,9,Potential Loyalists
24511,121,1,40.58,3,3,1,7,Potential Loyalists
24512,167,1,32.6,3,3,1,7,Potential Loyalists
24513,260,1,41.17,1,3,1,5,Potential Loyalists
24514,162,1,44.57,3,3,1,7,Potential Loyalists
24515,8,1,75.57000000000001,5,3,2,10,Potential Loyalists
24516,322,1,45.160000000000004,1,3,1,5,Potential Loyalists
24518,173,1,40.58,3,3,1,7,Potential Loyalists
24519,83,1,45.160000000000004,4,3,1,8,Potential Loyalists
24520,182,1,2485.1562000000004,2,3,4,9,At Risk
24521,314,1,2417.7142000000003,1,3,4,8,At Risk
24522,326,1,2482.5600000000004,1,3,4,8,At Risk
24523,323,1,2511.7215,1,3,4,8,At Risk
24524,103,1,37.18,4,3,1,8,Potential Loyalists
24525,291,1,16.85,1,3,1,5,Potential Loyalists
24526,305,1,2419.06,1,3,4,8,At Risk
24527,303,1,2417.7142000000003,1,3,4,8,At Risk
24528,326,1,2458.9,1,3,4,8,At Risk
24529,326,1,2412.03,1,3,4,8,At Risk
24530,240,1,36.59,2,3,1,6,Potential Loyalists
24531,161,1,71.48,3,3,2,8,Potential Loyalists
24532,55,1,37.6342,4,3,1,8,Potential Loyalists
24534,299,1,2276.1325,1,3,4,8,At Risk
24535,166,1,7.98,3,3,1,7,Potential Loyalists
24536,209,1,608.95,2,3,3,8,At Risk
24537,301,1,2254.5225,1,3,4,8,At Risk
24538,32,1,3.99,5,3,1,9,Potential Loyalists
24539,250,1,41.6242,2,3,1,6,Potential Loyalists
24540,201,1,103.60419999999999,2,3,2,7,Potential Loyalists
24541,10,1,99.53999999999999,5,3,2,10,Potential Loyalists
24542,25,1,127.98,5,3,3,11,Potential Loyalists
24543,187,1,56.04730000000001,2,3,1,6,Potential Loyalists
24544,294,1,12.56,1,3,1,5,Potential Loyalists
24545,93,1,104.95,4,3,2,9,Potential Loyalists
24546,256,1,72.25,2,3,2,7,Potential Loyalists
24547,186,1,42.97,2,3,1,6,Potential Loyalists
24548,222,1,41.6242,2,3,1,6,Potential Loyalists
24549,246,1,2251.7967000000003,2,3,4,9,At Risk
24550,326,1,74.53999999999999,1,3,2,6,Potential Loyalists
24551,305,1,220.2285,1,3,3,7,At Risk
24552,25,1,41.6242,5,3,1,9,Potential Loyalists
24553,5,1,7.98,5,3,1,9,Potential Loyalists
24554,137,1,108.5942,3,3,2,8,Potential Loyalists
24555,138,1,122.19839999999999,3,3,2,8,Potential Loyalists
24556,187,1,10.27,2,3,1,6,Potential Loyalists
24557,212,1,103.60419999999999,2,3,2,7,Potential Loyalists
24558,243,1,2232.4951,2,3,4,9,At Risk
24559,89,1,12.56,4,3,1,8,Potential Loyalists
24560,8,1,2154.4769,5,3,4,12,Potential Loyalists
24561,323,1,7.98,1,3,1,5,Potential Loyalists
24562,86,1,7.98,4,3,1,8,Potential Loyalists
24563,154,1,12.56,3,3,1,7,Potential Loyalists
24564,87,1,42.97,4,3,1,8,Potential Loyalists
24565,164,1,584.97,3,3,3,9,Potential Loyalists
24566,37,1,4.99,5,3,1,9,Potential Loyalists
24567,282,1,12.56,1,3,1,5,Potential Loyalists
24568,170,1,32.2584,3,3,1,7,Potential Loyalists
24569,213,1,2222.1425,2,3,4,9,At Risk
24570,34,1,62.97,5,3,2,10,Potential Loyalists
24571,0,1,55.54,5,3,1,9,Potential Loyalists
24572,255,1,7.98,2,3,1,6,Potential Loyalists
24573,221,1,2301.5625,2,3,4,9,At Risk
24574,142,1,108.9799,3,3,2,8,Potential Loyalists
24575,19,1,9.98,5,3,1,9,Potential Loyalists
24576,169,1,93.03730000000002,3,3,2,8,Potential Loyalists
24577,220,1,2232.4951,2,3,4,9,At Risk
24578,52,1,73.03999999999999,4,3,2,9,Potential Loyalists
24579,12,1,42.97,5,3,1,9,Potential Loyalists
24581,61,1,43.6242,4,3,1,8,Potential Loyalists
24582,198,1,2212.8309,2,3,4,9,At Risk
24583,194,1,2223.8509,2,3,4,9,At Risk
24584,204,1,51.624199999999995,2,3,1,6,Potential Loyalists
24585,178,2,3273.6041999999998,3,5,5,13,Loyal Customers
24586,1,2,4144.34,5,5,5,15,Champions
24587,14,2,3882.5525,5,5,5,15,Champions
24589,282,1,77.2684,1,3,2,6,Potential Loyalists
24590,5,2,3940.5125,5,5,5,15,Champions
24591,144,1,63.97,3,3,2,8,Potential Loyalists
24592,21,2,3901.5225,5,5,5,15,Champions
24594,303,1,44.97,1,3,1,5,Potential Loyalists
24595,267,1,65.6042,1,3,2,6,Potential Loyalists
24596,15,2,4191.4362,5,5,5,15,Champions
24597,17,2,4042.7909,5,5,5,15,Champions
24598,19,2,4253.3,5,5,5,15,Champions
24599,136,1,53.94,3,3,1,7,Potential Loyalists
24600,89,1,14.97,4,3,1,8,Potential Loyalists
24601,9,2,3882.5525,5,5,5,15,Champions
24602,9,2,3882.5525,5,5,5,15,Champions
24603,73,1,44.97,4,3,1,8,Potential Loyalists
24604,362,2,3590.7275,1,5,5,11,At Risk
24605,341,2,3510.4017,1,5,5,11,At Risk
24606,348,2,2034.5192,1,5,4,10,At Risk
24607,114,1,9.98,3,3,1,7,Potential Loyalists
24608,312,2,2000.875,1,5,4,10,At Risk
24609,327,2,2000.875,1,5,4,10,At Risk
24610,109,1,49.96,4,3,1,8,Potential Loyalists
24611,332,2,2098.0191999999997,1,5,4,10,At Risk
24612,314,2,2063.415,1,5,4,10,At Risk
24613,327,2,2055.435,1,5,4,10,At Risk
24614,314,2,2000.875,1,5,4,10,At Risk
24615,295,2,2034.5192,1,5,4,10,At Risk
24616,141,1,74.2242,3,3,2,8,Potential Loyalists
24617,238,1,39.47,2,3,1,6,Potential Loyalists
24618,197,1,32.6,2,3,1,6,Potential Loyalists
24619,288,1,32.6,1,3,1,5,Potential Loyalists
24620,62,1,195.59,4,3,3,10,Potential Loyalists
24621,219,1,33.83,2,3,1,6,Potential Loyalists
24622,218,1,121.3204,2,3,2,7,Potential Loyalists
24624,167,1,49.150000000000006,3,3,1,7,Potential Loyalists
24625,85,1,27.2684,4,3,1,8,Potential Loyalists
24626,133,1,45.160000000000004,3,3,1,7,Potential Loyalists
24627,166,1,73.48,3,3,2,8,Potential Loyalists
24628,46,1,32.6,5,3,1,9,Potential Loyalists
24629,239,1,100.09,2,3,2,7,Potential Loyalists
24630,212,1,14.97,2,3,1,6,Potential Loyalists
24631,39,1,169.3877,5,3,3,11,Potential Loyalists
24632,182,1,2486.0973000000004,2,3,4,9,At Risk
24633,206,1,2455.3484000000003,2,3,4,9,At Risk
24634,79,1,149.2615,4,3,3,10,Potential Loyalists
24636,39,1,32.6,5,3,1,9,Potential Loyalists
24637,49,1,22.278399999999998,5,3,1,9,Potential Loyalists
24638,54,1,79.6962,4,3,2,9,Potential Loyalists
24639,27,1,43.6242,5,3,1,9,Potential Loyalists
24640,192,1,2419.06,2,3,4,9,At Risk
24641,206,1,2384.07,2,3,4,9,At Risk
24642,121,1,42.870000000000005,3,3,1,7,Potential Loyalists
24643,173,1,37.18,3,3,1,7,Potential Loyalists
24644,210,1,2402.05,2,3,4,9,At Risk
24645,184,1,2438.06,2,3,4,9,At Risk
24646,738,1,3578.27,1,3,5,9,At Risk
24647,57,1,44.97,4,3,1,8,Potential Loyalists
24649,206,1,9.98,2,3,1,6,Potential Loyalists
24650,116,1,40.58,3,3,1,7,Potential Loyalists
24651,204,1,74.2242,2,3,2,7,Potential Loyalists
24652,329,1,95.57000000000001,1,3,2,6,Potential Loyalists
24653,151,1,2393.06,3,3,4,10,Potential Loyalists
24654,170,1,2482.03,3,3,4,10,Potential Loyalists
24655,99,1,32.6,4,3,1,8,Potential Loyalists
24656,221,1,37.18,2,3,1,6,Potential Loyalists
24657,31,1,104.08000000000001,5,3,2,10,Potential Loyalists
24658,219,1,45.160000000000004,2,3,1,6,Potential Loyalists
24659,92,1,30.46,4,3,1,8,Potential Loyalists
24660,329,1,2417.7142000000003,1,3,4,8,At Risk
24661,336,2,4181.76,1,5,5,11,At Risk
24662,317,1,2536.4258,1,3,4,8,At Risk
24664,130,2,4421.53,3,5,5,13,Loyal Customers
24665,149,1,113.03730000000002,3,3,2,8,Potential Loyalists
24666,41,2,4368.6873,5,5,5,15,Champions
24668,150,1,2536.01,3,3,4,10,Potential Loyalists
24669,325,1,2419.06,1,3,4,8,At Risk
24670,276,1,2419.06,1,3,4,8,At Risk
24671,17,2,4388.58,5,5,5,15,Champions
24673,275,1,2428.05,1,3,4,8,At Risk
24674,295,1,2384.07,1,3,4,8,At Risk
24675,298,1,2417.7142000000003,1,3,4,8,At Risk
24676,174,1,2466.54,3,3,4,10,Potential Loyalists
24677,227,1,32.6,2,3,1,6,Potential Loyalists
24678,137,1,104.08000000000001,3,3,2,8,Potential Loyalists
24679,41,1,70.2342,5,3,2,10,Potential Loyalists
24680,281,1,2452.03,1,3,4,8,At Risk
24681,296,1,2467.02,1,3,4,8,At Risk
24682,65,1,64.97,4,3,2,9,Potential Loyalists
24683,174,1,2401.3584,3,3,4,10,Potential Loyalists
24684,179,1,2401.3584,3,3,4,10,Potential Loyalists
24685,157,1,2401.3584,3,3,4,10,Potential Loyalists
24687,201,1,98.6473,2,3,2,7,Potential Loyalists
24688,122,1,2410.0026000000003,3,3,4,10,Potential Loyalists
24689,67,1,1035.4275,4,3,4,11,Potential Loyalists
24690,66,1,650.5268,4,3,3,10,Potential Loyalists
24691,214,1,3.99,2,3,1,6,Potential Loyalists
24692,8,1,41.6242,5,3,1,9,Potential Loyalists
24693,259,1,14.56,1,3,1,5,Potential Loyalists
24694,233,1,61.97,2,3,2,7,Potential Loyalists
24695,292,1,173.56,1,3,3,7,At Risk
24696,118,1,47.559999999999995,3,3,1,7,Potential Loyalists
24697,81,1,1048.5048,4,3,4,11,Potential Loyalists
24698,85,1,573.6342,4,3,3,10,Potential Loyalists
24699,18,1,57.0762,5,3,1,9,Potential Loyalists
24700,87,1,2466.02,4,3,4,11,Potential Loyalists
24701,130,1,1751.9226,3,3,4,10,Potential Loyalists
24702,56,1,1054.4275,4,3,4,11,Potential Loyalists
24703,267,1,9.98,1,3,1,5,Potential Loyalists
24705,71,1,1035.4275,4,3,4,11,Potential Loyalists
24706,64,1,596.4881,4,3,3,10,Potential Loyalists
24707,68,1,2402.05,4,3,4,11,Potential Loyalists
24708,41,1,2417.7142000000003,5,3,4,12,Potential Loyalists
24709,121,1,1735.98,3,3,4,10,Potential Loyalists
24710,289,1,1763.53,1,3,4,8,At Risk
24711,289,1,1749.0573,1,3,4,8,At Risk
24712,56,1,1000.4375,4,3,3,10,Potential Loyalists
24713,303,1,14.56,1,3,1,5,Potential Loyalists
24715,84,1,57.0762,4,3,1,8,Potential Loyalists
24716,90,1,570.91,4,3,3,10,Potential Loyalists
24717,63,1,539.99,4,3,3,10,Potential Loyalists
24718,264,1,1749.0573,1,3,4,8,At Risk
24719,69,1,101.60419999999999,4,3,2,9,Potential Loyalists
24720,206,1,30.46,2,3,1,6,Potential Loyalists
24721,100,1,91.6915,4,3,2,9,Potential Loyalists
24722,102,1,67.96,4,3,2,9,Potential Loyalists
24723,248,1,1822.45,2,3,4,9,At Risk
24724,90,1,57.959999999999994,4,3,1,8,Potential Loyalists
24725,236,1,42.870000000000005,2,3,1,6,Potential Loyalists
24726,117,1,74.2242,3,3,2,8,Potential Loyalists
24727,0,1,75.57000000000001,5,3,2,10,Potential Loyalists
24728,125,1,79.6962,3,3,2,8,Potential Loyalists
24729,222,1,63.97,2,3,2,7,Potential Loyalists
24730,224,1,44.97,2,3,1,6,Potential Loyalists
24731,24,1,9.98,5,3,1,9,Potential Loyalists
24732,144,1,115.8484,3,3,2,8,Potential Loyalists
24733,24,1,14.56,5,3,1,9,Potential Loyalists
24734,285,1,2502.0399,1,3,4,8,At Risk
24735,288,1,2484.4157,1,3,4,8,At Risk
24736,210,1,70.2342,2,3,2,7,Potential Loyalists
24737,269,1,58.77,1,3,1,5,Potential Loyalists
24738,144,1,2452.01,3,3,4,10,Potential Loyalists
24739,142,1,2485.6742000000004,3,3,4,10,Potential Loyalists
24740,238,1,117.3304,2,3,2,7,Potential Loyalists
24741,332,1,32.6,1,3,1,5,Potential Loyalists
24742,274,1,40.58,1,3,1,5,Potential Loyalists
24743,134,1,75.86,3,3,2,8,Potential Loyalists
24744,80,1,9.98,4,3,1,8,Potential Loyalists
24745,155,1,59.959999999999994,3,3,1,7,Potential Loyalists
24746,327,1,27.2684,1,3,1,5,Potential Loyalists
24748,307,1,48.6142,1,3,1,5,Potential Loyalists
24749,95,1,94.95,4,3,2,9,Potential Loyalists
24750,81,1,59.959999999999994,4,3,1,8,Potential Loyalists
24751,182,1,174.56,2,3,3,8,At Risk
24752,219,1,774.3100000000001,2,3,3,8,At Risk
24753,204,1,798.9642,2,3,3,8,At Risk
24754,138,1,2480.88,3,3,4,10,Potential Loyalists
24755,139,1,43.6242,3,3,1,7,Potential Loyalists
24756,130,1,2412.03,3,3,4,10,Potential Loyalists
24757,0,2,4362.2142,5,5,5,15,Champions
24758,83,1,37.18,4,3,1,8,Potential Loyalists
24759,26,2,4387.2142,5,5,5,15,Champions
24760,137,1,2419.06,3,3,4,10,Potential Loyalists
24761,122,1,2419.06,3,3,4,10,Potential Loyalists
24762,134,1,2401.3584,3,3,4,10,Potential Loyalists
24763,258,1,4.99,1,3,1,5,Potential Loyalists
24764,135,1,2412.03,3,3,4,10,Potential Loyalists
24765,83,1,111.8584,4,3,2,9,Potential Loyalists
24766,155,1,74.2242,3,3,2,8,Potential Loyalists
24767,119,1,84.6573,3,3,2,8,Potential Loyalists
24768,248,1,32.6,2,3,1,6,Potential Loyalists
24769,66,1,37.18,4,3,1,8,Potential Loyalists
24770,147,1,2407.04,3,3,4,10,Potential Loyalists
24771,300,1,64.97,1,3,2,6,Potential Loyalists
24772,261,1,199.57999999999998,1,3,3,7,At Risk
24773,255,1,14.56,2,3,1,6,Potential Loyalists
24774,170,1,32.6,3,3,1,7,Potential Loyalists
24776,310,1,95.57000000000001,1,3,2,6,Potential Loyalists
24777,318,1,71.58000000000001,1,3,2,6,Potential Loyalists
24778,309,2,2867.4825,1,5,5,11,At Risk
24779,278,1,2417.7142000000003,1,3,4,8,At Risk
24780,295,1,2384.07,1,3,4,8,At Risk
24781,724,1,2181.5625,1,3,4,8,At Risk
24782,145,1,2456.61,3,3,4,10,Potential Loyalists
24783,102,1,2456.61,4,3,4,11,Potential Loyalists
24784,268,1,2401.3584,1,3,4,8,At Risk
24785,101,1,2436.92,4,3,4,11,Potential Loyalists
24786,712,1,2443.35,1,3,4,8,At Risk
24787,108,1,2410.0026000000003,4,3,4,11,Potential Loyalists
24788,104,1,2447.04,4,3,4,11,Potential Loyalists
24789,92,1,2417.7142000000003,4,3,4,11,Potential Loyalists
24790,107,1,2440.6842,4,3,4,11,Potential Loyalists
24791,102,1,2417.7142000000003,4,3,4,11,Potential Loyalists
24792,91,1,2417.7142000000003,4,3,4,11,Potential Loyalists
24793,74,1,2417.7142000000003,4,3,4,11,Potential Loyalists
24794,72,1,2451.1073,4,3,4,11,Potential Loyalists
24795,72,1,2521.01,4,3,4,11,Potential Loyalists
24796,86,1,2412.03,4,3,4,11,Potential Loyalists
24797,81,1,2402.05,4,3,4,11,Potential Loyalists
24798,79,1,2439.0,4,3,4,11,Potential Loyalists
24799,64,1,2466.02,4,3,4,11,Potential Loyalists
24800,74,1,2417.7142000000003,4,3,4,11,Potential Loyalists
24801,86,1,2417.7142000000003,4,3,4,11,Potential Loyalists
24802,269,1,2420.6742000000004,1,3,4,8,At Risk
24803,216,1,32.6,2,3,1,6,Potential Loyalists
24804,266,1,2384.07,1,3,4,8,At Risk
24805,183,1,9.98,2,3,1,6,Potential Loyalists
24806,269,1,2442.05,1,3,4,8,At Risk
24807,259,1,2465.7815,1,3,4,8,At Risk
24808,264,1,2429.3184,1,3,4,8,At Risk
24809,262,1,2417.7142000000003,1,3,4,8,At Risk
24810,63,1,2419.06,4,3,4,11,Potential Loyalists
24811,88,1,2438.06,4,3,4,11,Potential Loyalists
24812,207,1,80.66730000000001,2,3,2,7,Potential Loyalists
24813,258,1,74.2242,1,3,2,6,Potential Loyalists
24814,55,1,2417.7142000000003,4,3,4,11,Potential Loyalists
24815,262,1,2438.06,1,3,4,8,At Risk
24816,182,1,9.98,2,3,1,6,Potential Loyalists
24817,711,1,2181.5625,1,3,4,8,At Risk
24818,245,1,2438.06,2,3,4,9,At Risk
24819,257,1,2410.0026000000003,1,3,4,8,At Risk
24820,326,1,45.160000000000004,1,3,1,5,Potential Loyalists
24821,158,1,53.08,3,3,1,7,Potential Loyalists
24822,142,1,203.57,3,3,3,9,Potential Loyalists
24824,713,1,2181.5625,1,3,4,8,At Risk
24825,104,1,9.98,4,3,1,8,Potential Loyalists
24826,170,1,121.3204,3,3,2,8,Potential Loyalists
24827,264,1,37.18,1,3,1,5,Potential Loyalists
24828,41,1,2417.7142000000003,5,3,4,12,Potential Loyalists
24829,322,1,37.18,1,3,1,5,Potential Loyalists
24830,258,1,125.3104,1,3,3,7,At Risk
24831,46,1,2412.03,5,3,4,12,Potential Loyalists
24832,701,1,2181.5625,1,3,4,8,At Risk
24833,102,1,1754.98,4,3,4,11,Potential Loyalists
24834,244,1,1751.9226,2,3,4,9,At Risk
24835,48,1,1048.5048,5,3,4,12,Potential Loyalists
24836,65,1,57.0762,4,3,1,8,Potential Loyalists
24837,132,1,610.85,3,3,3,9,Potential Loyalists
24838,100,1,26.07,4,3,1,8,Potential Loyalists
24839,332,1,66.86,1,3,2,6,Potential Loyalists
24840,17,1,52.086200000000005,5,3,1,9,Potential Loyalists
24841,11,1,2075.6582,5,3,4,12,Potential Loyalists
24842,194,1,69.05,2,3,2,7,Potential Loyalists
24843,98,1,114.46000000000001,4,3,2,9,Potential Loyalists
24844,17,1,50.959999999999994,5,3,1,9,Potential Loyalists
24845,86,1,110.5368,4,3,2,9,Potential Loyalists
24846,203,1,47.559999999999995,2,3,1,6,Potential Loyalists
24847,193,1,2310.3702,2,3,4,9,At Risk
24849,54,1,55.54,4,3,1,8,Potential Loyalists
24850,112,1,621.7015,3,3,3,9,Potential Loyalists
24851,170,1,57.0762,3,3,1,7,Potential Loyalists
24852,186,1,2204.5325,2,3,4,9,At Risk
24853,132,1,43.6242,3,3,1,7,Potential Loyalists
24854,174,1,47.559999999999995,3,3,1,7,Potential Loyalists
24855,313,1,54.949999999999996,1,3,1,5,Potential Loyalists
24856,80,1,74.74,4,3,2,9,Potential Loyalists
24857,181,1,9.98,2,3,1,6,Potential Loyalists
24858,259,1,44.97,1,3,1,5,Potential Loyalists
24860,194,1,2280.4551,2,3,4,9,At Risk
24861,61,1,96.97,4,3,2,9,Potential Loyalists
24862,201,1,96.97,2,3,2,7,Potential Loyalists
24863,293,1,36.34,1,3,1,5,Potential Loyalists
24864,161,1,191.44,3,3,3,9,Potential Loyalists
24865,155,1,2216.5525,3,3,4,10,Potential Loyalists
24866,293,1,53.25,1,3,1,5,Potential Loyalists
24867,144,1,42.98,3,3,1,7,Potential Loyalists
24868,163,1,2265.8008999999997,3,3,4,10,Potential Loyalists
24869,96,1,43.6242,4,3,1,8,Potential Loyalists
24870,168,1,2209.5225,3,3,4,10,Potential Loyalists
24871,166,1,69.15,3,3,2,8,Potential Loyalists
24872,287,1,26.07,1,3,1,5,Potential Loyalists
24873,31,1,557.2784,5,3,3,11,Potential Loyalists
24874,73,1,42.98,4,3,1,8,Potential Loyalists
24875,183,1,55.54,2,3,1,6,Potential Loyalists
24876,251,1,80.5562,2,3,2,7,Potential Loyalists
24878,222,1,47.559999999999995,2,3,1,6,Potential Loyalists
24879,82,1,42.98,4,3,1,8,Potential Loyalists
24880,10,1,48.6142,5,3,1,9,Potential Loyalists
24881,198,1,9.98,2,3,1,6,Potential Loyalists
24882,291,1,49.849999999999994,1,3,1,5,Potential Loyalists
24883,357,1,2232.4951,1,3,4,8,At Risk
24884,89,1,47.559999999999995,4,3,1,8,Potential Loyalists
24886,181,1,80.47,2,3,2,7,Potential Loyalists
24887,291,2,2105.7976,1,5,4,10,At Risk
24888,277,2,2054.865,1,5,4,10,At Risk
24889,284,2,2182.825,1,5,4,10,At Risk
24890,323,1,43.6242,1,3,1,5,Potential Loyalists
24891,20,1,9.98,5,3,1,9,Potential Loyalists
24892,9,1,14.56,5,3,1,9,Potential Loyalists
24893,221,1,47.559999999999995,2,3,1,6,Potential Loyalists
24894,313,1,4.99,1,3,1,5,Potential Loyalists
24895,299,1,9.98,1,3,1,5,Potential Loyalists
24896,40,1,30.46,5,3,1,9,Potential Loyalists
24897,165,1,9.98,3,3,1,7,Potential Loyalists
24898,247,1,14.56,2,3,1,6,Potential Loyalists
24899,310,1,147.4,1,3,3,7,At Risk
24900,296,2,2035.865,1,5,4,10,At Risk
24901,297,2,2054.865,1,5,4,10,At Risk
24902,276,2,2000.875,1,5,4,10,At Risk
24903,293,2,2044.855,1,5,4,10,At Risk
24904,282,2,2106.9022999999997,1,5,4,10,At Risk
24905,270,2,2098.9223,1,5,4,10,At Risk
24906,267,1,104.57419999999999,1,3,2,6,Potential Loyalists
24907,265,2,2080.7976,1,5,4,10,At Risk
24908,254,2,2034.5192,2,5,4,11,At Risk
24909,246,2,2062.825,2,5,4,11,At Risk
24910,260,2,2072.1534,1,5,4,10,At Risk
24911,149,1,106.2584,3,3,2,8,Potential Loyalists
24912,258,2,2000.875,1,5,4,10,At Risk
24913,230,2,2034.5192,2,5,4,11,At Risk
24914,239,2,2033.845,2,5,4,11,At Risk
24915,232,2,2075.8450000000003,2,5,4,11,At Risk
24916,239,2,2057.4892,2,5,4,11,At Risk
24917,228,2,2066.9223,2,5,4,11,At Risk
24918,220,2,2000.875,2,5,4,11,At Risk
24919,239,2,2105.1234,2,5,4,11,At Risk
24920,239,2,2034.5192,2,5,4,11,At Risk
24921,229,2,2081.6154,2,5,4,11,At Risk
24922,214,2,2050.855,2,5,4,11,At Risk
24923,222,2,2075.9312,2,5,4,11,At Risk
24924,208,2,2046.4692,2,5,4,11,At Risk
24925,13,1,64.53999999999999,5,3,2,10,Potential Loyalists
24926,4,1,69.96000000000001,5,3,2,10,Potential Loyalists
24927,267,1,225.82999999999998,1,3,3,7,At Risk
24928,258,1,54.559999999999995,1,3,1,5,Potential Loyalists
24929,194,1,93.60419999999999,2,3,2,7,Potential Loyalists
24930,318,1,93.60419999999999,1,3,2,6,Potential Loyalists
24931,173,1,40.58,3,3,1,7,Potential Loyalists
24932,212,1,74.2242,2,3,2,7,Potential Loyalists
24933,271,1,32.6,1,3,1,5,Potential Loyalists
24934,25,1,32.6,5,3,1,9,Potential Loyalists
24935,113,1,47.45,3,3,1,7,Potential Loyalists
24936,48,1,45.160000000000004,5,3,1,9,Potential Loyalists
24937,25,1,32.6,5,3,1,9,Potential Loyalists
24938,182,1,45.160000000000004,2,3,1,6,Potential Loyalists
24939,131,1,14.56,3,3,1,7,Potential Loyalists
24940,333,1,39.47,1,3,1,5,Potential Loyalists
24941,280,1,32.6,1,3,1,5,Potential Loyalists
24942,60,1,2419.06,4,3,4,11,Potential Loyalists
24943,32,1,74.2242,5,3,2,10,Potential Loyalists
24944,272,1,128.2142,1,3,3,7,At Risk
24945,229,1,152.6,2,3,3,8,At Risk
24946,250,1,45.160000000000004,2,3,1,6,Potential Loyalists
24947,208,1,43.6242,2,3,1,6,Potential Loyalists
24948,96,1,40.58,4,3,1,8,Potential Loyalists
24949,60,1,32.6,4,3,1,8,Potential Loyalists
24950,105,1,45.160000000000004,4,3,1,8,Potential Loyalists
24951,150,1,32.6,3,3,1,7,Potential Loyalists
24952,317,1,74.2242,1,3,2,6,Potential Loyalists
24953,197,1,54.559999999999995,2,3,1,6,Potential Loyalists
24954,82,1,74.2242,4,3,2,9,Potential Loyalists
24955,173,1,742.35,3,3,3,9,Potential Loyalists
24956,173,1,760.33,3,3,3,9,Potential Loyalists
24957,176,1,777.34,3,3,3,9,Potential Loyalists
24958,41,1,2384.07,5,3,4,12,Potential Loyalists
24959,255,1,2419.06,2,3,4,9,At Risk
24960,282,2,3034.3,1,5,5,11,At Risk
24961,176,1,70.2342,3,3,2,8,Potential Loyalists
24962,158,1,32.6,3,3,1,7,Potential Loyalists
24963,250,1,32.6,2,3,1,6,Potential Loyalists
24965,188,1,70.2342,2,3,2,7,Potential Loyalists
24966,251,1,2417.7142000000003,2,3,4,9,At Risk
24968,183,1,56.480000000000004,2,3,1,6,Potential Loyalists
24969,306,1,37.18,1,3,1,5,Potential Loyalists
24970,195,1,45.160000000000004,2,3,1,6,Potential Loyalists
24971,58,1,152.6,4,3,3,10,Potential Loyalists
24972,55,1,2412.03,4,3,4,11,Potential Loyalists
24973,206,1,74.2242,2,3,2,7,Potential Loyalists
24974,111,1,104.08000000000001,3,3,2,8,Potential Loyalists
24975,71,1,77.91,4,3,2,9,Potential Loyalists
24976,726,1,2181.5625,1,3,4,8,At Risk
24977,717,1,2181.5625,1,3,4,8,At Risk
24978,166,1,159.07,3,3,3,9,Potential Loyalists
24979,47,1,2419.06,5,3,4,12,Potential Loyalists
24980,206,1,32.6,2,3,1,6,Potential Loyalists
24981,106,1,32.6,4,3,1,8,Potential Loyalists
24982,243,1,37.18,2,3,1,6,Potential Loyalists
24983,59,1,45.160000000000004,4,3,1,8,Potential Loyalists
24984,147,1,40.58,3,3,1,7,Potential Loyalists
24985,113,1,125.3104,3,3,3,9,Potential Loyalists
24986,56,1,9.98,4,3,1,8,Potential Loyalists
24987,46,1,2442.05,5,3,4,12,Potential Loyalists
24988,267,1,2419.06,1,3,4,8,At Risk
24989,327,1,40.58,1,3,1,5,Potential Loyalists
24990,246,1,2529.0873,2,3,4,9,At Risk
24991,258,1,37.18,1,3,1,5,Potential Loyalists
24992,205,1,61.03,2,3,2,7,Potential Loyalists
24993,19,1,83.68620000000001,5,3,2,10,Potential Loyalists
24994,333,1,34.89,1,3,1,5,Potential Loyalists
24995,281,1,9.98,1,3,1,5,Potential Loyalists
24996,58,1,2452.03,4,3,4,11,Potential Loyalists
24997,9,1,2438.06,5,3,4,12,Potential Loyalists
24998,269,1,2438.06,1,3,4,8,At Risk
24999,101,1,32.6,4,3,1,8,Potential Loyalists
25000,15,1,2452.03,5,3,4,12,Potential Loyalists
25001,173,1,68.60419999999999,3,3,2,8,Potential Loyalists
25002,178,1,9.98,3,3,1,7,Potential Loyalists
25005,272,1,93.60419999999999,1,3,2,6,Potential Loyalists
25006,181,1,84.95,2,3,2,7,Potential Loyalists
25007,246,1,54.559999999999995,2,3,1,6,Potential Loyalists
25008,9,1,2438.06,5,3,4,12,Potential Loyalists
25009,81,1,29.96,4,3,1,8,Potential Loyalists
25010,70,2,1540.4275,4,5,4,13,Champions
25011,81,2,1602.0317,4,5,4,13,Champions
25012,258,1,102.0562,1,3,2,6,Potential Loyalists
25013,48,1,84.95,5,3,2,10,Potential Loyalists
25014,18,1,2417.7142000000003,5,3,4,12,Potential Loyalists
25015,264,1,2470.54,1,3,4,8,At Risk
25016,155,1,9.98,3,3,1,7,Potential Loyalists
25017,123,1,19.97,3,3,1,7,Potential Loyalists
25018,211,1,204.16,2,3,3,8,At Risk
25019,36,1,47.248400000000004,5,3,1,9,Potential Loyalists
25020,88,2,1558.4075,4,5,4,13,Champions
25021,81,2,1568.3875,4,5,4,13,Champions
25022,64,2,1563.9756,4,5,4,13,Champions
25023,254,1,45.160000000000004,2,3,1,6,Potential Loyalists
25024,138,1,32.6,3,3,1,7,Potential Loyalists
25025,267,1,2467.1273,1,3,4,8,At Risk
25026,303,1,12.56,1,3,1,5,Potential Loyalists
25029,150,2,2208.4049999999997,3,5,4,12,Loyal Customers
25030,128,2,2081.6154,3,5,4,12,Loyal Customers
25031,239,1,50.959999999999994,2,3,1,6,Potential Loyalists
25032,147,2,2092.4791999999998,3,5,4,12,Loyal Customers
25033,144,2,2000.875,3,5,4,12,Loyal Customers
25034,190,2,2052.4992,2,5,4,11,At Risk
25035,193,2,2063.5092,2,5,4,11,At Risk
25036,204,2,2000.875,2,5,4,11,At Risk
25037,188,2,2054.865,2,5,4,11,At Risk
25038,1,1,2438.06,5,3,4,12,Potential Loyalists
25039,39,1,32.6,5,3,1,9,Potential Loyalists
25040,26,1,2456.61,5,3,4,12,Potential Loyalists
25041,36,1,32.6,5,3,1,9,Potential Loyalists
25042,7,1,2417.7142000000003,5,3,4,12,Potential Loyalists
25043,126,1,169.8884,3,3,3,9,Potential Loyalists
25044,221,1,36.59,2,3,1,6,Potential Loyalists
25045,329,1,41.17,1,3,1,5,Potential Loyalists
25046,726,1,2181.5625,1,3,4,8,At Risk
25047,27,1,2451.1073,5,3,4,12,Potential Loyalists
25048,281,2,3046.84,1,5,5,11,At Risk
25049,242,1,2401.3584,2,3,4,9,At Risk
25050,239,1,2419.06,2,3,4,9,At Risk
25051,196,2,2054.865,2,5,4,11,At Risk
25052,181,2,2034.5192,2,5,4,11,At Risk
25053,209,2,2072.1534,2,5,4,11,At Risk
25054,157,1,107.1242,3,3,2,8,Potential Loyalists
25055,99,1,14.56,4,3,1,8,Potential Loyalists
25056,129,1,16.85,3,3,1,7,Potential Loyalists
25057,210,2,2000.875,2,5,4,11,At Risk
25058,62,1,14.56,4,3,1,8,Potential Loyalists
25059,240,1,2461.6081000000004,2,3,4,9,At Risk
25060,231,1,2417.7142000000003,2,3,4,9,At Risk
25061,706,1,2443.35,1,3,4,8,At Risk
25062,259,1,32.2584,1,3,1,5,Potential Loyalists
25063,23,1,2417.7142000000003,5,3,4,12,Potential Loyalists
25064,238,1,2446.7042,2,3,4,9,At Risk
25065,272,1,71.58000000000001,1,3,2,6,Potential Loyalists
25067,5,1,70.2342,5,3,2,10,Potential Loyalists
25068,76,1,32.6,4,3,1,8,Potential Loyalists
25069,186,1,74.2242,2,3,2,7,Potential Loyalists
25070,101,1,73.48,4,3,2,9,Potential Loyalists
25072,10,1,2465.7815,5,3,4,12,Potential Loyalists
25073,5,1,2473.05,5,3,4,12,Potential Loyalists
25074,218,1,2402.05,2,3,4,9,At Risk
25075,238,1,2465.7815,2,3,4,9,At Risk
25076,9,1,2465.7815,5,3,4,12,Potential Loyalists
25077,14,1,2417.7142000000003,5,3,4,12,Potential Loyalists
25078,25,1,2507.02,5,3,4,12,Potential Loyalists
25079,212,1,2417.7142000000003,2,3,4,9,At Risk
25080,232,1,2445.6742000000004,2,3,4,9,At Risk
25081,129,1,775.9942,3,3,3,9,Potential Loyalists
25082,78,1,37.18,4,3,1,8,Potential Loyalists
25083,50,1,40.58,5,3,1,9,Potential Loyalists
25084,16,1,2402.05,5,3,4,12,Potential Loyalists
25085,341,1,1242.81,1,3,4,8,At Risk
25086,362,1,1363.5503999999999,1,3,4,8,At Risk
25087,339,1,1248.4941999999999,1,3,4,8,At Risk
25088,348,1,1249.84,1,3,4,8,At Risk
25089,98,1,34.89,4,3,1,8,Potential Loyalists
25090,18,1,85.86,5,3,2,10,Potential Loyalists
25091,264,1,40.58,1,3,1,5,Potential Loyalists
25092,354,1,1300.0983999999999,1,3,4,8,At Risk
25093,714,1,2181.5625,1,3,4,8,At Risk
25094,716,1,2443.35,1,3,4,8,At Risk
25095,696,1,2443.35,1,3,4,8,At Risk
25096,318,1,1258.7099999999998,1,3,4,8,At Risk
25097,317,1,1268.84,1,3,4,8,At Risk
25098,308,1,1287.3899999999999,1,3,4,8,At Risk
25099,307,1,1248.4941999999999,1,3,4,8,At Risk
25100,694,1,2443.35,1,3,4,8,At Risk
25102,311,1,74.2242,1,3,2,6,Potential Loyalists
25103,145,1,98.56,3,3,2,8,Potential Loyalists
25104,259,2,3016.9842,1,5,5,11,At Risk
25105,237,1,2436.6842,2,3,4,9,At Risk
25106,196,2,2048.9423,2,5,4,11,At Risk
25107,211,2,2046.1234,2,5,4,11,At Risk
25108,143,2,2078.4131,3,5,4,12,Loyal Customers
25109,214,1,9.98,2,3,1,6,Potential Loyalists
25110,154,1,38.6342,3,3,1,7,Potential Loyalists
25111,205,2,2075.8450000000003,2,5,4,11,At Risk
25112,127,2,2034.5192,3,5,4,12,Loyal Customers
25113,130,2,2081.6154,3,5,4,12,Loyal Customers
25114,133,2,2034.5192,3,5,4,12,Loyal Customers
25115,194,2,2034.5192,2,5,4,11,At Risk
25116,211,1,44.97,2,3,1,6,Potential Loyalists
25118,129,1,19.55,3,3,1,7,Potential Loyalists
25119,192,2,2055.435,2,5,4,11,At Risk
25120,194,2,2034.5192,2,5,4,11,At Risk
25121,191,2,2034.5192,2,5,4,11,At Risk
25122,31,1,43.6242,5,3,1,9,Potential Loyalists
25123,108,1,43.6242,4,3,1,8,Potential Loyalists
25124,215,1,90.7204,2,3,2,7,Potential Loyalists
25125,94,1,78.47,4,3,2,9,Potential Loyalists
25126,193,2,2054.865,2,5,4,11,At Risk
25128,125,1,84.60419999999999,3,3,2,8,Potential Loyalists
25129,309,1,84.60419999999999,1,3,2,6,Potential Loyalists
25130,232,1,9.57,2,3,1,6,Potential Loyalists
25131,159,1,9.98,3,3,1,7,Potential Loyalists
25132,102,1,9.98,4,3,1,8,Potential Loyalists
25133,150,2,2034.5192,3,5,4,12,Loyal Customers
25134,15,1,44.97,5,3,1,9,Potential Loyalists
25135,26,1,16.85,5,3,1,9,Potential Loyalists
25136,266,1,48.6142,1,3,1,5,Potential Loyalists
25138,161,2,2000.875,3,5,4,12,Loyal Customers
25139,71,1,85.95,4,3,2,9,Potential Loyalists
25140,38,1,42.98,5,3,1,9,Potential Loyalists
25141,231,1,9.98,2,3,1,6,Potential Loyalists
25142,267,1,27.2684,1,3,1,5,Potential Loyalists
25143,23,1,44.97,5,3,1,9,Potential Loyalists
25144,102,1,46.97,4,3,1,8,Potential Loyalists
25145,189,1,47.559999999999995,2,3,1,6,Potential Loyalists
25146,330,1,1232.1383999999998,1,3,4,8,At Risk
25147,149,1,43.6242,3,3,1,7,Potential Loyalists
25148,302,1,1249.84,1,3,4,8,At Risk
25149,28,1,58.56,5,3,1,9,Potential Loyalists
25150,235,1,2417.7142000000003,2,3,4,9,At Risk
25151,56,1,36.59,4,3,1,8,Potential Loyalists
25152,285,1,37.18,1,3,1,5,Potential Loyalists
25153,87,1,121.3204,4,3,2,9,Potential Loyalists
25154,5,1,58.56,5,3,1,9,Potential Loyalists
25155,212,1,2419.06,2,3,4,9,At Risk
25156,319,1,40.58,1,3,1,5,Potential Loyalists
25157,177,1,7.28,3,3,1,7,Potential Loyalists
25158,115,1,75.57000000000001,3,3,2,8,Potential Loyalists
25159,95,1,74.2242,4,3,2,9,Potential Loyalists
25160,195,1,58.77,2,3,1,6,Potential Loyalists
25161,216,1,2438.06,2,3,4,9,At Risk
25162,227,1,2384.07,2,3,4,9,At Risk
25163,224,1,2440.6842,2,3,4,9,At Risk
25164,223,1,34.89,2,3,1,6,Potential Loyalists
25165,12,1,97.95570000000001,5,3,2,10,Potential Loyalists
25166,94,1,138.20420000000001,4,3,3,10,Potential Loyalists
25167,38,1,74.2242,5,3,2,10,Potential Loyalists
25168,126,1,43.46,3,3,1,7,Potential Loyalists
25169,219,1,2384.07,2,3,4,9,At Risk
25170,71,1,32.6,4,3,1,8,Potential Loyalists
25171,245,1,40.58,2,3,1,6,Potential Loyalists
25172,191,1,122.6662,2,3,2,7,Potential Loyalists
25173,192,1,73.92,2,3,2,7,Potential Loyalists
25174,217,1,113.3404,2,3,2,7,Potential Loyalists
25175,227,1,2384.07,2,3,4,9,At Risk
25176,95,1,40.58,4,3,1,8,Potential Loyalists
25179,94,1,74.2242,4,3,2,9,Potential Loyalists
25180,220,1,2455.3484000000003,2,3,4,9,At Risk
25181,298,1,32.6,1,3,1,5,Potential Loyalists
25182,190,1,66.2442,2,3,2,7,Potential Loyalists
25183,196,1,80.66730000000001,2,3,2,7,Potential Loyalists
25184,230,1,2438.06,2,3,4,9,At Risk
25185,227,1,2485.6742000000004,2,3,4,9,At Risk
25186,226,1,2485.1562000000004,2,3,4,9,At Risk
25188,239,1,32.2584,2,3,1,6,Potential Loyalists
25190,106,1,44.57,4,3,1,8,Potential Loyalists
25191,221,1,2419.06,2,3,4,9,At Risk
25192,229,1,2522.92,2,3,4,9,At Risk
25193,207,1,2417.7142000000003,2,3,4,9,At Risk
25194,178,1,32.6,3,3,1,7,Potential Loyalists
25195,137,1,40.58,3,3,1,7,Potential Loyalists
25196,52,1,58.04730000000001,4,3,1,8,Potential Loyalists
25197,229,1,40.58,2,3,1,6,Potential Loyalists
25198,281,1,1248.4941999999999,1,3,4,8,At Risk
25199,289,1,1249.84,1,3,4,8,At Risk
25200,3,1,104.08000000000001,5,3,2,10,Potential Loyalists
25201,68,1,121.3204,4,3,2,9,Potential Loyalists
25202,43,1,40.58,5,3,1,9,Potential Loyalists
25203,289,1,1232.1383999999998,1,3,4,8,At Risk
25204,284,1,1248.4941999999999,1,3,4,8,At Risk
25205,58,1,69.53,4,3,2,9,Potential Loyalists
25206,270,1,49.98,1,3,1,5,Potential Loyalists
25207,234,1,138.91,2,3,3,8,At Risk
25208,220,1,54.559999999999995,2,3,1,6,Potential Loyalists
25209,155,1,108.9799,3,3,2,8,Potential Loyalists
25210,202,1,47.559999999999995,2,3,1,6,Potential Loyalists
25211,68,1,122.45,4,3,2,9,Potential Loyalists
25212,43,1,55.54,5,3,1,9,Potential Loyalists
25213,176,2,2088.4892,3,5,4,12,Loyal Customers
25214,157,2,2033.845,3,5,4,12,Loyal Customers
25215,175,2,2034.5192,3,5,4,12,Loyal Customers
25216,114,1,105.1435,3,3,2,8,Potential Loyalists
25217,246,1,43.6242,2,3,1,6,Potential Loyalists
25218,169,2,2092.4791999999998,3,5,4,12,Loyal Customers
25219,265,1,43.6242,1,3,1,5,Potential Loyalists
25220,292,1,45.269999999999996,1,3,1,5,Potential Loyalists
25221,148,2,2054.7676,3,5,4,12,Loyal Customers
25222,124,2,2000.875,3,5,4,12,Loyal Customers
25223,275,1,123.54679999999999,1,3,3,7,At Risk
25225,152,2,2009.865,3,5,4,12,Loyal Customers
25226,160,2,2076.815,3,5,4,12,Loyal Customers
25227,81,1,48.6142,4,3,1,8,Potential Loyalists
25228,150,2,2000.875,3,5,4,12,Loyal Customers
25229,164,2,2035.865,3,5,4,12,Loyal Customers
25230,228,1,85.95,2,3,2,7,Potential Loyalists
25231,169,2,2087.825,3,5,4,12,Loyal Customers
25233,169,1,14.56,3,3,1,7,Potential Loyalists
25234,165,2,2054.865,3,5,4,12,Loyal Customers
25235,124,2,2035.865,3,5,4,12,Loyal Customers
25236,96,1,43.6242,4,3,1,8,Potential Loyalists
25238,204,1,14.56,2,3,1,6,Potential Loyalists
25239,92,1,14.56,4,3,1,8,Potential Loyalists
25240,135,2,2000.875,3,5,4,12,Loyal Customers
25241,191,1,9.98,2,3,1,6,Potential Loyalists
25242,142,2,2000.875,3,5,4,12,Loyal Customers
25243,147,2,2035.865,3,5,4,12,Loyal Customers
25244,299,1,43.1684,1,3,1,5,Potential Loyalists
25245,134,1,62.97,3,3,2,8,Potential Loyalists
25246,49,1,55.54,5,3,1,9,Potential Loyalists
25247,31,1,4.99,5,3,1,9,Potential Loyalists
25248,37,1,44.97,5,3,1,9,Potential Loyalists
25249,126,1,1067.0317,3,3,4,10,Potential Loyalists
25250,121,1,1067.0517,3,3,4,10,Potential Loyalists
25251,25,1,44.97,5,3,1,9,Potential Loyalists
25252,127,1,1110.4837,3,3,4,10,Potential Loyalists
25253,283,1,111.5842,1,3,2,6,Potential Loyalists
25254,149,1,103.92,3,3,2,8,Potential Loyalists
25255,142,1,32.6,3,3,1,7,Potential Loyalists
25256,303,1,80.87,1,3,2,6,Potential Loyalists
25257,174,1,176.85,3,3,3,9,Potential Loyalists
25259,258,1,59.55,1,3,1,5,Potential Loyalists
25260,119,1,37.18,3,3,1,7,Potential Loyalists
25261,277,1,74.2242,1,3,2,6,Potential Loyalists
25262,15,1,73.14,5,3,2,10,Potential Loyalists
25263,111,1,84.60419999999999,3,3,2,8,Potential Loyalists
25264,67,1,92.2042,4,3,2,9,Potential Loyalists
25265,283,1,58.04730000000001,1,3,1,5,Potential Loyalists
25266,175,1,61.97,3,3,2,8,Potential Loyalists
25268,98,1,59.124199999999995,4,3,1,8,Potential Loyalists
25269,109,1,26.07,4,3,1,8,Potential Loyalists
25270,130,1,1034.0817,3,3,3,9,Potential Loyalists
25271,121,1,1034.0817,3,3,4,10,Potential Loyalists
25272,144,1,1054.4275,3,3,4,10,Potential Loyalists
25273,132,1,1101.5237,3,3,4,10,Potential Loyalists
25274,87,1,78.2142,4,3,2,9,Potential Loyalists
25275,134,1,37.18,3,3,1,7,Potential Loyalists
25276,140,1,45.160000000000004,3,3,1,7,Potential Loyalists
25277,74,1,144.8685,4,3,3,10,Potential Loyalists
25278,87,1,40.58,4,3,1,8,Potential Loyalists
25279,5,1,32.6,5,3,1,9,Potential Loyalists
25280,5,1,45.160000000000004,5,3,1,9,Potential Loyalists
25281,276,1,1249.84,1,3,4,8,At Risk
25283,158,1,45.160000000000004,3,3,1,7,Potential Loyalists
25284,209,1,2417.7142000000003,2,3,4,9,At Risk
25285,196,1,2438.06,2,3,4,9,At Risk
25286,200,1,2401.3584,2,3,4,9,At Risk
25287,213,2,2983.34,2,5,5,12,At Risk
25288,223,2,2721.5525,2,5,4,11,At Risk
25289,186,1,2467.02,2,3,4,9,At Risk
25291,8,1,45.160000000000004,5,3,1,9,Potential Loyalists
25292,227,1,167.45,2,3,3,8,At Risk
25293,92,1,67.59,4,3,2,9,Potential Loyalists
25294,123,1,1071.7159,3,3,4,10,Potential Loyalists
25297,33,1,69.05,5,3,2,10,Potential Loyalists
25298,114,1,14.97,3,3,1,7,Potential Loyalists
25299,265,1,14.97,1,3,1,5,Potential Loyalists
25300,204,1,96.97,2,3,2,7,Potential Loyalists
25301,67,1,1048.5048,4,3,4,11,Potential Loyalists
25302,20,1,101.89259999999999,5,3,2,10,Potential Loyalists
25303,38,1,574.98,5,3,3,11,Potential Loyalists
25304,231,1,71.48,2,3,2,7,Potential Loyalists
25305,258,1,1750.97,1,3,4,8,At Risk
25306,225,1,1783.94,2,3,4,9,At Risk
25307,186,1,1766.3457,2,3,4,9,At Risk
25308,84,1,1000.4375,4,3,3,10,Potential Loyalists
25309,33,1,585.2384,5,3,3,11,Potential Loyalists
25310,332,1,84.60419999999999,1,3,2,6,Potential Loyalists
25311,104,1,1735.98,4,3,4,11,Potential Loyalists
25312,49,1,1101.5237,5,3,4,12,Potential Loyalists
25313,155,1,7.98,3,3,1,7,Potential Loyalists
25314,276,1,16.85,1,3,1,5,Potential Loyalists
25315,22,1,8.57,5,3,1,9,Potential Loyalists
25316,143,1,9.98,3,3,1,7,Potential Loyalists
25317,161,1,114.46000000000001,3,3,2,8,Potential Loyalists
25318,76,1,50.959999999999994,4,3,1,8,Potential Loyalists
25319,37,1,2454.32,5,3,4,12,Potential Loyalists
25320,37,1,2417.7142000000003,5,3,4,12,Potential Loyalists
25321,71,1,1735.98,4,3,4,11,Potential Loyalists
25322,197,1,21.84,2,3,1,6,Potential Loyalists
25323,189,1,1723.96,2,3,4,9,At Risk
25324,305,1,44.97,1,3,1,5,Potential Loyalists
25325,217,1,16.55,2,3,1,6,Potential Loyalists
25326,174,1,102.0373,3,3,2,8,Potential Loyalists
25327,189,1,14.97,2,3,1,6,Potential Loyalists
25328,178,1,91.6915,3,3,2,8,Potential Loyalists
25329,289,1,104.08000000000001,1,3,2,6,Potential Loyalists
25331,204,1,14.56,2,3,1,6,Potential Loyalists
25332,211,1,39.980000000000004,2,3,1,6,Potential Loyalists
25333,107,1,104.08000000000001,4,3,2,9,Potential Loyalists
25334,206,1,2421.02,2,3,4,9,At Risk
25335,325,1,64.97,1,3,2,6,Potential Loyalists
25336,245,1,49.98,2,3,1,6,Potential Loyalists
25337,330,1,59.959999999999994,1,3,1,5,Potential Loyalists
25338,240,1,29.57,2,3,1,6,Potential Loyalists
25339,283,1,1232.1383999999998,1,3,4,8,At Risk
25340,40,1,9.98,5,3,1,9,Potential Loyalists
25341,184,1,93.60419999999999,2,3,2,7,Potential Loyalists
25342,237,1,49.98,2,3,1,6,Potential Loyalists
25343,264,1,49.98,1,3,1,5,Potential Loyalists
25344,71,1,799.5423000000001,4,3,3,10,Potential Loyalists
25345,110,1,49.98,4,3,1,8,Potential Loyalists
25347,257,1,59.980000000000004,1,3,1,5,Potential Loyalists
25348,237,1,94.95,2,3,2,7,Potential Loyalists
25349,152,1,9.98,3,3,1,7,Potential Loyalists
25350,107,1,64.53999999999999,4,3,2,9,Potential Loyalists
25351,266,1,97.0762,1,3,2,6,Potential Loyalists
25352,116,1,59.959999999999994,3,3,1,7,Potential Loyalists
25353,113,1,54.559999999999995,3,3,1,7,Potential Loyalists
25354,30,1,49.98,5,3,1,9,Potential Loyalists
25355,146,1,83.6242,3,3,2,8,Potential Loyalists
25356,253,1,29.57,2,3,1,6,Potential Loyalists
25357,81,1,174.56,4,3,3,10,Potential Loyalists
25358,163,1,54.559999999999995,3,3,1,7,Potential Loyalists
25359,219,1,49.98,2,3,1,6,Potential Loyalists
25360,76,1,64.53999999999999,4,3,2,9,Potential Loyalists
25361,695,1,2443.35,1,3,4,8,At Risk
25362,69,1,751.34,4,3,3,10,Potential Loyalists
25363,689,1,2443.35,1,3,4,8,At Risk
25364,45,1,760.33,5,3,3,11,Potential Loyalists
25365,24,1,812.4162,5,3,3,11,Potential Loyalists
25368,267,1,1288.81,1,3,4,8,At Risk
25369,113,1,160.58,3,3,3,9,Potential Loyalists
25370,251,1,1276.4542,2,3,4,9,At Risk
25371,683,1,2181.5625,1,3,4,8,At Risk
25372,268,1,32.6,1,3,1,5,Potential Loyalists
25373,96,1,70.2342,4,3,2,9,Potential Loyalists
25374,181,1,74.2242,2,3,2,7,Potential Loyalists
25376,21,1,32.6,5,3,1,9,Potential Loyalists
25377,41,1,32.6,5,3,1,9,Potential Loyalists
25378,309,1,45.160000000000004,1,3,1,5,Potential Loyalists
25379,242,1,1214.85,2,3,4,9,At Risk
25380,254,1,1248.4941999999999,2,3,4,9,At Risk
25381,259,1,1251.8,1,3,4,8,At Risk
25382,272,1,1317.8,1,3,4,8,At Risk
25383,261,1,1247.8,1,3,4,8,At Risk
25384,272,1,1248.4941999999999,1,3,4,8,At Risk
25385,269,1,1249.84,1,3,4,8,At Risk
25386,227,1,1248.4941999999999,2,3,4,9,At Risk
25387,226,1,1248.4941999999999,2,3,4,9,At Risk
25388,219,1,1248.4941999999999,2,3,4,9,At Risk
25389,225,1,1302.4841999999999,2,3,4,9,At Risk
25390,236,1,1295.5903999999998,2,3,4,9,At Risk
25391,212,1,1306.6599999999999,2,3,4,9,At Risk
25392,200,1,1248.4941999999999,2,3,4,9,At Risk
25393,673,1,2443.35,1,3,4,8,At Risk
25394,210,1,1248.4941999999999,2,3,4,9,At Risk
25395,207,1,1232.83,2,3,4,9,At Risk
25396,182,1,2412.03,2,3,4,9,At Risk
25397,186,1,2474.3084000000003,2,3,4,9,At Risk
25398,206,1,2417.7142000000003,2,3,4,9,At Risk
25399,206,1,2402.05,2,3,4,9,At Risk
25400,193,1,2465.7815,2,3,4,9,At Risk
25401,188,1,2402.05,2,3,4,9,At Risk
25402,196,1,1248.4941999999999,2,3,4,9,At Risk
25403,208,1,1316.4542,2,3,4,9,At Risk
25404,209,1,2447.02,2,3,4,9,At Risk
25405,194,1,2436.6842,2,3,4,9,At Risk
25406,205,1,2450.6642,2,3,4,9,At Risk
25407,201,1,2421.02,2,3,4,9,At Risk
25408,213,2,2744.5225,2,5,4,11,At Risk
25409,192,1,2384.07,2,3,4,9,At Risk
25410,201,1,2384.07,2,3,4,9,At Risk
25411,201,1,1214.85,2,3,4,9,At Risk
25412,188,1,1232.1383999999998,2,3,4,9,At Risk
25413,184,1,1242.81,2,3,4,9,At Risk
25414,204,1,2476.01,2,3,4,9,At Risk
25415,199,1,2447.02,2,3,4,9,At Risk
25416,161,1,80.44,3,3,2,8,Potential Loyalists
25417,184,1,1335.0122999999999,2,3,4,9,At Risk
25418,210,1,1223.84,2,3,4,9,At Risk
25419,186,1,1249.84,2,3,4,9,At Risk
25420,160,1,1268.84,3,3,4,10,Potential Loyalists
25421,165,1,1248.4941999999999,3,3,4,10,Potential Loyalists
25422,188,1,71.58000000000001,2,3,2,7,Potential Loyalists
25423,205,1,2483.0699,2,3,4,9,At Risk
25424,60,1,75.57000000000001,4,3,2,9,Potential Loyalists
25425,201,1,2438.06,2,3,4,9,At Risk
25426,200,1,2417.7142000000003,2,3,4,9,At Risk
25427,202,1,2411.04,2,3,4,9,At Risk
25428,203,1,40.58,2,3,1,6,Potential Loyalists
25429,191,1,2401.3584,2,3,4,9,At Risk
25430,182,1,2419.06,2,3,4,9,At Risk
25431,55,1,79.56,4,3,2,9,Potential Loyalists
25432,164,1,1248.4941999999999,3,3,4,10,Potential Loyalists
25433,57,1,9.98,4,3,1,8,Potential Loyalists
25434,255,1,49.150000000000006,2,3,1,6,Potential Loyalists
25435,311,1,44.57,1,3,1,5,Potential Loyalists
25436,157,1,1272.83,3,3,4,10,Potential Loyalists
25437,4,1,27.2684,5,3,1,9,Potential Loyalists
25438,73,1,106.6273,4,3,2,9,Potential Loyalists
25439,329,1,71.58000000000001,1,3,2,6,Potential Loyalists
25440,1,1,79.6962,5,3,2,10,Potential Loyalists
25441,253,1,74.2242,2,3,2,7,Potential Loyalists
25442,88,1,1735.98,4,3,4,11,Potential Loyalists
25443,190,1,1749.0573,2,3,4,9,At Risk
25444,177,1,1754.98,3,3,4,10,Potential Loyalists
25445,179,1,1734.6342,3,3,4,10,Potential Loyalists
25446,35,1,1087.9675,5,3,4,12,Potential Loyalists
25447,59,1,1051.3701,4,3,4,11,Potential Loyalists
25448,39,1,1054.4275,5,3,4,12,Potential Loyalists
25449,60,1,622.94,4,3,3,10,Potential Loyalists
25450,43,1,595.53,5,3,3,11,Potential Loyalists
25451,32,1,573.6342,5,3,3,11,Potential Loyalists
25452,43,1,2384.07,5,3,4,12,Potential Loyalists
25453,68,1,1048.5048,4,3,4,11,Potential Loyalists
25454,81,1,1034.0817,4,3,4,11,Potential Loyalists
25455,45,1,612.44,5,3,3,11,Potential Loyalists
25457,18,1,2456.61,5,3,4,12,Potential Loyalists
25458,7,1,2471.04,5,3,4,12,Potential Loyalists
25459,41,1,576.94,5,3,3,11,Potential Loyalists
25460,43,1,576.94,5,3,3,11,Potential Loyalists
25461,68,1,1799.0373,4,3,4,11,Potential Loyalists
25462,171,1,1793.94,3,3,4,10,Potential Loyalists
25463,2,1,2384.07,5,3,4,12,Potential Loyalists
25464,9,1,2480.6842,5,3,4,12,Potential Loyalists
25465,43,1,1035.4275,5,3,4,12,Potential Loyalists
25466,197,1,14.97,2,3,1,6,Potential Loyalists
25467,53,1,1062.9775,4,3,4,11,Potential Loyalists
25468,39,1,557.97,5,3,3,11,Potential Loyalists
25469,251,1,44.97,2,3,1,6,Potential Loyalists
25470,233,1,166.98,2,3,3,8,At Risk
25471,40,1,44.97,5,3,1,9,Potential Loyalists
25472,144,1,34.05,3,3,1,7,Potential Loyalists
25473,215,1,9.98,2,3,1,6,Potential Loyalists
25474,155,1,42.97,3,3,1,7,Potential Loyalists
25475,18,1,48.6142,5,3,1,9,Potential Loyalists
25476,267,1,9.98,1,3,1,5,Potential Loyalists
25477,189,1,7.98,2,3,1,6,Potential Loyalists
25478,90,1,1734.6342,4,3,4,11,Potential Loyalists
25479,72,1,1807.0173,4,3,4,11,Potential Loyalists
25480,40,1,1000.4375,5,3,3,11,Potential Loyalists
25481,172,1,2216.5525,3,3,4,10,Potential Loyalists
25482,63,1,166.98,4,3,3,10,Potential Loyalists
25484,23,1,2465.7815,5,3,4,12,Potential Loyalists
25485,289,1,1232.1383999999998,1,3,4,8,At Risk
25486,47,1,557.97,5,3,3,11,Potential Loyalists
25487,113,1,61.169999999999995,3,3,2,8,Potential Loyalists
25488,52,1,1000.4375,4,3,3,10,Potential Loyalists
25489,2,1,1054.9975,5,3,4,12,Potential Loyalists
25490,158,1,9.57,3,3,1,7,Potential Loyalists
25491,162,1,14.56,3,3,1,7,Potential Loyalists
25492,157,1,1817.5842,3,3,4,10,Potential Loyalists
25493,16,1,1166.0416,5,3,4,12,Potential Loyalists
25494,164,1,49.96,3,3,1,7,Potential Loyalists
25495,192,1,43.6242,2,3,1,6,Potential Loyalists
25496,138,1,27.2684,3,3,1,7,Potential Loyalists
25497,126,1,1700.99,3,3,4,10,Potential Loyalists
25498,134,1,1784.0473,3,3,4,10,Potential Loyalists
25499,25,1,42.97,5,3,1,9,Potential Loyalists
25502,13,1,1054.4275,5,3,4,12,Potential Loyalists
25503,173,1,60.9126,3,3,2,8,Potential Loyalists
25504,48,1,633.6043,5,3,3,11,Potential Loyalists
25505,104,1,41.6242,4,3,1,8,Potential Loyalists
25506,46,1,1035.4275,5,3,4,12,Potential Loyalists
25507,266,1,9.98,1,3,1,5,Potential Loyalists
25508,55,1,539.99,4,3,3,10,Potential Loyalists
25510,42,1,1114.9256,5,3,4,12,Potential Loyalists
25511,36,1,1019.4075,5,3,3,11,Potential Loyalists
25512,287,1,45.6142,1,3,1,5,Potential Loyalists
25513,276,1,14.56,1,3,1,5,Potential Loyalists
25514,195,1,16.85,2,3,1,6,Potential Loyalists
25515,49,1,43.6242,5,3,1,9,Potential Loyalists
25516,273,1,42.98,1,3,1,5,Potential Loyalists
25517,79,1,43.6242,4,3,1,8,Potential Loyalists
25518,122,1,44.97,3,3,1,7,Potential Loyalists
25519,54,1,43.6242,4,3,1,8,Potential Loyalists
25520,191,1,163.6816,2,3,3,8,At Risk
25521,315,1,60.2684,1,3,2,6,Potential Loyalists
25522,57,1,650.46,4,3,3,10,Potential Loyalists
25523,132,1,42.97,3,3,1,7,Potential Loyalists
25524,265,1,54.949999999999996,1,3,1,5,Potential Loyalists
25525,33,1,705.7477,5,3,3,11,Potential Loyalists
25526,286,1,60.47,1,3,2,6,Potential Loyalists
25527,93,1,19.55,4,3,1,8,Potential Loyalists
25528,46,1,590.95,5,3,3,11,Potential Loyalists
25529,306,1,64.47,1,3,2,6,Potential Loyalists
25530,134,1,47.559999999999995,3,3,1,7,Potential Loyalists
25531,55,1,1068.4075,4,3,4,11,Potential Loyalists
25532,293,1,1232.1383999999998,1,3,4,8,At Risk
25533,151,1,55.54,3,3,1,7,Potential Loyalists
25534,135,1,9.98,3,3,1,7,Potential Loyalists
25535,117,1,44.97,3,3,1,7,Potential Loyalists
25537,67,1,42.97,4,3,1,8,Potential Loyalists
25538,276,1,1242.81,1,3,4,8,At Risk
25539,228,1,1286.1283999999998,2,3,4,9,At Risk
25540,197,1,1232.83,2,3,4,9,At Risk
25541,176,1,42.98,3,3,1,7,Potential Loyalists
25542,36,1,27.2684,5,3,1,9,Potential Loyalists
25543,34,1,139.1043,5,3,3,11,Potential Loyalists
25545,2,1,38.980000000000004,5,3,1,9,Potential Loyalists
25546,60,1,1065.7932,4,3,4,11,Potential Loyalists
25547,320,1,7.98,1,3,1,5,Potential Loyalists
25548,46,1,603.49,5,3,3,11,Potential Loyalists
25549,173,1,11.86,3,3,1,7,Potential Loyalists
25550,48,1,574.98,5,3,3,11,Potential Loyalists
25551,14,1,167.56,5,3,3,11,Potential Loyalists
25552,22,1,567.95,5,3,3,11,Potential Loyalists
25553,51,1,1000.4375,5,3,3,11,Potential Loyalists
25554,244,1,14.56,2,3,1,6,Potential Loyalists
25555,66,1,615.0462,4,3,3,10,Potential Loyalists
25556,83,1,576.94,4,3,3,10,Potential Loyalists
25557,65,1,585.26,4,3,3,10,Potential Loyalists
25558,88,1,612.95,4,3,3,10,Potential Loyalists
25559,74,1,562.96,4,3,3,10,Potential Loyalists
25560,71,1,602.94,4,3,3,10,Potential Loyalists
25561,66,1,596.6042,4,3,3,10,Potential Loyalists
25562,63,1,539.99,4,3,3,10,Potential Loyalists
25563,84,1,539.99,4,3,3,10,Potential Loyalists
25564,62,1,567.95,4,3,3,10,Potential Loyalists
25565,68,1,539.99,4,3,3,10,Potential Loyalists
25566,73,1,567.95,4,3,3,10,Potential Loyalists
25567,80,1,539.99,4,3,3,10,Potential Loyalists
25568,73,1,576.94,4,3,3,10,Potential Loyalists
25569,201,1,88.0473,2,3,2,7,Potential Loyalists
25571,11,1,602.94,5,3,3,11,Potential Loyalists
25572,33,1,1071.0317,5,3,4,12,Potential Loyalists
25573,55,1,1034.0817,4,3,4,11,Potential Loyalists
25574,184,1,1280.2057,2,3,4,9,At Risk
25575,25,1,539.99,5,3,3,11,Potential Loyalists
25576,46,1,1048.5048,5,3,4,12,Potential Loyalists
25577,2,1,1034.0817,5,3,4,12,Potential Loyalists
25578,15,1,1034.0817,5,3,4,12,Potential Loyalists
25579,275,1,44.97,1,3,1,5,Potential Loyalists
25580,190,1,39.980000000000004,2,3,1,6,Potential Loyalists
25581,92,1,68.2484,4,3,2,9,Potential Loyalists
25582,22,1,1052.7159,5,3,4,12,Potential Loyalists
25583,15,1,590.9226,5,3,3,11,Potential Loyalists
25584,16,1,1062.0417,5,3,4,12,Potential Loyalists
25585,2,1,1073.3975,5,3,4,12,Potential Loyalists
25586,183,1,1232.1383999999998,2,3,4,9,At Risk
25587,4,1,539.99,5,3,3,11,Potential Loyalists
25588,211,1,1232.83,2,3,4,9,At Risk
25589,9,1,539.99,5,3,3,11,Potential Loyalists
25590,16,1,590.9226,5,3,3,11,Potential Loyalists
25591,3,1,565.9226,5,3,3,11,Potential Loyalists
25592,237,1,41.6242,2,3,1,6,Potential Loyalists
25593,161,1,1262.9172999999998,3,3,4,10,Potential Loyalists
25594,150,1,1214.85,3,3,4,10,Potential Loyalists
25595,7,1,567.95,5,3,3,11,Potential Loyalists
25596,11,1,539.99,5,3,3,11,Potential Loyalists
25597,11,1,539.99,5,3,3,11,Potential Loyalists
25598,24,1,1060.6875,5,3,4,12,Potential Loyalists
25599,17,1,1054.4275,5,3,4,12,Potential Loyalists
25600,121,1,1268.84,3,3,4,10,Potential Loyalists
25601,27,1,592.2684,5,3,3,11,Potential Loyalists
25602,136,1,1772.2684,3,3,4,10,Potential Loyalists
25603,11,1,1063.3875,5,3,4,12,Potential Loyalists
25604,11,1,1054.4275,5,3,4,12,Potential Loyalists
25605,348,1,624.5942,1,3,3,7,At Risk
25606,140,1,1249.84,3,3,4,10,Potential Loyalists
25607,133,1,1313.4542999999999,3,3,4,10,Potential Loyalists
25608,339,1,539.99,1,3,3,7,At Risk
25609,361,1,590.95,1,3,3,7,At Risk
25610,3,1,573.6342,5,3,3,11,Potential Loyalists
25611,352,1,587.0862,1,3,3,7,At Risk
25612,323,1,574.98,1,3,3,7,At Risk
25613,126,1,1249.84,3,3,4,10,Potential Loyalists
25614,127,1,1242.81,3,3,4,10,Potential Loyalists
25615,314,1,574.98,1,3,3,7,At Risk
25616,320,1,539.99,1,3,3,7,At Risk
25618,360,1,2412.03,1,3,4,8,At Risk
25619,120,1,1280.2057,3,3,4,10,Potential Loyalists
25620,261,1,48.6142,1,3,1,5,Potential Loyalists
25621,90,1,93.03730000000002,4,3,2,9,Potential Loyalists
25622,195,1,2412.03,2,3,4,9,At Risk
25623,187,1,2412.03,2,3,4,9,At Risk
25624,227,1,45.160000000000004,2,3,1,6,Potential Loyalists
25625,361,1,2447.02,1,3,4,8,At Risk
25626,323,1,557.97,1,3,3,7,At Risk
25627,321,1,62.9026,1,3,2,6,Potential Loyalists
25628,268,1,12.56,1,3,1,5,Potential Loyalists
25629,249,1,47.559999999999995,2,3,1,6,Potential Loyalists
25630,269,1,48.6142,1,3,1,5,Potential Loyalists
25631,111,1,45.6142,3,3,1,7,Potential Loyalists
25632,296,1,56.04730000000001,1,3,1,5,Potential Loyalists
25633,163,1,132.6715,3,3,3,9,Potential Loyalists
25634,90,1,1749.0573,4,3,4,11,Potential Loyalists
25635,119,1,1754.98,3,3,4,10,Potential Loyalists
25636,18,1,1054.4275,5,3,4,12,Potential Loyalists
25637,147,1,2247.8067,3,3,4,10,Potential Loyalists
25638,272,1,44.97,1,3,1,5,Potential Loyalists
25639,72,1,1247.8,4,3,4,11,Potential Loyalists
25640,313,1,2436.3484000000003,1,3,4,8,At Risk
25641,362,1,561.48,1,3,3,7,At Risk
25642,306,1,590.9226,1,3,3,7,At Risk
25643,212,1,44.97,2,3,1,6,Potential Loyalists
25644,88,1,37.94,4,3,1,8,Potential Loyalists
25645,322,1,21.49,1,3,1,5,Potential Loyalists
25646,313,1,539.99,1,3,3,7,At Risk
25647,278,1,587.55,1,3,3,7,At Risk
25648,182,1,9.98,2,3,1,6,Potential Loyalists
25649,32,1,1262.9172999999998,5,3,4,12,Potential Loyalists
25650,96,1,85.95,4,3,2,9,Potential Loyalists
25651,99,1,1782.7015000000001,4,3,4,11,Potential Loyalists
25652,117,1,48.6142,3,3,1,7,Potential Loyalists
25653,227,1,73.1142,2,3,2,7,Potential Loyalists
25655,281,1,603.45,1,3,3,7,At Risk
25656,254,1,539.99,2,3,3,8,At Risk
25657,250,1,611.7484,2,3,3,8,At Risk
25658,121,1,1734.6342,3,3,4,10,Potential Loyalists
25659,254,1,591.54,2,3,3,8,At Risk
25660,40,1,1735.98,5,3,4,12,Potential Loyalists
25661,48,1,1734.6342,5,3,4,12,Potential Loyalists
25662,104,1,98.61420000000001,4,3,2,9,Potential Loyalists
25663,136,1,99.96000000000001,3,3,2,8,Potential Loyalists
25664,70,1,55.54,4,3,1,8,Potential Loyalists
25665,242,1,9.98,2,3,1,6,Potential Loyalists
25666,207,1,38.6342,2,3,1,6,Potential Loyalists
25667,243,1,47.559999999999995,2,3,1,6,Potential Loyalists
25668,127,1,91.03730000000002,3,3,2,8,Potential Loyalists
25669,269,1,41.6242,1,3,1,5,Potential Loyalists
25670,34,1,62.2584,5,3,2,10,Potential Loyalists
25671,289,1,51.624199999999995,1,3,1,5,Potential Loyalists
25672,315,1,14.56,1,3,1,5,Potential Loyalists
25673,97,1,12.27,4,3,1,8,Potential Loyalists
25674,295,1,2417.7142000000003,1,3,4,8,At Risk
25675,315,1,557.2784,1,3,3,7,At Risk
25676,228,1,75.2684,2,3,2,7,Potential Loyalists
25677,189,1,69.96000000000001,2,3,2,7,Potential Loyalists
25679,113,1,44.97,3,3,1,7,Potential Loyalists
25680,195,1,55.54,2,3,1,6,Potential Loyalists
25681,302,1,2417.02,1,3,4,8,At Risk
25682,214,1,42.97,2,3,1,6,Potential Loyalists
25683,43,1,1284.6899999999998,5,3,4,12,Potential Loyalists
25684,79,1,23.779999999999998,4,3,1,8,Potential Loyalists
25685,149,1,42.98,3,3,1,7,Potential Loyalists
25686,282,1,14.850000000000001,1,3,1,5,Potential Loyalists
25687,22,1,29.950000000000003,5,3,1,9,Potential Loyalists
25688,121,1,107.94,3,3,2,8,Potential Loyalists
25689,170,1,10.27,3,3,1,7,Potential Loyalists
25690,235,1,37.6342,2,3,1,6,Potential Loyalists
25691,300,1,57.83,1,3,1,5,Potential Loyalists
25692,293,1,79.2584,1,3,2,6,Potential Loyalists
25693,15,1,1263.6999999999998,5,3,4,12,Potential Loyalists
25694,27,1,1232.83,5,3,4,12,Potential Loyalists
25695,204,1,67.96,2,3,2,7,Potential Loyalists
25696,91,1,85.2484,4,3,2,9,Potential Loyalists
25697,326,1,101.60419999999999,1,3,2,6,Potential Loyalists
25698,114,1,72.6142,3,3,2,8,Potential Loyalists
25699,204,1,58.9126,2,3,1,6,Potential Loyalists
25700,14,1,1268.84,5,3,4,12,Potential Loyalists
25701,319,1,620.6042,1,3,3,7,At Risk
25702,273,1,2417.7142000000003,1,3,4,8,At Risk
25703,304,1,621.94,1,3,3,7,At Risk
25704,87,1,539.99,4,3,3,10,Potential Loyalists
25705,32,1,574.98,5,3,3,11,Potential Loyalists
25706,55,1,539.99,4,3,3,10,Potential Loyalists
25707,60,1,576.2484000000001,4,3,3,10,Potential Loyalists
25708,32,1,558.96,5,3,3,11,Potential Loyalists
25709,37,1,636.9200000000001,5,3,3,11,Potential Loyalists
25710,30,1,539.99,5,3,3,11,Potential Loyalists
25711,31,2,1272.7323999999999,5,5,4,14,Champions
25712,30,2,1284.3366,5,5,4,14,Champions
25713,50,2,1300.6924,5,5,4,14,Champions
25714,31,2,1327.0282000000002,5,5,4,14,Champions
25715,32,2,1274.0782,5,5,4,14,Champions
25716,41,2,1302.5882000000001,5,5,4,14,Champions
25717,56,2,1272.7323999999999,4,5,4,13,Champions
25718,47,2,1272.7323999999999,5,5,4,14,Champions
25719,317,1,85.95,1,3,2,6,Potential Loyalists
25720,270,1,2454.6642,1,3,4,8,At Risk
25721,279,1,590.9226,1,3,3,7,At Risk
25722,352,1,775.9942,1,3,3,7,At Risk
25723,355,1,775.9942,1,3,3,7,At Risk
25724,264,1,2480.5968000000003,1,3,4,8,At Risk
25725,266,1,2417.7142000000003,1,3,4,8,At Risk
25726,297,1,720.3058,1,3,3,7,At Risk
25727,282,1,539.99,1,3,3,7,At Risk
25728,294,1,573.6342,1,3,3,7,At Risk
25729,221,1,2456.01,2,3,4,9,At Risk
25730,236,1,2465.7815,2,3,4,9,At Risk
25731,277,1,557.97,1,3,3,7,At Risk
25732,295,1,649.6615,1,3,3,7,At Risk
25733,149,1,94.2484,3,3,2,8,Potential Loyalists
25734,187,1,2384.07,2,3,4,9,At Risk
25736,206,1,2487.02,2,3,4,9,At Risk
25737,109,1,1792.5942,4,3,4,11,Potential Loyalists
25738,186,1,2412.03,2,3,4,9,At Risk
25739,283,1,539.99,1,3,3,7,At Risk
25740,195,1,53.99,2,3,1,6,Potential Loyalists
25741,298,1,595.53,1,3,3,7,At Risk
25742,151,1,2499.3184,3,3,4,10,Potential Loyalists
25743,318,1,794.6284,1,3,3,7,At Risk
25744,153,1,2477.5,3,3,4,10,Potential Loyalists
25745,152,1,2531.02,3,3,4,10,Potential Loyalists
25746,277,1,582.97,1,3,3,7,At Risk
25747,288,1,539.99,1,3,3,7,At Risk
25748,290,1,539.99,1,3,3,7,At Risk
25749,330,1,742.35,1,3,3,7,At Risk
25750,216,1,562.96,2,3,3,8,At Risk
25751,79,1,1766.3457,4,3,4,11,Potential Loyalists
25752,326,1,774.3100000000001,1,3,3,7,At Risk
25753,48,1,7.98,5,3,1,9,Potential Loyalists
25754,112,1,47.559999999999995,3,3,1,7,Potential Loyalists
25755,121,1,12.56,3,3,1,7,Potential Loyalists
25756,159,1,2512.8777,3,3,4,10,Potential Loyalists
25757,265,1,671.95,1,3,3,7,At Risk
25758,169,1,2436.3484000000003,3,3,4,10,Potential Loyalists
25759,308,1,742.35,1,3,3,7,At Risk
25762,115,1,2554.2984,3,3,4,10,Potential Loyalists
25764,196,1,74.2242,2,3,2,7,Potential Loyalists
25765,203,1,2438.06,2,3,4,9,At Risk
25766,39,1,32.6,5,3,1,9,Potential Loyalists
25767,192,1,2485.6742000000004,2,3,4,9,At Risk
25768,253,1,99.0273,2,3,2,7,Potential Loyalists
25769,339,1,2255.7867,1,3,4,8,At Risk
25770,4,1,2049.0982,5,3,4,12,Potential Loyalists
25771,76,1,50.959999999999994,4,3,1,8,Potential Loyalists
25772,144,1,96.97,3,3,2,8,Potential Loyalists
25773,127,1,88.5942,3,3,2,8,Potential Loyalists
25774,115,1,2280.5624,3,3,4,10,Potential Loyalists
25775,95,1,2197.4625,4,3,4,11,Potential Loyalists
25776,72,1,2283.0724999999998,4,3,4,11,Potential Loyalists
25777,23,1,2084.0481999999997,5,3,4,12,Potential Loyalists
25778,61,1,2181.5625,4,3,4,11,Potential Loyalists
25779,358,1,2222.1425,1,3,4,8,At Risk
25780,339,1,2222.1425,1,3,4,8,At Risk
25781,154,1,43.6242,3,3,1,7,Potential Loyalists
25782,213,1,63.97,2,3,2,7,Potential Loyalists
25783,303,1,9.98,1,3,1,5,Potential Loyalists
25784,115,1,9.98,3,3,1,7,Potential Loyalists
25786,11,1,2084.0881999999997,5,3,4,12,Potential Loyalists
25787,172,1,55.54,3,3,1,7,Potential Loyalists
25788,313,1,88.5942,1,3,2,6,Potential Loyalists
25789,18,1,46.97,5,3,1,9,Potential Loyalists
25791,31,1,85.95,5,3,2,10,Potential Loyalists
25792,19,1,96.97,5,3,2,10,Potential Loyalists
25793,361,1,2222.1425,1,3,4,8,At Risk
25794,55,1,47.559999999999995,4,3,1,8,Potential Loyalists
25795,353,1,2220.4425,1,3,4,8,At Risk
25796,83,1,2214.1625,4,3,4,11,Potential Loyalists
25797,79,1,42.98,4,3,1,8,Potential Loyalists
25798,77,1,2199.5425,4,3,4,11,Potential Loyalists
25799,331,1,27.2684,1,3,1,5,Potential Loyalists
25800,228,1,38.6342,2,3,1,6,Potential Loyalists
25801,330,1,9.98,1,3,1,5,Potential Loyalists
25803,319,1,60.2684,1,3,2,6,Potential Loyalists
25804,297,1,9.98,1,3,1,5,Potential Loyalists
25805,33,1,2256.8109,5,3,4,12,Potential Loyalists
25806,119,1,71.34,3,3,2,8,Potential Loyalists
25808,100,1,113.90259999999999,4,3,2,9,Potential Loyalists
25809,122,1,42.98,3,3,1,7,Potential Loyalists
25810,198,1,164.0742,2,3,3,8,At Risk
25811,332,1,139.6704,1,3,3,7,At Risk
25812,28,1,118.96000000000001,5,3,2,10,Potential Loyalists
25813,277,1,53.94,1,3,1,5,Potential Loyalists
25814,118,1,87.5842,3,3,2,8,Potential Loyalists
25815,316,1,44.97,1,3,1,5,Potential Loyalists
25816,150,1,14.56,3,3,1,7,Potential Loyalists
25818,248,1,71.2284,2,3,2,7,Potential Loyalists
25819,136,2,1753.5257,3,5,4,12,Loyal Customers
25820,319,1,57.6042,1,3,1,5,Potential Loyalists
25821,125,2,1781.6219,3,5,4,12,Loyal Customers
25823,137,2,1781.4857,3,5,4,12,Loyal Customers
25824,87,1,49.96,4,3,1,8,Potential Loyalists
25825,153,1,9.98,3,3,1,7,Potential Loyalists
25826,103,2,1733.1799,4,5,4,13,Champions
25827,96,2,1753.5257,4,5,4,13,Champions
25828,91,2,1753.5257,4,5,4,13,Champions
25829,120,2,1794.6992,3,5,4,12,Loyal Customers
25830,98,2,1736.4857000000002,4,5,4,13,Champions
25831,106,2,1770.8141,4,5,4,13,Champions
25832,93,2,1737.0856999999999,4,5,4,13,Champions
25833,93,1,40.58,4,3,1,8,Potential Loyalists
25834,97,1,54.559999999999995,4,3,1,8,Potential Loyalists
25835,314,1,54.559999999999995,1,3,1,5,Potential Loyalists
25836,80,1,34.89,4,3,1,8,Potential Loyalists
25837,203,1,49.98,2,3,1,6,Potential Loyalists
25839,325,1,196.1784,1,3,3,7,At Risk
25840,166,1,1249.84,3,3,4,10,Potential Loyalists
25841,122,1,93.60419999999999,3,3,2,8,Potential Loyalists
25842,240,1,54.559999999999995,2,3,1,6,Potential Loyalists
25843,187,1,56.849999999999994,2,3,1,6,Potential Loyalists
25844,322,1,49.98,1,3,1,5,Potential Loyalists
25845,4,1,22.278399999999998,5,3,1,9,Potential Loyalists
25846,103,1,93.60419999999999,4,3,2,9,Potential Loyalists
25847,97,1,49.98,4,3,1,8,Potential Loyalists
25848,263,1,54.559999999999995,1,3,1,5,Potential Loyalists
25849,324,1,62.51,1,3,2,6,Potential Loyalists
25850,216,1,67.1723,2,3,2,7,Potential Loyalists
25851,24,1,49.98,5,3,1,9,Potential Loyalists
25852,216,1,59.959999999999994,2,3,1,6,Potential Loyalists
25853,3,1,52.269999999999996,5,3,1,9,Potential Loyalists
25854,208,1,52.269999999999996,2,3,1,6,Potential Loyalists
25855,305,1,70.2,1,3,2,6,Potential Loyalists
25856,12,1,758.25,5,3,3,11,Potential Loyalists
25859,196,1,119.94,2,3,2,7,Potential Loyalists
25860,93,1,29.57,4,3,1,8,Potential Loyalists
25862,124,1,98.5942,3,3,2,8,Potential Loyalists
25863,154,1,1263.6599999999999,3,3,4,10,Potential Loyalists
25864,688,1,2443.35,1,3,4,8,At Risk
25866,143,1,1242.81,3,3,4,10,Potential Loyalists
25867,181,1,2384.07,2,3,4,9,At Risk
25868,205,1,2412.03,2,3,4,9,At Risk
25869,130,1,108.0273,3,3,2,8,Potential Loyalists
25870,206,1,75.86,2,3,2,7,Potential Loyalists
25871,113,1,93.60419999999999,3,3,2,8,Potential Loyalists
25872,186,1,2419.06,2,3,4,9,At Risk
25874,53,1,37.18,4,3,1,8,Potential Loyalists
25875,681,1,2443.35,1,3,4,8,At Risk
25876,131,1,1293.31,3,3,4,10,Potential Loyalists
25878,132,1,1248.4941999999999,3,3,4,10,Potential Loyalists
25879,132,1,1267.82,3,3,4,10,Potential Loyalists
25880,96,1,39.55,4,3,1,8,Potential Loyalists
25882,212,1,94.95,2,3,2,7,Potential Loyalists
25883,683,1,2443.35,1,3,4,8,At Risk
25884,200,1,39.980000000000004,2,3,1,6,Potential Loyalists
25885,125,1,59.980000000000004,3,3,1,7,Potential Loyalists
25886,133,1,1329.9062,3,3,4,10,Potential Loyalists
25888,149,1,1282.81,3,3,4,10,Potential Loyalists
25889,131,1,1285.1,3,3,4,10,Potential Loyalists
25890,315,1,49.98,1,3,1,5,Potential Loyalists
25891,198,1,2384.07,2,3,4,9,At Risk
25892,685,1,2443.35,1,3,4,8,At Risk
25893,245,1,49.98,2,3,1,6,Potential Loyalists
25894,154,1,97.0762,3,3,2,8,Potential Loyalists
25895,140,1,1248.4941999999999,3,3,4,10,Potential Loyalists
25896,185,1,126.2815,2,3,3,8,At Risk
25897,78,1,32.6,4,3,1,8,Potential Loyalists
25898,173,1,45.160000000000004,3,3,1,7,Potential Loyalists
25899,291,1,74.2242,1,3,2,6,Potential Loyalists
25900,223,1,49.888400000000004,2,3,1,6,Potential Loyalists
25901,205,1,2401.3584,2,3,4,9,At Risk
25902,308,1,98.5942,1,3,2,6,Potential Loyalists
25903,205,1,2412.03,2,3,4,9,At Risk
25904,26,1,135.7104,5,3,3,11,Potential Loyalists
25905,114,1,1232.83,3,3,4,10,Potential Loyalists
25906,45,1,14.850000000000001,5,3,1,9,Potential Loyalists
25909,110,1,1316.4542,4,3,4,11,Potential Loyalists
25910,112,1,1240.7826,3,3,4,10,Potential Loyalists
25911,639,1,2181.5625,1,3,4,8,At Risk
25912,183,1,90.06620000000001,2,3,2,7,Potential Loyalists
25913,44,1,12.56,5,3,1,9,Potential Loyalists
25914,122,1,75.86,3,3,2,8,Potential Loyalists
25915,62,1,90.23839999999998,4,3,2,9,Potential Loyalists
25916,103,1,1248.4941999999999,4,3,4,11,Potential Loyalists
25917,101,1,1297.9072999999999,4,3,4,11,Potential Loyalists
25918,53,2,1282.0682000000002,4,5,4,13,Champions
25919,30,2,1256.3766,5,5,4,14,Champions
25920,147,2,1699.5357,3,5,4,12,Loyal Customers
25921,58,2,1267.0482000000002,4,5,4,13,Champions
25922,45,2,1272.7323999999999,5,5,4,14,Champions
25923,328,1,12.56,1,3,1,5,Potential Loyalists
25924,156,1,2417.7142000000003,3,3,4,10,Potential Loyalists
25925,242,1,27.2684,2,3,1,6,Potential Loyalists
25926,41,2,1322.0382,5,5,4,14,Champions
25927,43,2,1284.4582,5,5,4,14,Champions
25928,54,2,1324.6924,4,5,4,13,Champions
25929,261,1,54.559999999999995,1,3,1,5,Potential Loyalists
25930,205,1,79.96,2,3,2,7,Potential Loyalists
25931,156,1,54.559999999999995,3,3,1,7,Potential Loyalists
25933,121,1,97.0762,3,3,2,8,Potential Loyalists
25935,30,2,1272.9682,5,5,4,14,Champions
25936,32,2,1265.0208,5,5,4,14,Champions
25937,52,2,1325.0382,4,5,4,13,Champions
25938,56,2,1317.0482000000002,4,5,4,13,Champions
25939,51,2,1315.5282,5,5,4,14,Champions
25940,36,2,1290.5963000000002,5,5,4,14,Champions
25941,33,2,1267.6282,5,5,4,14,Champions
25942,100,1,1232.83,4,3,4,11,Potential Loyalists
25943,168,1,2450.6642,3,3,4,10,Potential Loyalists
25944,53,2,1274.0782,4,5,4,13,Champions
25945,56,2,1257.0682000000002,4,5,4,13,Champions
25946,144,2,1753.5257,3,5,4,12,Loyal Customers
25947,133,2,1733.1799,3,5,4,12,Loyal Customers
25948,135,2,1699.5357,3,5,4,12,Loyal Customers
25949,96,2,1770.8141,4,5,4,13,Champions
25950,10,1,130.48,5,3,3,11,Potential Loyalists
25951,92,1,1374.4742999999999,4,3,4,11,Potential Loyalists
25952,109,1,1240.7826,4,3,4,11,Potential Loyalists
25953,274,1,83.6242,1,3,2,6,Potential Loyalists
25954,214,1,54.559999999999995,2,3,1,6,Potential Loyalists
25955,113,1,1268.84,3,3,4,10,Potential Loyalists
25956,153,1,24.99,3,3,1,7,Potential Loyalists
25957,196,1,142.0462,2,3,3,8,At Risk
25958,118,2,1699.5357,3,5,4,12,Loyal Customers
25959,263,1,54.559999999999995,1,3,1,5,Potential Loyalists
25960,93,2,1753.5257,4,5,4,13,Champions
25961,109,2,1733.1799,4,5,4,13,Champions
25962,173,1,2417.7142000000003,3,3,4,10,Potential Loyalists
25964,102,1,1249.84,4,3,4,11,Potential Loyalists
25965,227,1,64.53999999999999,2,3,2,7,Potential Loyalists
25966,173,1,56.849999999999994,3,3,1,7,Potential Loyalists
25967,179,1,59.959999999999994,3,3,1,7,Potential Loyalists
25968,40,1,49.98,5,3,1,9,Potential Loyalists
25969,74,1,1248.4941999999999,4,3,4,11,Potential Loyalists
25970,65,1,1242.81,4,3,4,11,Potential Loyalists
25971,225,2,2753.3125,2,5,4,11,At Risk
25972,159,1,2432.92,3,3,4,10,Potential Loyalists
25973,171,1,2402.05,3,3,4,10,Potential Loyalists
25974,160,1,2417.7142000000003,3,3,4,10,Potential Loyalists
25975,164,1,2437.9626000000003,3,3,4,10,Potential Loyalists
25976,156,1,2384.07,3,3,4,10,Potential Loyalists
25977,85,2,4623.4842,4,5,5,14,Champions
25978,159,2,5813.049999999999,3,5,5,13,Loyal Customers
25979,168,2,5784.0599999999995,3,5,5,13,Loyal Customers
25980,171,2,5817.7042,3,5,5,13,Loyal Customers
25981,196,2,3016.9842,2,5,5,12,At Risk
25982,161,2,5817.7042,3,5,5,13,Loyal Customers
25983,138,1,59.959999999999994,3,3,1,7,Potential Loyalists
25984,89,2,4624.83,4,5,5,14,Champions
25985,65,2,4721.78,4,5,5,14,Champions
25986,85,2,4623.4842,4,5,5,14,Champions
25987,65,2,4637.9073,4,5,5,14,Champions
25988,127,1,93.60419999999999,3,3,2,8,Potential Loyalists
25989,210,2,2752.8209,2,5,4,11,At Risk
25990,169,2,5855.338400000001,3,5,5,13,Loyal Customers
25991,203,2,2873.6467000000002,2,5,5,12,At Risk
25992,198,2,2721.5525,2,5,4,11,At Risk
25993,86,2,4704.896199999999,4,5,5,14,Champions
25994,83,2,4662.379999999999,4,5,5,14,Champions
25995,550,1,2443.35,1,3,4,8,At Risk
25996,61,2,4607.82,4,5,5,14,Champions
25997,63,2,4632.1284,4,5,5,14,Champions
25998,56,2,4648.4842,4,5,5,14,Champions
25999,551,1,2181.5625,1,3,4,8,At Risk
26000,209,1,89.53,2,3,2,7,Potential Loyalists
26001,51,2,4729.896199999999,5,5,5,15,Champions
26002,55,2,4718.6476999999995,4,5,5,14,Champions
26003,54,2,4709.8862,4,5,5,14,Champions
26004,55,2,4730.8673,4,5,5,14,Champions
26005,30,2,4632.82,5,5,5,15,Champions
26006,33,1,74.97,5,3,2,10,Potential Loyalists
26007,203,1,49.98,2,3,1,6,Potential Loyalists
26009,0,1,77.74,5,3,2,10,Potential Loyalists
26010,300,1,49.98,1,3,1,5,Potential Loyalists
26011,151,2,5777.04,3,5,5,13,Loyal Customers
26012,175,2,5792.7042,3,5,5,13,Loyal Customers
26013,529,1,2443.35,1,3,4,8,At Risk
26014,46,2,4713.33,5,5,5,15,Champions
26015,60,2,4614.84,4,5,5,14,Champions
26016,47,2,4739.8862,5,5,5,15,Champions
26017,327,1,140.7004,1,3,3,7,At Risk
26018,174,2,5865.7715,3,5,5,13,Loyal Customers
26019,112,2,1753.5257,3,5,4,12,Loyal Customers
26020,73,2,1757.4957,4,5,4,13,Champions
26021,69,2,1727.4957,4,5,4,13,Champions
26022,87,2,1733.1799,4,5,4,13,Champions
26023,93,2,1727.4957,4,5,4,13,Champions
26024,83,2,1761.1399000000001,4,5,4,13,Champions
26025,67,2,1732.4857000000002,4,5,4,13,Champions
26026,295,1,9.98,1,3,1,5,Potential Loyalists
26027,61,2,1734.5257000000001,4,5,4,13,Champions
26028,66,2,1733.1799,4,5,4,13,Champions
26029,68,2,1754.0956999999999,4,5,4,13,Champions
26030,195,1,42.98,2,3,1,6,Potential Loyalists
26032,325,1,14.56,1,3,1,5,Potential Loyalists
26033,89,2,1699.5357,4,5,4,13,Champions
26034,121,1,42.98,3,3,1,7,Potential Loyalists
26035,161,1,114.46000000000001,3,3,2,8,Potential Loyalists
26036,54,1,131.96,4,3,3,10,Potential Loyalists
26037,309,1,41.6242,1,3,1,5,Potential Loyalists
26038,121,1,2524.0773000000004,3,3,4,10,Potential Loyalists
26039,53,1,54.559999999999995,4,3,1,8,Potential Loyalists
26040,172,2,3016.9842,3,5,5,13,Loyal Customers
26041,162,2,5873.92,3,5,5,13,Loyal Customers
26042,151,2,5759.0599999999995,3,5,5,13,Loyal Customers
26043,60,1,225.82999999999998,4,3,3,10,Potential Loyalists
26044,251,1,159.5442,2,3,3,8,At Risk
26045,90,1,54.559999999999995,4,3,1,8,Potential Loyalists
26046,85,1,123.46000000000001,4,3,3,10,Potential Loyalists
26047,221,1,93.60419999999999,2,3,2,7,Potential Loyalists
26048,155,1,198.55,3,3,3,9,Potential Loyalists
26049,544,1,2181.5625,1,3,4,8,At Risk
26050,41,2,4624.83,5,5,5,15,Champions
26051,3,1,14.97,5,3,1,9,Potential Loyalists
26052,222,1,49.98,2,3,1,6,Potential Loyalists
26053,283,1,54.559999999999995,1,3,1,5,Potential Loyalists
26054,271,1,24.99,1,3,1,5,Potential Loyalists
26055,172,2,5784.0599999999995,3,5,5,13,Loyal Customers
26056,170,2,5838.049999999999,3,5,5,13,Loyal Customers
26057,157,2,5982.1735,3,5,5,13,Loyal Customers
26058,165,2,5838.049999999999,3,5,5,13,Loyal Customers
26059,227,1,148.94,2,3,3,8,At Risk
26060,169,2,5792.7042,3,5,5,13,Loyal Customers
26061,171,2,5838.049999999999,3,5,5,13,Loyal Customers
26062,223,1,97.0762,2,3,2,7,Potential Loyalists
26063,60,1,84.95,4,3,2,9,Potential Loyalists
26064,182,1,97.0762,2,3,2,7,Potential Loyalists
26065,72,1,97.0762,4,3,2,9,Potential Loyalists
26066,162,2,5852.3757000000005,3,5,5,13,Loyal Customers
26067,40,1,93.60419999999999,5,3,2,10,Potential Loyalists
26068,54,1,74.97,4,3,2,9,Potential Loyalists
26069,297,1,79.0562,1,3,2,6,Potential Loyalists
26070,153,2,5776.3484,3,5,5,13,Loyal Customers
26071,249,1,118.49810000000001,2,3,2,7,Potential Loyalists
26072,20,1,49.98,5,3,1,9,Potential Loyalists
26073,31,1,69.96000000000001,5,3,2,10,Potential Loyalists
26074,124,1,14.56,3,3,1,7,Potential Loyalists
26075,171,2,5776.3484,3,5,5,13,Loyal Customers
26076,189,1,102.0073,2,3,2,7,Potential Loyalists
26077,34,1,16.85,5,3,1,9,Potential Loyalists
26078,306,1,118.5942,1,3,2,6,Potential Loyalists
26079,166,1,118.5942,3,3,2,8,Potential Loyalists
26080,201,1,49.98,2,3,1,6,Potential Loyalists
26081,290,1,68.6142,1,3,2,6,Potential Loyalists
26082,133,2,5777.04,3,5,5,13,Loyal Customers
26083,122,2,5794.049999999999,3,5,5,13,Loyal Customers
26084,135,2,5776.3484,3,5,5,13,Loyal Customers
26085,193,1,92.06620000000001,2,3,2,7,Potential Loyalists
26086,68,1,179.95999999999998,4,3,3,10,Potential Loyalists
26087,78,1,94.95,4,3,2,9,Potential Loyalists
26088,106,1,72.0862,4,3,2,9,Potential Loyalists
26089,128,2,5812.02,3,5,5,13,Loyal Customers
26090,126,2,5817.7042,3,5,5,13,Loyal Customers
26091,149,2,5842.01,3,5,5,13,Loyal Customers
26092,13,1,94.95,5,3,2,10,Potential Loyalists
26093,38,2,4676.78,5,5,5,15,Champions
26094,56,2,4681.348099999999,4,5,5,14,Champions
26095,137,1,30.46,3,3,1,7,Potential Loyalists
26096,135,2,5841.2523,3,5,5,13,Loyal Customers
26097,127,2,5792.01,3,5,5,13,Loyal Customers
26098,139,2,5802.04,3,5,5,13,Loyal Customers
26099,225,1,44.97,2,3,1,6,Potential Loyalists
26101,172,1,49.98,3,3,1,7,Potential Loyalists
26102,271,1,151.86,1,3,3,7,At Risk
26104,128,1,143.0173,3,3,3,9,Potential Loyalists
26105,198,1,77.47999999999999,2,3,2,7,Potential Loyalists
26106,146,2,5776.3484,3,5,5,13,Loyal Customers
26107,129,2,5818.889999999999,3,5,5,13,Loyal Customers
26109,67,1,119.94,4,3,2,9,Potential Loyalists
26110,140,2,5759.0599999999995,3,5,5,13,Loyal Customers
26111,127,2,5792.7042,3,5,5,13,Loyal Customers
26112,137,2,5792.7042,3,5,5,13,Loyal Customers
26113,160,2,2739.5325000000003,3,5,4,12,Loyal Customers
26114,143,2,5867.01,3,5,5,13,Loyal Customers
26115,163,2,3087.27,3,5,5,13,Loyal Customers
26116,123,2,5792.7042,3,5,5,13,Loyal Customers
26117,218,1,69.53,2,3,2,7,Potential Loyalists
26118,192,1,45.47,2,3,1,6,Potential Loyalists
26119,13,1,98.5942,5,3,2,10,Potential Loyalists
26120,30,2,3342.8838,5,5,5,15,Champions
26121,36,2,3314.2296,5,5,5,15,Champions
26122,9,1,93.60419999999999,5,3,2,10,Potential Loyalists
26123,320,1,93.60419999999999,1,3,2,6,Potential Loyalists
26124,199,1,93.60419999999999,2,3,2,7,Potential Loyalists
26125,207,1,59.959999999999994,2,3,1,6,Potential Loyalists
26126,17,1,57.98,5,3,1,9,Potential Loyalists
26127,722,1,2049.0982,1,3,4,8,At Risk
26128,173,1,106.5942,3,3,2,8,Potential Loyalists
26129,12,1,42.98,5,3,1,9,Potential Loyalists
26130,279,1,64.47,1,3,2,6,Potential Loyalists
26131,110,2,1761.1399000000001,4,5,4,13,Champions
26132,330,1,44.97,1,3,1,5,Potential Loyalists
26133,69,2,1733.1799,4,5,4,13,Champions
26134,73,2,1744.7840999999999,4,5,4,13,Champions
26135,90,2,1792.4857000000002,4,5,4,13,Champions
26136,139,1,44.97,3,3,1,7,Potential Loyalists
26137,113,1,69.99,3,3,2,8,Potential Loyalists
26138,66,2,1753.5257,4,5,4,13,Champions
26139,300,1,68.94,1,3,2,6,Potential Loyalists
26140,71,2,1718.5057,4,5,4,13,Champions
26141,323,1,87.27839999999999,1,3,2,6,Potential Loyalists
26142,107,2,1767.4757,4,5,4,13,Champions
26143,176,1,123.97999999999999,3,3,3,9,Potential Loyalists
26144,236,1,51.55,2,3,1,6,Potential Loyalists
26145,173,1,95.92259999999999,3,3,2,8,Potential Loyalists
26146,16,1,69.99,5,3,2,10,Potential Loyalists
26147,6,1,87.97,5,3,2,10,Potential Loyalists
26148,47,2,1727.4957,5,5,4,14,Champions
26149,85,1,87.97,4,3,2,9,Potential Loyalists
26150,30,2,1788.5157,5,5,4,14,Champions
26151,185,1,69.99,2,3,2,7,Potential Loyalists
26152,51,2,1734.5257000000001,5,5,4,14,Champions
26153,118,2,1753.5257,3,5,4,12,Loyal Customers
26154,98,2,1733.1799,4,5,4,13,Champions
26155,94,1,135.3457,4,3,3,10,Potential Loyalists
26156,132,1,95.92259999999999,3,3,2,8,Potential Loyalists
26157,92,1,69.99,4,3,2,9,Potential Loyalists
26158,239,1,117.08619999999999,2,3,2,7,Potential Loyalists
26159,105,1,69.99,4,3,2,9,Potential Loyalists
26160,38,2,1733.1799,5,5,4,14,Champions
26161,115,2,1699.5357,3,5,4,12,Loyal Customers
26163,278,1,123.97999999999999,1,3,3,7,At Risk
26164,175,1,69.99,3,3,2,8,Potential Loyalists
26165,58,2,1753.5257,4,5,4,13,Champions
26166,4,1,135.3457,5,3,3,11,Potential Loyalists
26167,121,2,1699.5357,3,5,4,12,Loyal Customers
26168,40,1,64.85,5,3,2,10,Potential Loyalists
26169,39,1,72.53999999999999,5,3,2,10,Potential Loyalists
26171,205,1,56.849999999999994,2,3,1,6,Potential Loyalists
26173,241,1,9.98,2,3,1,6,Potential Loyalists
26174,720,1,2071.4196,1,3,4,8,At Risk
26175,285,1,156.93,1,3,3,7,At Risk
26176,87,1,9.98,4,3,1,8,Potential Loyalists
26177,112,1,57.0762,3,3,1,7,Potential Loyalists
26178,77,1,173.9673,4,3,3,10,Potential Loyalists
26179,276,1,41.6242,1,3,1,5,Potential Loyalists
26180,105,1,9.98,4,3,1,8,Potential Loyalists
26181,260,1,64.53999999999999,1,3,2,6,Potential Loyalists
26182,58,1,12.56,4,3,1,8,Potential Loyalists
26183,704,1,2071.4196,1,3,4,8,At Risk
26184,264,1,72.53999999999999,1,3,2,6,Potential Loyalists
26185,208,1,81.2584,2,3,2,7,Potential Loyalists
26186,38,1,42.97,5,3,1,9,Potential Loyalists
26187,99,2,1757.4957,4,5,4,13,Champions
26188,100,2,1733.1799,4,5,4,13,Champions
26189,88,2,1744.7840999999999,4,5,4,13,Champions
26190,74,2,1757.4957,4,5,4,13,Champions
26191,75,2,1733.1799,4,5,4,13,Champions
26192,67,2,1699.5357,4,5,4,13,Champions
26194,22,1,116.89,5,3,2,10,Potential Loyalists
26195,328,1,54.559999999999995,1,3,1,5,Potential Loyalists
26196,127,1,54.97,3,3,1,7,Potential Loyalists
26198,117,1,54.559999999999995,3,3,1,7,Potential Loyalists
26199,330,1,49.98,1,3,1,5,Potential Loyalists
26200,176,2,2756.5425,3,5,4,12,Loyal Customers
26201,142,2,4549.3822,3,5,5,13,Loyal Customers
26202,171,2,2796.8825,3,5,5,13,Loyal Customers
26203,68,1,213.97,4,3,3,10,Potential Loyalists
26204,39,2,1792.4857000000002,5,5,4,14,Champions
26205,29,1,2197.4625,5,3,4,12,Potential Loyalists
26206,5,1,2215.2067,5,3,4,12,Potential Loyalists
26207,5,1,2181.5625,5,3,4,12,Potential Loyalists
26208,185,1,53.614200000000004,2,3,1,6,Potential Loyalists
26209,110,1,2384.07,4,3,4,11,Potential Loyalists
26211,261,1,590.95,1,3,3,7,At Risk
26212,84,1,49.849999999999994,4,3,1,8,Potential Loyalists
26213,45,1,71.2784,5,3,2,10,Potential Loyalists
26214,213,1,567.95,2,3,3,8,At Risk
26215,2,1,40.9026,5,3,1,9,Potential Loyalists
26216,165,1,95.61420000000001,3,3,2,8,Potential Loyalists
26217,33,1,46.96,5,3,1,9,Potential Loyalists
26218,259,1,14.850000000000001,1,3,1,5,Potential Loyalists
26219,224,1,591.6142,2,3,3,8,At Risk
26220,220,1,539.99,2,3,3,8,At Risk
26221,111,1,2417.7142000000003,3,3,4,10,Potential Loyalists
26222,272,1,582.97,1,3,3,7,At Risk
26223,94,1,2429.3184,4,3,4,11,Potential Loyalists
26224,298,1,775.9942,1,3,3,7,At Risk
26225,300,1,742.35,1,3,3,7,At Risk
26226,171,1,9.98,3,3,1,7,Potential Loyalists
26227,61,1,1718.2784,4,3,4,11,Potential Loyalists
26228,75,1,1700.99,4,3,4,11,Potential Loyalists
26229,63,1,2417.7142000000003,4,3,4,11,Potential Loyalists
26230,80,1,2417.02,4,3,4,11,Potential Loyalists
26231,43,1,1797.93,5,3,4,12,Potential Loyalists
26232,248,1,9.98,2,3,1,6,Potential Loyalists
26233,326,1,62.2584,1,3,2,6,Potential Loyalists
26234,53,2,3292.9381999999996,4,5,5,14,Champions
26235,443,1,2181.5625,1,3,4,8,At Risk
26237,308,1,54.559999999999995,1,3,1,5,Potential Loyalists
26238,50,2,3297.5923999999995,5,5,5,15,Champions
26239,49,1,103.92,5,3,2,10,Potential Loyalists
26240,244,1,64.95,2,3,2,7,Potential Loyalists
26241,52,2,3359.2196000000004,4,5,5,14,Champions
26242,250,1,80.87,2,3,2,7,Potential Loyalists
26243,21,1,52.269999999999996,5,3,1,9,Potential Loyalists
26244,121,1,120.6243,3,3,2,8,Potential Loyalists
26245,139,2,4490.479600000001,3,5,5,13,Loyal Customers
26246,85,1,29.57,4,3,1,8,Potential Loyalists
26247,130,2,4468.1582,3,5,5,13,Loyal Customers
26248,174,1,102.95,3,3,2,8,Potential Loyalists
26250,316,1,185.26,1,3,3,7,At Risk
26251,16,1,72.6142,5,3,2,10,Potential Loyalists
26252,38,2,3336.4882,5,5,5,15,Champions
26253,199,1,67.96,2,3,2,7,Potential Loyalists
26254,166,1,67.96,3,3,2,8,Potential Loyalists
26255,84,1,77.53,4,3,2,9,Potential Loyalists
26256,80,1,148.7004,4,3,3,10,Potential Loyalists
26257,116,1,129.5642,3,3,3,9,Potential Loyalists
26258,83,1,72.53999999999999,4,3,2,9,Potential Loyalists
26259,270,1,101.60419999999999,1,3,2,6,Potential Loyalists
26260,221,1,177.6904,2,3,3,8,At Risk
26261,251,1,231.54,2,3,3,8,At Risk
26262,193,1,130.5942,2,3,3,8,At Risk
26263,286,1,57.98,1,3,1,5,Potential Loyalists
26264,281,1,62.559999999999995,1,3,2,6,Potential Loyalists
26265,57,1,67.55,4,3,2,9,Potential Loyalists
26266,218,1,148.7004,2,3,3,8,At Risk
26267,69,1,42.98,4,3,1,8,Potential Loyalists
26268,237,1,84.60419999999999,2,3,2,7,Potential Loyalists
26269,126,1,27.96,3,3,1,7,Potential Loyalists
26270,155,1,9.98,3,3,1,7,Potential Loyalists
26271,158,1,47.559999999999995,3,3,1,7,Potential Loyalists
26272,324,1,85.95,1,3,2,6,Potential Loyalists
26273,180,1,84.60419999999999,2,3,2,7,Potential Loyalists
26274,217,1,21.49,2,3,1,6,Potential Loyalists
26275,170,1,29.57,3,3,1,7,Potential Loyalists
26276,40,2,3361.5724,5,5,5,15,Champions
26277,28,2,3319.9138000000003,5,5,5,15,Champions
26278,327,1,64.95,1,3,2,6,Potential Loyalists
26279,398,1,2181.5625,1,3,4,8,At Risk
26280,9,2,3297.5923999999995,5,5,5,15,Champions
26281,13,2,3349.2196000000004,5,5,5,15,Champions
26282,9,1,167.60410000000002,5,3,3,11,Potential Loyalists
26284,84,1,79.55,4,3,2,9,Potential Loyalists
26285,20,2,3331.518,5,5,5,15,Champions
26286,11,2,3354.6782,5,5,5,15,Champions
26287,225,1,80.7,2,3,2,7,Potential Loyalists
26289,185,1,79.96,2,3,2,7,Potential Loyalists
26290,14,2,3303.558,5,5,5,15,Champions
26291,291,1,80.7,1,3,2,6,Potential Loyalists
26292,144,2,4478.4166000000005,3,5,5,13,Loyal Customers
26293,123,2,4484.9782,3,5,5,13,Loyal Customers
26294,422,1,2443.35,1,3,4,8,At Risk
26295,25,2,3297.5923999999995,5,5,5,15,Champions
26296,4,2,3387.8738000000003,5,5,5,15,Champions
26297,7,2,3309.1965999999998,5,5,5,15,Champions
26298,21,2,3340.2596000000003,5,5,5,15,Champions
26299,16,2,3441.5797,5,5,5,15,Champions
26300,24,2,3297.5923999999995,5,5,5,15,Champions
26301,135,2,4484.479600000001,3,5,5,13,Loyal Customers
26302,13,2,3360.1105,5,5,5,15,Champions
26303,0,2,3319.9138000000003,5,5,5,15,Champions
26304,9,2,3263.9482,5,5,5,15,Champions
26305,12,2,3281.2365999999997,5,5,5,15,Champions
26306,335,2,2808.7366,1,5,5,11,At Risk
26307,349,2,2847.4138000000003,1,5,5,11,At Risk
26308,338,2,2867.7596000000003,1,5,5,11,At Risk
26309,341,2,2800.4382,1,5,5,11,At Risk
26310,424,1,2181.5625,1,3,4,8,At Risk
26311,345,2,2831.058,1,5,5,11,At Risk
26312,355,2,2895.7196000000004,1,5,5,11,At Risk
26313,132,2,4487.1582,3,5,5,13,Loyal Customers
26314,226,1,114.46000000000001,2,3,2,7,Potential Loyalists
26315,309,2,2859.4082,1,5,5,11,At Risk
26316,681,1,1000.4375,1,3,3,7,At Risk
26317,316,2,2881.7096,1,5,5,11,At Risk
26318,133,1,27.2684,3,3,1,7,Potential Loyalists
26319,128,2,4487.4066,3,5,5,13,Loyal Customers
26320,122,2,4473.4696,3,5,5,13,Loyal Customers
26321,174,2,1568.3875,3,5,4,12,Loyal Customers
26322,303,2,2912.2596000000003,1,5,5,11,At Risk
26324,130,2,4473.4696,3,5,5,13,Loyal Customers
26325,125,2,4495.7480000000005,3,5,5,13,Loyal Customers
26326,121,2,4450.4565999999995,3,5,5,13,Loyal Customers
26327,135,2,4433.1682,3,5,5,13,Loyal Customers
26328,144,2,4516.2255000000005,3,5,5,13,Loyal Customers
26329,286,2,2874.3982,1,5,5,11,At Risk
26330,295,2,2837.6196,1,5,5,11,At Risk
26331,263,2,2808.7366,1,5,5,11,At Risk
26332,133,1,120.6243,3,3,2,8,Potential Loyalists
26333,235,1,69.53,2,3,2,7,Potential Loyalists
26334,91,1,54.559999999999995,4,3,1,8,Potential Loyalists
26335,259,1,165.6904,1,3,3,7,At Risk
26337,246,1,59.959999999999994,2,3,1,6,Potential Loyalists
26338,121,2,4466.812400000001,3,5,5,13,Loyal Customers
26339,146,2,4455.489600000001,3,5,5,13,Loyal Customers
26340,308,1,93.60419999999999,1,3,2,6,Potential Loyalists
26341,197,1,49.98,2,3,1,6,Potential Loyalists
26342,145,2,4528.4396,3,5,5,13,Loyal Customers
26343,251,2,2808.7366,2,5,5,12,At Risk
26344,257,2,2791.4482,1,5,5,11,At Risk
26345,141,1,97.0762,3,3,2,8,Potential Loyalists
26346,187,1,63.624199999999995,2,3,2,7,Potential Loyalists
26347,67,1,49.98,4,3,1,8,Potential Loyalists
26348,322,1,91.6915,1,3,2,6,Potential Loyalists
26349,269,1,54.559999999999995,1,3,1,5,Potential Loyalists
26350,214,1,9.98,2,3,1,6,Potential Loyalists
26351,260,2,2818.4182,1,5,5,11,At Risk
26352,88,1,1772.2684,4,3,4,11,Potential Loyalists
26353,54,1,1809.8826,4,3,4,11,Potential Loyalists
26354,34,1,1749.0573,5,3,4,12,Potential Loyalists
26355,24,1,62.6342,5,3,2,10,Potential Loyalists
26356,218,1,574.98,2,3,3,8,At Risk
26357,243,1,775.9942,2,3,3,8,At Risk
26358,226,1,47.559999999999995,2,3,1,6,Potential Loyalists
26359,221,1,608.44,2,3,3,8,At Risk
26360,221,1,539.99,2,3,3,8,At Risk
26362,73,1,2456.61,4,3,4,11,Potential Loyalists
26363,40,1,1751.9226,5,3,4,12,Potential Loyalists
26364,140,1,41.6242,3,3,1,7,Potential Loyalists
26365,302,1,62.6342,1,3,2,6,Potential Loyalists
26366,53,1,98.0562,4,3,2,9,Potential Loyalists
26367,187,1,101.0862,2,3,2,7,Potential Loyalists
26368,80,1,53.99,4,3,1,8,Potential Loyalists
26370,126,1,47.559999999999995,3,3,1,7,Potential Loyalists
26372,228,1,557.2784,2,3,3,8,At Risk
26373,141,2,1591.3875,3,5,4,12,Loyal Customers
26375,39,2,1781.4857,5,5,4,14,Champions
26376,71,1,193.86,4,3,3,10,Potential Loyalists
26377,27,1,43.6242,5,3,1,9,Potential Loyalists
26378,68,1,85.95,4,3,2,9,Potential Loyalists
26379,163,1,1837.93,3,3,4,10,Potential Loyalists
26380,151,1,67.96,3,3,2,8,Potential Loyalists
26381,341,1,2273.0225,1,3,4,8,At Risk
26382,335,1,2181.5625,1,3,4,8,At Risk
26383,145,1,67.96,3,3,2,8,Potential Loyalists
26384,104,1,67.96,4,3,2,9,Potential Loyalists
26385,33,1,47.559999999999995,5,3,1,9,Potential Loyalists
26386,126,1,1796.1535,3,3,4,10,Potential Loyalists
26387,40,1,4.99,5,3,1,9,Potential Loyalists
26388,20,1,2105.0638000000004,5,3,4,12,Potential Loyalists
26389,244,1,72.53999999999999,2,3,2,7,Potential Loyalists
26390,145,1,1750.97,3,3,4,10,Potential Loyalists
26391,214,1,72.6142,2,3,2,7,Potential Loyalists
26392,262,1,84.60419999999999,1,3,2,6,Potential Loyalists
26393,197,1,42.98,2,3,1,6,Potential Loyalists
26394,82,1,67.96,4,3,2,9,Potential Loyalists
26395,319,1,72.45,1,3,2,6,Potential Loyalists
26397,50,1,39.980000000000004,5,3,1,9,Potential Loyalists
26398,120,1,1781.2284,3,3,4,10,Potential Loyalists
26399,303,1,2285.6425,1,3,4,8,At Risk
26400,295,1,145.26839999999999,1,3,3,7,At Risk
26401,318,1,37.6342,1,3,1,5,Potential Loyalists
26402,193,1,57.98,2,3,1,6,Potential Loyalists
26403,113,1,78.86999999999999,3,3,2,8,Potential Loyalists
26404,6,1,1796.1535,5,3,4,12,Potential Loyalists
26405,107,1,72.53999999999999,4,3,2,9,Potential Loyalists
26406,11,1,2126.1544,5,3,4,12,Potential Loyalists
26407,300,1,132.56,1,3,3,7,At Risk
26408,121,1,37.6342,3,3,1,7,Potential Loyalists
26409,288,1,71.48,1,3,2,6,Potential Loyalists
26410,169,1,57.98,3,3,1,7,Potential Loyalists
26411,301,1,62.97,1,3,2,6,Potential Loyalists
26412,67,1,119.77,4,3,2,9,Potential Loyalists
26413,67,1,110.0662,4,3,2,9,Potential Loyalists
26414,324,1,115.0562,1,3,2,6,Potential Loyalists
26416,171,1,85.7015,3,3,2,8,Potential Loyalists
26417,207,1,16.55,2,3,1,6,Potential Loyalists
26418,173,1,72.53999999999999,3,3,2,8,Potential Loyalists
26419,186,1,67.96,2,3,2,7,Potential Loyalists
26421,66,1,85.95,4,3,2,9,Potential Loyalists
26422,38,2,1786.0057,5,5,4,14,Champions
26423,49,2,1796.6799,5,5,4,14,Champions
26424,299,1,104.95,1,3,2,6,Potential Loyalists
26425,120,1,69.99,3,3,2,8,Potential Loyalists
26426,23,1,69.99,5,3,2,10,Potential Loyalists
26427,38,1,123.97999999999999,5,3,3,11,Potential Loyalists
26428,103,1,69.99,4,3,2,9,Potential Loyalists
26429,57,2,1733.1799,4,5,4,13,Champions
26430,97,1,69.99,4,3,2,9,Potential Loyalists
26431,13,1,47.559999999999995,5,3,1,9,Potential Loyalists
26432,245,1,123.97999999999999,2,3,3,8,At Risk
26433,60,2,1699.5357,4,5,4,13,Champions
26434,189,1,69.99,2,3,2,7,Potential Loyalists
26435,34,2,1753.5257,5,5,4,14,Champions
26436,47,2,1753.5257,5,5,4,14,Champions
26437,30,2,1747.603,5,5,4,14,Champions
26438,52,2,1733.1799,4,5,4,13,Champions
26439,59,2,1733.1799,4,5,4,13,Champions
26440,38,2,1753.5257,5,5,4,14,Champions
26441,6,1,87.97,5,3,2,10,Potential Loyalists
26442,58,2,1728.0756999999999,4,5,4,13,Champions
26443,41,2,1733.1799,5,5,4,14,Champions
26444,58,2,1769.9957,4,5,4,13,Champions
26445,33,2,1733.1799,5,5,4,14,Champions
26447,2,2,1734.5257000000001,5,5,4,14,Champions
26448,123,1,42.98,3,3,1,7,Potential Loyalists
26449,275,1,9.98,1,3,1,5,Potential Loyalists
26450,74,1,60.2684,4,3,2,9,Potential Loyalists
26451,165,1,54.559999999999995,3,3,1,7,Potential Loyalists
26452,260,1,83.6242,1,3,2,6,Potential Loyalists
26453,81,1,102.21839999999999,4,3,2,9,Potential Loyalists
26454,153,1,54.559999999999995,3,3,1,7,Potential Loyalists
26455,213,1,34.97,2,3,1,6,Potential Loyalists
26456,38,1,39.980000000000004,5,3,1,9,Potential Loyalists
26457,291,1,165.6904,1,3,3,7,At Risk
26458,203,1,89.53,2,3,2,7,Potential Loyalists
26459,123,1,98.5942,3,3,2,8,Potential Loyalists
26462,104,1,54.559999999999995,4,3,1,8,Potential Loyalists
26463,93,1,54.559999999999995,4,3,1,8,Potential Loyalists
26464,61,1,83.6242,4,3,2,9,Potential Loyalists
26465,288,1,29.57,1,3,1,5,Potential Loyalists
26466,207,1,49.98,2,3,1,6,Potential Loyalists
26467,27,1,64.53999999999999,5,3,2,10,Potential Loyalists
26468,322,1,54.559999999999995,1,3,1,5,Potential Loyalists
26469,297,1,88.6142,1,3,2,6,Potential Loyalists
26470,287,1,72.75,1,3,2,6,Potential Loyalists
26471,121,1,74.97,3,3,2,8,Potential Loyalists
26472,282,1,143.0173,1,3,3,7,At Risk
26473,144,1,140.7004,3,3,3,9,Potential Loyalists
26474,155,1,22.278399999999998,3,3,1,7,Potential Loyalists
26475,193,1,60.2684,2,3,2,7,Potential Loyalists
26476,142,1,90.4026,3,3,2,8,Potential Loyalists
26477,81,1,73.5281,4,3,2,9,Potential Loyalists
26478,163,1,97.0762,3,3,2,8,Potential Loyalists
26479,82,1,69.53,4,3,2,9,Potential Loyalists
26480,317,1,47.559999999999995,1,3,1,5,Potential Loyalists
26481,618,1,2071.4196,1,3,4,8,At Risk
26482,587,1,1000.4375,1,3,3,7,At Risk
26483,158,1,50.959999999999994,3,3,1,7,Potential Loyalists
26484,255,2,2813.7696,2,5,5,12,At Risk
26485,255,2,2813.7696,2,5,5,12,At Risk
26486,254,2,2809.4282,2,5,5,12,At Risk
26487,144,2,4487.4066,3,5,5,13,Loyal Customers
26488,307,1,14.97,1,3,1,5,Potential Loyalists
26489,328,1,49.98,1,3,1,5,Potential Loyalists
26490,142,2,4466.812400000001,3,5,5,13,Loyal Customers
26491,127,2,4505.7082,3,5,5,13,Loyal Customers
26492,248,1,64.95,2,3,2,7,Potential Loyalists
26493,313,1,98.5942,1,3,2,6,Potential Loyalists
26494,84,1,79.55,4,3,2,9,Potential Loyalists
26495,104,1,58.980000000000004,4,3,1,8,Potential Loyalists
26496,581,1,1000.4375,1,3,3,7,At Risk
26497,89,1,93.60419999999999,4,3,2,9,Potential Loyalists
26498,192,1,140.7004,2,3,3,8,At Risk
26499,239,2,2847.4138000000003,2,5,5,12,At Risk
26500,112,1,49.98,3,3,1,7,Potential Loyalists
26501,85,1,97.0762,4,3,2,9,Potential Loyalists
26502,115,1,54.559999999999995,3,3,1,7,Potential Loyalists
26503,573,1,1000.4375,1,3,3,7,At Risk
26504,562,1,1000.4375,1,3,3,7,At Risk
26505,326,1,64.97,1,3,2,6,Potential Loyalists
26506,307,1,118.5942,1,3,2,6,Potential Loyalists
26507,208,1,54.559999999999995,2,3,1,6,Potential Loyalists
26508,231,1,120.6243,2,3,2,7,Potential Loyalists
26509,215,2,2809.4282,2,5,5,12,At Risk
26510,212,2,2813.7696,2,5,5,12,At Risk
26511,121,2,4472.778,3,5,5,13,Loyal Customers
26512,570,1,1000.4375,1,3,3,7,At Risk
26513,187,2,2847.4138000000003,2,5,5,12,At Risk
26514,193,1,59.959999999999994,2,3,1,6,Potential Loyalists
26515,128,1,140.7004,3,3,3,9,Potential Loyalists
26516,167,1,37.26,3,3,1,7,Potential Loyalists
26517,281,1,49.98,1,3,1,5,Potential Loyalists
26518,78,1,64.53999999999999,4,3,2,9,Potential Loyalists
26519,123,1,59.959999999999994,3,3,1,7,Potential Loyalists
26520,207,2,2868.9782,2,5,5,12,At Risk
26521,201,2,2821.7196000000004,2,5,5,12,At Risk
26522,143,1,49.98,3,3,1,7,Potential Loyalists
26523,71,1,97.0762,4,3,2,9,Potential Loyalists
26524,9,1,54.559999999999995,5,3,1,9,Potential Loyalists
26525,103,1,97.0762,4,3,2,9,Potential Loyalists
26526,65,1,75.86,4,3,2,9,Potential Loyalists
26527,152,1,58.519999999999996,3,3,1,7,Potential Loyalists
26529,139,2,1567.3975,3,5,4,12,Loyal Customers
26530,129,2,4466.812400000001,3,5,5,13,Loyal Customers
26531,218,1,29.57,2,3,1,6,Potential Loyalists
26532,112,2,4483.4496,3,5,5,13,Loyal Customers
26534,120,2,4489.1338000000005,3,5,5,13,Loyal Customers
26536,92,2,4512.6819000000005,4,5,5,14,Champions
26537,96,2,4468.1582,4,5,5,14,Champions
26538,96,2,4473.4696,4,5,5,14,Champions
26539,108,2,4505.7082,4,5,5,14,Champions
26540,114,2,4466.812400000001,3,5,5,13,Loyal Customers
26541,222,1,74.97,2,3,2,7,Potential Loyalists
26542,258,1,27.279999999999998,1,3,1,5,Potential Loyalists
26543,315,1,36.410000000000004,1,3,1,5,Potential Loyalists
26544,233,1,21.49,2,3,1,6,Potential Loyalists
26545,206,2,2831.058,2,5,5,12,At Risk
26546,188,2,2881.7296,2,5,5,12,At Risk
26547,25,2,1320.7997,5,5,4,14,Champions
26548,9,2,1239.0882000000001,5,5,4,14,Champions
26549,23,2,1314.1444000000001,5,5,4,14,Champions
26550,146,1,123.46000000000001,3,3,3,9,Potential Loyalists
26551,317,1,57.98,1,3,1,5,Potential Loyalists
26552,189,1,80.91,2,3,2,7,Potential Loyalists
26553,14,1,101.60419999999999,5,3,2,10,Potential Loyalists
26554,57,1,102.95,4,3,2,9,Potential Loyalists
26555,134,1,52.269999999999996,3,3,1,7,Potential Loyalists
26556,223,1,72.53999999999999,2,3,2,7,Potential Loyalists
26558,171,1,10.27,3,3,1,7,Potential Loyalists
26559,226,1,46.96,2,3,1,6,Potential Loyalists
26560,27,2,1347.7886,5,5,4,14,Champions
26561,13,2,1271.0482000000002,5,5,4,14,Champions
26562,74,2,1729.4157,4,5,4,13,Champions
26563,69,2,1753.5257,4,5,4,13,Champions
26566,85,2,1834.2661,4,5,4,13,Champions
26567,27,2,1753.5257,5,5,4,14,Champions
26568,4,2,1753.5257,5,5,4,14,Champions
26569,16,2,1733.1799,5,5,4,14,Champions
26570,15,2,1753.5257,5,5,4,14,Champions
26571,22,2,1734.5257000000001,5,5,4,14,Champions
26572,422,1,1000.4375,1,3,3,7,At Risk
26573,326,1,97.96,1,3,2,6,Potential Loyalists
26574,48,1,57.98,5,3,1,9,Potential Loyalists
26575,194,2,2911.4555,2,5,5,12,At Risk
26576,210,1,57.98,2,3,1,6,Potential Loyalists
26577,209,1,102.95,2,3,2,7,Potential Loyalists
26578,61,1,138.6043,4,3,3,10,Potential Loyalists
26579,209,2,2853.0524,2,5,5,12,At Risk
26581,187,2,2831.058,2,5,5,12,At Risk
26582,401,1,1000.4375,1,3,3,7,At Risk
26583,165,1,72.53999999999999,3,3,2,8,Potential Loyalists
26584,332,1,67.96,1,3,2,6,Potential Loyalists
26585,10,2,1699.5357,5,5,4,14,Champions
26586,164,1,57.98,3,3,1,7,Potential Loyalists
26587,8,2,1733.4157,5,5,4,14,Champions
26588,17,2,1733.1799,5,5,4,14,Champions
26589,24,2,1770.8141,5,5,4,14,Champions
26590,72,1,69.99,4,3,2,9,Potential Loyalists
26591,27,2,1753.5257,5,5,4,14,Champions
26592,215,1,87.27839999999999,2,3,2,7,Potential Loyalists
26593,10,1,79.55,5,3,2,10,Potential Loyalists
26594,203,1,59.959999999999994,2,3,1,6,Potential Loyalists
26596,201,1,70.25,2,3,2,7,Potential Loyalists
26598,326,1,67.96,1,3,2,6,Potential Loyalists
26599,319,1,57.98,1,3,1,5,Potential Loyalists
26600,187,2,2808.7366,2,5,5,12,At Risk
26601,209,2,2875.3738000000003,2,5,5,12,At Risk
26602,119,2,4468.1582,3,5,5,13,Loyal Customers
26603,101,2,4487.1582,4,5,5,14,Champions
26604,103,2,4450.4565999999995,4,5,5,14,Champions
26606,184,2,2892.1297,2,5,5,12,At Risk
26607,208,2,2813.7696,2,5,5,12,At Risk
26608,187,2,2886.7296,2,5,5,12,At Risk
26609,105,2,4509.479600000001,4,5,5,14,Champions
26610,121,2,4509.479600000001,3,5,5,13,Loyal Customers
26611,104,2,4490.479600000001,4,5,5,14,Champions
26612,69,1,138.6043,4,3,3,10,Potential Loyalists
26614,198,2,2791.4482,2,5,5,12,At Risk
26615,415,1,1000.4375,1,3,3,7,At Risk
26616,166,2,2808.7366,3,5,5,13,Loyal Customers
26617,165,2,2895.7196000000004,3,5,5,13,Loyal Customers
26618,151,2,2825.0924,3,5,5,13,Loyal Customers
26619,132,2,2972.7696,3,5,5,13,Loyal Customers
26621,88,1,28.99,4,3,1,8,Potential Loyalists
26622,147,2,2849.4282,3,5,5,13,Loyal Customers
26623,142,2,2839.5155,3,5,5,13,Loyal Customers
26624,124,2,2825.0924,3,5,5,13,Loyal Customers
26625,135,2,2832.7396000000003,3,5,5,13,Loyal Customers
26626,95,2,2914.6996,4,5,5,14,Champions
26627,106,2,2791.4482,4,5,5,14,Champions
26628,229,1,72.53999999999999,2,3,2,7,Potential Loyalists
26631,99,2,2813.7696,4,5,5,14,Champions
26632,101,2,2847.4138000000003,4,5,5,14,Champions
26633,63,2,2944.0425,4,5,5,14,Champions
26634,40,2,2943.3338000000003,5,5,5,15,Champions
26635,57,2,2854.3982,4,5,5,14,Champions
26636,154,1,98.83,3,3,2,8,Potential Loyalists
26638,117,2,4516.2255000000005,3,5,5,13,Loyal Customers
26639,145,1,97.0762,3,3,2,8,Potential Loyalists
26640,133,1,602.94,3,3,3,9,Potential Loyalists
26641,99,2,4472.778,4,5,5,14,Champions
26642,121,2,4489.1338000000005,3,5,5,13,Loyal Customers
26644,11,2,2814.4182,5,5,5,15,Champions
26645,20,2,2808.7366,5,5,5,15,Champions
26646,16,2,2972.7696,5,5,5,15,Champions
26647,23,2,2888.5924,5,5,5,15,Champions
26648,53,1,56.849999999999994,4,3,1,8,Potential Loyalists
26649,91,2,4433.1682,4,5,5,14,Champions
26650,97,2,4455.489600000001,4,5,5,14,Champions
26651,26,2,1753.5257,5,5,4,14,Champions
26652,12,2,1734.5257000000001,5,5,4,14,Champions
26653,27,2,1733.1799,5,5,4,14,Champions
26654,346,2,1286.6482,1,5,4,10,At Risk
26655,355,2,1239.0882000000001,1,5,4,10,At Risk
26656,340,2,1284.3366,1,5,4,10,At Risk
26657,346,2,1272.7323999999999,1,5,4,10,At Risk
26658,350,2,1321.0382,1,5,4,10,At Risk
26660,90,2,1753.5257,4,5,4,13,Champions
26661,70,2,1717.5157,4,5,4,13,Champions
26662,62,2,1734.5257000000001,4,5,4,13,Champions
26663,63,2,1831.7842,4,5,4,13,Champions
26664,275,1,123.97999999999999,1,3,3,7,At Risk
26665,216,1,87.27839999999999,2,3,2,7,Potential Loyalists
26666,356,2,1267.0482000000002,1,5,4,10,At Risk
26667,320,2,1307.0582,1,5,4,10,At Risk
26668,267,1,118.0573,1,3,2,6,Potential Loyalists
26669,226,1,123.97999999999999,2,3,3,8,At Risk
26670,205,1,69.99,2,3,2,7,Potential Loyalists
26671,84,1,69.99,4,3,2,9,Potential Loyalists
26672,63,1,123.97999999999999,4,3,3,10,Potential Loyalists
26673,315,2,1467.1382,1,5,4,10,At Risk
26674,162,1,101.60419999999999,3,3,2,8,Potential Loyalists
26675,161,1,78.95,3,3,2,8,Potential Loyalists
26676,1,2,2819.4082,5,5,5,15,Champions
26677,100,1,59.959999999999994,4,3,1,8,Potential Loyalists
26678,147,1,4.99,3,3,1,7,Potential Loyalists
26679,165,1,59.959999999999994,3,3,1,7,Potential Loyalists
26680,241,1,64.53999999999999,2,3,2,7,Potential Loyalists
26681,22,2,2813.7696,5,5,5,15,Champions
26682,133,1,67.1723,3,3,2,8,Potential Loyalists
26683,102,1,601.16,4,3,3,10,Potential Loyalists
26684,113,2,4468.1582,3,5,5,13,Loyal Customers
26685,77,1,74.97,4,3,2,9,Potential Loyalists
26686,69,1,43.6242,4,3,1,8,Potential Loyalists
26687,178,1,49.98,3,3,1,7,Potential Loyalists
26688,272,1,93.60419999999999,1,3,2,6,Potential Loyalists
26689,144,1,143.84,3,3,3,9,Potential Loyalists
26690,215,1,166.45,2,3,3,8,At Risk
26691,311,1,86.97,1,3,2,6,Potential Loyalists
26692,82,1,593.24,4,3,3,10,Potential Loyalists
26693,299,1,19.55,1,3,1,5,Potential Loyalists
26694,118,2,4483.4066,3,5,5,13,Loyal Customers
26695,99,2,4557.093800000001,4,5,5,14,Champions
26696,243,1,101.60419999999999,2,3,2,7,Potential Loyalists
26697,239,1,28.99,2,3,1,6,Potential Loyalists
26698,110,2,4451.1482,4,5,5,14,Champions
26699,241,1,90.7204,2,3,2,7,Potential Loyalists
26700,245,1,16.85,2,3,1,6,Potential Loyalists
26702,187,1,97.96,2,3,2,7,Potential Loyalists
26703,104,2,4468.1582,4,5,5,14,Champions
26704,46,1,67.96,5,3,2,10,Potential Loyalists
26705,91,2,4455.489600000001,4,5,5,14,Champions
26706,289,1,14.56,1,3,1,5,Potential Loyalists
26707,161,1,96.95,3,3,2,8,Potential Loyalists
26708,109,2,4518.4396,4,5,5,14,Champions
26709,79,1,101.60419999999999,4,3,2,9,Potential Loyalists
26710,530,1,2071.4196,1,3,4,8,At Risk
26711,535,1,2049.0982,1,3,4,8,At Risk
26712,149,1,98.8826,3,3,2,8,Potential Loyalists
26713,205,1,115.0562,2,3,2,7,Potential Loyalists
26714,223,1,65.25999999999999,2,3,2,7,Potential Loyalists
26715,80,1,101.60419999999999,4,3,2,9,Potential Loyalists
26716,30,1,82.2584,5,3,2,10,Potential Loyalists
26717,539,1,2071.4196,1,3,4,8,At Risk
26718,110,2,4500.738,4,5,5,14,Champions
26719,163,1,168.3057,3,3,3,9,Potential Loyalists
26720,141,1,101.60419999999999,3,3,2,8,Potential Loyalists
26721,135,1,120.0462,3,3,2,8,Potential Loyalists
26722,300,1,67.96,1,3,2,6,Potential Loyalists
26723,92,2,4496.138199999999,4,5,5,14,Champions
26724,527,1,2049.0982,1,3,4,8,At Risk
26725,528,1,2049.0982,1,3,4,8,At Risk
26726,526,1,2071.4196,1,3,4,8,At Risk
26727,120,2,4485.7824,3,5,5,13,Loyal Customers
26728,119,2,4477.028200000001,3,5,5,13,Loyal Customers
26729,97,2,4442.1582,4,5,5,14,Champions
26730,82,1,9.98,4,3,1,8,Potential Loyalists
26731,516,1,2049.0982,1,3,4,8,At Risk
26732,99,1,122.95,4,3,3,10,Potential Loyalists
26733,67,1,153.6904,4,3,3,10,Potential Loyalists
26734,534,1,2049.0982,1,3,4,8,At Risk
26735,532,1,2071.4196,1,3,4,8,At Risk
26736,315,1,50.959999999999994,1,3,1,5,Potential Loyalists
26737,210,1,135.5842,2,3,3,8,At Risk
26738,28,1,67.96,5,3,2,10,Potential Loyalists
26739,298,1,88.94,1,3,2,6,Potential Loyalists
26740,82,2,1733.1799,4,5,4,13,Champions
26741,137,1,69.99,3,3,2,8,Potential Loyalists
26742,87,1,69.99,4,3,2,9,Potential Loyalists
26743,310,2,1302.0382,1,5,4,10,At Risk
26744,65,2,1734.5257000000001,4,5,4,13,Champions
26745,85,2,1736.4957,4,5,4,13,Champions
26746,80,2,1804.4583,4,5,4,13,Champions
26747,76,2,1733.1799,4,5,4,13,Champions
26748,310,2,1272.7323999999999,1,5,4,10,At Risk
26749,332,2,1239.0882000000001,1,5,4,10,At Risk
26750,74,2,1733.1799,4,5,4,13,Champions
26751,75,2,1699.5357,4,5,4,13,Champions
26752,83,2,1722.5057,4,5,4,13,Champions
26753,47,2,1753.5257,5,5,4,14,Champions
26754,38,2,1733.1799,5,5,4,14,Champions
26755,14,1,123.97999999999999,5,3,3,11,Potential Loyalists
26756,97,1,87.27839999999999,4,3,2,9,Potential Loyalists
26757,280,2,1282.0682000000002,1,5,4,10,At Risk
26758,291,2,1239.0882000000001,1,5,4,10,At Risk
26759,164,1,123.97999999999999,3,3,3,9,Potential Loyalists
26760,288,2,1239.0882000000001,1,5,4,10,At Risk
26761,37,2,1734.5257000000001,5,5,4,14,Champions
26762,241,1,133.49,2,3,3,8,At Risk
26763,54,2,1753.5257,4,5,4,13,Champions
26764,46,2,1733.1799,5,5,4,14,Champions
26765,289,1,87.27839999999999,1,3,2,6,Potential Loyalists
26766,45,1,87.27839999999999,5,3,2,10,Potential Loyalists
26767,277,2,1247.7323999999999,1,5,4,10,At Risk
26768,281,2,1305.6824000000001,1,5,4,10,At Risk
26769,117,1,37.29,3,3,1,7,Potential Loyalists
26770,86,1,69.99,4,3,2,9,Potential Loyalists
26774,285,2,1257.0682000000002,1,5,4,10,At Risk
26775,5,1,131.96,5,3,3,11,Potential Loyalists
26776,219,1,50.959999999999994,2,3,1,6,Potential Loyalists
26777,185,1,101.60419999999999,2,3,2,7,Potential Loyalists
26778,81,1,67.96,4,3,2,9,Potential Loyalists
26779,123,1,50.959999999999994,3,3,1,7,Potential Loyalists
26782,911,1,699.0982,1,3,3,7,At Risk
26784,284,1,89.6915,1,3,2,6,Potential Loyalists
26785,224,1,78.6242,2,3,2,7,Potential Loyalists
26786,538,1,2071.4196,1,3,4,8,At Risk
26788,326,1,77.53,1,3,2,6,Potential Loyalists
26789,875,1,699.0982,1,3,3,7,At Risk
26790,68,1,77.03,4,3,2,9,Potential Loyalists
26791,129,1,29.47,3,3,1,7,Potential Loyalists
26792,271,1,209.95999999999998,1,3,3,7,At Risk
26793,40,1,122.95,5,3,3,11,Potential Loyalists
26794,166,1,88.44,3,3,2,8,Potential Loyalists
26795,48,2,1787.1698999999999,5,5,4,14,Champions
26797,48,2,1753.5257,5,5,4,14,Champions
26798,144,1,57.98,3,3,1,7,Potential Loyalists
26799,44,1,57.98,5,3,1,9,Potential Loyalists
26800,155,1,101.60419999999999,3,3,2,8,Potential Loyalists
26801,536,1,2049.0982,1,3,4,8,At Risk
26803,153,1,122.95,3,3,3,9,Potential Loyalists
26804,186,1,57.16,2,3,1,6,Potential Loyalists
26805,538,1,2071.4196,1,3,4,8,At Risk
26806,134,1,9.98,3,3,1,7,Potential Loyalists
26807,325,1,131.94,1,3,3,7,At Risk
26808,24,1,33.98,5,3,1,9,Potential Loyalists
26809,232,1,151.0173,2,3,3,8,At Risk
26811,535,1,2071.4196,1,3,4,8,At Risk
26812,173,1,138.6043,3,3,3,9,Potential Loyalists
26813,54,1,96.4981,4,3,2,9,Potential Loyalists
26814,533,1,2049.0982,1,3,4,8,At Risk
26815,514,1,2049.0982,1,3,4,8,At Risk
26816,43,1,1734.6342,5,3,4,12,Potential Loyalists
26817,207,1,572.94,2,3,3,8,At Risk
26818,82,1,2429.3184,4,3,4,11,Potential Loyalists
26819,13,1,111.8826,5,3,2,10,Potential Loyalists
26821,205,1,34.05,2,3,1,6,Potential Loyalists
26822,34,1,2473.2984,5,3,4,12,Potential Loyalists
26823,15,1,2417.7142000000003,5,3,4,12,Potential Loyalists
26824,222,1,595.53,2,3,3,8,At Risk
26826,362,1,1260.79,1,3,4,8,At Risk
26827,60,1,1749.0573,4,3,4,11,Potential Loyalists
26828,54,1,1763.53,4,3,4,11,Potential Loyalists
26829,4,1,1755.55,5,3,4,12,Potential Loyalists
26830,213,1,567.95,2,3,3,8,At Risk
26831,348,1,1262.9172999999998,1,3,4,8,At Risk
26833,193,1,12.56,2,3,1,6,Potential Loyalists
26834,149,1,12.56,3,3,1,7,Potential Loyalists
26835,49,1,101.60419999999999,5,3,2,10,Potential Loyalists
26837,228,1,557.97,2,3,3,8,At Risk
26838,313,1,74.83,1,3,2,6,Potential Loyalists
26839,223,1,76.2684,2,3,2,7,Potential Loyalists
26840,69,1,62.97,4,3,2,9,Potential Loyalists
26841,285,1,132.52679999999998,1,3,3,7,At Risk
26842,241,1,539.99,2,3,3,8,At Risk
26843,75,1,209.95999999999998,4,3,3,10,Potential Loyalists
26845,148,1,75.33,3,3,2,8,Potential Loyalists
26846,16,1,55.0762,5,3,1,9,Potential Loyalists
26847,69,1,67.10419999999999,4,3,2,9,Potential Loyalists
26848,191,1,616.95,2,3,3,8,At Risk
26849,237,1,45.6142,2,3,1,6,Potential Loyalists
26850,203,1,56.04730000000001,2,3,1,6,Potential Loyalists
26851,76,1,49.849999999999994,4,3,1,8,Potential Loyalists
26852,328,1,143.93,1,3,3,7,At Risk
26853,233,1,801.9268000000001,2,3,3,8,At Risk
26854,54,1,1728.95,4,3,4,11,Potential Loyalists
26855,56,1,1700.99,4,3,4,11,Potential Loyalists
26856,227,1,824.3000000000001,2,3,3,8,At Risk
26857,199,1,64.47,2,3,2,7,Potential Loyalists
26858,190,1,576.94,2,3,3,8,At Risk
26859,162,1,67.96,3,3,2,8,Potential Loyalists
26860,206,1,539.99,2,3,3,8,At Risk
26861,326,1,72.53999999999999,1,3,2,6,Potential Loyalists
26862,345,1,1248.4941999999999,1,3,4,8,At Risk
26864,363,1,1268.84,1,3,4,8,At Risk
26865,311,1,127.98,1,3,3,7,At Risk
26866,187,1,635.0273,2,3,3,8,At Risk
26867,25,1,1730.56,5,3,4,12,Potential Loyalists
26868,199,1,539.99,2,3,3,8,At Risk
26870,205,1,557.97,2,3,3,8,At Risk
26871,121,1,122.95,3,3,3,9,Potential Loyalists
26872,132,1,69.05,3,3,2,8,Potential Loyalists
26873,314,1,1248.4941999999999,1,3,4,8,At Risk
26874,240,1,47.559999999999995,2,3,1,6,Potential Loyalists
26875,43,1,84.60419999999999,5,3,2,10,Potential Loyalists
26876,198,1,602.94,2,3,3,8,At Risk
26877,22,1,42.97,5,3,1,9,Potential Loyalists
26878,232,1,42.98,2,3,1,6,Potential Loyalists
26879,73,1,75.48,4,3,2,9,Potential Loyalists
26880,126,1,47.559999999999995,3,3,1,7,Potential Loyalists
26881,160,1,85.2484,3,3,2,8,Potential Loyalists
26882,246,1,127.53,2,3,3,8,At Risk
26883,33,1,101.60419999999999,5,3,2,10,Potential Loyalists
26884,305,1,1271.5614999999998,1,3,4,8,At Risk
26885,202,1,574.98,2,3,3,8,At Risk
26886,189,1,567.95,2,3,3,8,At Risk
26887,193,1,12.56,2,3,1,6,Potential Loyalists
26888,13,1,42.97,5,3,1,9,Potential Loyalists
26889,257,1,51.624199999999995,1,3,1,5,Potential Loyalists
26890,187,1,601.5942,2,3,3,8,At Risk
26891,129,1,43.6242,3,3,1,7,Potential Loyalists
26893,156,1,64.97,3,3,2,8,Potential Loyalists
26894,272,1,47.559999999999995,1,3,1,5,Potential Loyalists
26895,183,1,567.95,2,3,3,8,At Risk
26896,284,1,12.98,1,3,1,5,Potential Loyalists
26897,280,1,41.6242,1,3,1,5,Potential Loyalists
26898,299,1,206.00730000000001,1,3,3,7,At Risk
26899,307,1,47.559999999999995,1,3,1,5,Potential Loyalists
26900,95,1,60.2584,4,3,2,9,Potential Loyalists
26901,37,1,11.97,5,3,1,9,Potential Loyalists
26902,233,1,777.34,2,3,3,8,At Risk
26903,216,1,857.4062,2,3,3,8,At Risk
26904,322,1,57.98,1,3,1,5,Potential Loyalists
26905,217,1,8.57,2,3,1,6,Potential Loyalists
26906,79,1,71.48,4,3,2,9,Potential Loyalists
26907,35,1,163.1235,5,3,3,11,Potential Loyalists
26908,69,1,67.55,4,3,2,9,Potential Loyalists
26909,301,1,120.2384,1,3,2,6,Potential Loyalists
26910,183,1,602.94,2,3,3,8,At Risk
26911,308,1,7.98,1,3,1,5,Potential Loyalists
26912,170,1,57.83,3,3,1,7,Potential Loyalists
26913,181,1,621.94,2,3,3,8,At Risk
26914,190,1,602.94,2,3,3,8,At Risk
26915,178,1,62.97,3,3,2,8,Potential Loyalists
26916,0,2,1239.0882000000001,5,5,4,14,Champions
26917,6,2,1266.6381999999999,5,5,4,14,Champions
26918,19,2,1338.3265999999999,5,5,4,14,Champions
26919,15,2,1294.6282,5,5,4,14,Champions
26920,10,2,1267.0482000000002,5,5,4,14,Champions
26921,19,2,1258.0582,5,5,4,14,Champions
26922,25,2,1239.0882000000001,5,5,4,14,Champions
26923,12,2,1239.0882000000001,5,5,4,14,Champions
26924,7,2,1290.6381999999999,5,5,4,14,Champions
26926,25,1,57.98,5,3,1,9,Potential Loyalists
26927,249,1,70.25,2,3,2,7,Potential Loyalists
26928,206,1,623.8726,2,3,3,8,At Risk
26929,123,1,610.5842,3,3,3,9,Potential Loyalists
26930,282,1,1277.8,1,3,4,8,At Risk
26931,201,1,604.46,2,3,3,8,At Risk
26932,195,1,574.98,2,3,3,8,At Risk
26933,270,1,1232.1383999999998,1,3,4,8,At Risk
26934,199,1,567.95,2,3,3,8,At Risk
26935,130,1,57.98,3,3,1,7,Potential Loyalists
26936,218,1,1248.4941999999999,2,3,4,9,At Risk
26937,181,1,644.94,2,3,3,8,At Risk
26938,204,1,746.55,2,3,3,8,At Risk
26939,215,1,775.9942,2,3,3,8,At Risk
26940,216,1,1280.8972999999999,2,3,4,9,At Risk
26941,191,1,777.34,2,3,3,8,At Risk
26942,186,1,597.5942,2,3,3,8,At Risk
26943,74,1,67.6242,4,3,2,9,Potential Loyalists
26944,199,1,562.96,2,3,3,8,At Risk
26945,211,1,777.34,2,3,3,8,At Risk
26946,206,1,1214.85,2,3,4,9,At Risk
26947,207,1,623.0473,2,3,3,8,At Risk
26948,201,1,1315.9361999999999,2,3,4,9,At Risk
26949,154,1,590.95,3,3,3,9,Potential Loyalists
26950,185,1,775.9942,2,3,3,8,At Risk
26952,196,1,760.33,2,3,3,8,At Risk
26953,199,1,793.2826,2,3,3,8,At Risk
26954,192,1,1232.1383999999998,2,3,4,9,At Risk
26955,148,1,590.95,3,3,3,9,Potential Loyalists
26956,175,1,626.9300000000001,3,3,3,9,Potential Loyalists
26957,17,1,1766.3457,5,3,4,12,Potential Loyalists
26958,5,1,1763.53,5,3,4,12,Potential Loyalists
26959,101,1,587.55,4,3,3,10,Potential Loyalists
26960,163,1,574.98,3,3,3,9,Potential Loyalists
26961,186,1,1268.84,2,3,4,9,At Risk
26962,161,1,567.95,3,3,3,9,Potential Loyalists
26963,165,1,1242.4642,3,3,4,10,Potential Loyalists
26964,206,1,760.33,2,3,3,8,At Risk
26965,181,1,844.29,2,3,3,8,At Risk
26966,153,1,602.94,3,3,3,9,Potential Loyalists
26967,296,2,1258.0582,1,5,4,10,At Risk
26968,103,1,87.27839999999999,4,3,2,9,Potential Loyalists
26969,162,1,47.559999999999995,3,3,1,7,Potential Loyalists
26970,130,1,42.97,3,3,1,7,Potential Loyalists
26971,104,1,12.56,4,3,1,8,Potential Loyalists
26972,275,1,116.0273,1,3,2,6,Potential Loyalists
26973,229,1,41.6242,2,3,1,6,Potential Loyalists
26974,159,1,1297.4542,3,3,4,10,Potential Loyalists
26975,173,1,787.5984000000001,3,3,3,9,Potential Loyalists
26976,160,1,805.3000000000001,3,3,3,9,Potential Loyalists
26977,151,1,1311.4642,3,3,4,10,Potential Loyalists
26978,107,1,567.95,4,3,3,10,Potential Loyalists
26979,116,1,597.95,3,3,3,9,Potential Loyalists
26981,280,1,42.98,1,3,1,5,Potential Loyalists
26982,145,1,57.98,3,3,1,7,Potential Loyalists
26983,1,1,1753.2684,5,3,4,12,Potential Loyalists
26984,21,1,1793.94,5,3,4,12,Potential Loyalists
26985,318,1,1051.3701,1,3,4,8,At Risk
26986,289,1,1035.4275,1,3,4,8,At Risk
26987,280,1,1035.4275,1,3,4,8,At Risk
26988,231,1,1065.7932,2,3,4,9,At Risk
26989,328,1,72.45,1,3,2,6,Potential Loyalists
26990,255,1,47.559999999999995,2,3,1,6,Potential Loyalists
26991,173,1,1262.9172999999998,3,3,4,10,Potential Loyalists
26992,157,1,592.2684,3,3,3,9,Potential Loyalists
26993,23,1,41.6242,5,3,1,9,Potential Loyalists
26994,356,1,1037.3875,1,3,4,8,At Risk
26995,353,1,1050.4175,1,3,4,8,At Risk
26996,76,1,38.410000000000004,4,3,1,8,Potential Loyalists
26997,217,1,1054.4075,2,3,4,9,At Risk
26998,130,1,120.5173,3,3,2,8,Potential Loyalists
26999,45,1,61.97,5,3,2,10,Potential Loyalists
27000,299,1,81.7584,1,3,2,6,Potential Loyalists
27001,285,1,51.624199999999995,1,3,1,5,Potential Loyalists
27002,320,1,41.6242,1,3,1,5,Potential Loyalists
27003,116,1,42.98,3,3,1,7,Potential Loyalists
27004,143,1,1262.9172999999998,3,3,4,10,Potential Loyalists
27005,150,1,775.9942,3,3,3,9,Potential Loyalists
27006,177,1,758.25,3,3,3,9,Potential Loyalists
27007,162,1,139.6715,3,3,3,9,Potential Loyalists
27008,104,1,634.2384,4,3,3,10,Potential Loyalists
27009,85,1,573.6342,4,3,3,10,Potential Loyalists
27011,1,1,72.53999999999999,5,3,2,10,Potential Loyalists
27012,86,1,67.55,4,3,2,9,Potential Loyalists
27013,17,1,70.25,5,3,2,10,Potential Loyalists
27014,81,2,1272.7323999999999,4,5,4,13,Champions
27015,54,1,130.5942,4,3,3,10,Potential Loyalists
27016,295,1,86.82,1,3,2,6,Potential Loyalists
27017,93,2,4507.1282,4,5,5,14,Champions
27018,136,1,67.96,3,3,2,8,Potential Loyalists
27019,106,1,14.97,4,3,1,8,Potential Loyalists
27020,512,1,2071.4196,1,3,4,8,At Risk
27021,492,1,2071.4196,1,3,4,8,At Risk
27022,241,1,9.98,2,3,1,6,Potential Loyalists
27023,258,1,84.60419999999999,1,3,2,6,Potential Loyalists
27024,15,1,14.56,5,3,1,9,Potential Loyalists
27025,285,1,69.05,1,3,2,6,Potential Loyalists
27026,758,1,699.0982,1,3,3,7,At Risk
27027,692,1,699.0982,1,3,3,7,At Risk
27028,251,1,64.97,2,3,2,7,Potential Loyalists
27030,187,1,21.49,2,3,1,6,Potential Loyalists
27031,51,1,9.98,5,3,1,9,Potential Loyalists
27033,214,1,52.086200000000005,2,3,1,6,Potential Loyalists
27034,114,1,9.98,3,3,1,7,Potential Loyalists
27035,155,1,14.56,3,3,1,7,Potential Loyalists
27036,301,1,12.27,1,3,1,5,Potential Loyalists
27037,289,1,33.83,1,3,1,5,Potential Loyalists
27038,49,1,14.56,5,3,1,9,Potential Loyalists
27039,121,1,4.99,3,3,1,7,Potential Loyalists
27040,328,1,14.56,1,3,1,5,Potential Loyalists
27041,65,1,14.56,4,3,1,8,Potential Loyalists
27042,17,1,73.48,5,3,2,10,Potential Loyalists
27043,683,1,699.0982,1,3,3,7,At Risk
27044,488,1,2049.0982,1,3,4,8,At Risk
27045,498,1,2049.0982,1,3,4,8,At Risk
27046,255,1,48.54,2,3,1,6,Potential Loyalists
27047,496,1,2049.0982,1,3,4,8,At Risk
27048,45,1,74.83,5,3,2,10,Potential Loyalists
27050,504,1,2071.4196,1,3,4,8,At Risk
27051,495,1,2049.0982,1,3,4,8,At Risk
27052,148,1,79.82,3,3,2,8,Potential Loyalists
27053,653,1,699.0982,1,3,3,7,At Risk
27054,515,1,2071.4196,1,3,4,8,At Risk
27055,282,1,67.96,1,3,2,6,Potential Loyalists
27056,507,1,2071.4196,1,3,4,8,At Risk
27058,510,1,2049.0982,1,3,4,8,At Risk
27059,305,1,149.6715,1,3,3,7,At Risk
27060,643,1,699.0982,1,3,3,7,At Risk
27061,150,1,14.97,3,3,1,7,Potential Loyalists
27062,641,1,699.0982,1,3,3,7,At Risk
27063,501,1,2071.4196,1,3,4,8,At Risk
27064,515,1,2071.4196,1,3,4,8,At Risk
27065,179,1,131.94,3,3,3,9,Potential Loyalists
27066,331,1,67.96,1,3,2,6,Potential Loyalists
27067,495,1,2049.0982,1,3,4,8,At Risk
27068,499,1,2049.0982,1,3,4,8,At Risk
27069,497,1,2049.0982,1,3,4,8,At Risk
27070,8,1,102.95,5,3,2,10,Potential Loyalists
27071,661,1,699.0982,1,3,3,7,At Risk
27072,239,1,35.86,2,3,1,6,Potential Loyalists
27073,109,2,4433.1682,4,5,5,14,Champions
27074,114,2,4433.1682,3,5,5,13,Loyal Customers
27075,63,2,1300.6924,4,5,4,13,Champions
27076,497,1,2071.4196,1,3,4,8,At Risk
27077,504,1,2071.4196,1,3,4,8,At Risk
27078,511,1,2071.4196,1,3,4,8,At Risk
27079,475,1,2071.4196,1,3,4,8,At Risk
27080,474,1,2071.4196,1,3,4,8,At Risk
27081,473,1,2049.0982,1,3,4,8,At Risk
27082,615,1,699.0982,1,3,3,7,At Risk
27083,475,1,2049.0982,1,3,4,8,At Risk
27084,638,1,699.0982,1,3,3,7,At Risk
27085,581,1,699.0982,1,3,3,7,At Risk
27086,467,1,2049.0982,1,3,4,8,At Risk
27087,485,1,2071.4196,1,3,4,8,At Risk
27088,479,1,2071.4196,1,3,4,8,At Risk
27089,456,1,2049.0982,1,3,4,8,At Risk
27090,459,1,2049.0982,1,3,4,8,At Risk
27091,461,1,2071.4196,1,3,4,8,At Risk
27092,111,2,4522.526900000001,3,5,5,13,Loyal Customers
27093,115,2,4509.479600000001,3,5,5,13,Loyal Customers
27094,462,1,2071.4196,1,3,4,8,At Risk
27095,469,1,2049.0982,1,3,4,8,At Risk
27096,92,2,4489.1338000000005,4,5,5,14,Champions
27097,117,2,4472.778,3,5,5,13,Loyal Customers
27098,131,1,101.60419999999999,3,3,2,8,Potential Loyalists
27099,581,1,699.0982,1,3,3,7,At Risk
27100,266,1,14.56,1,3,1,5,Potential Loyalists
27101,581,1,699.0982,1,3,3,7,At Risk
27102,580,1,699.0982,1,3,3,7,At Risk
27103,99,2,4468.1582,4,5,5,14,Champions
27104,80,2,4466.812400000001,4,5,5,14,Champions
27105,74,2,4466.1182,4,5,5,14,Champions
27106,85,2,4455.489600000001,4,5,5,14,Champions
27107,67,2,4455.489600000001,4,5,5,14,Champions
27108,472,1,2071.4196,1,3,4,8,At Risk
27109,288,1,151.94,1,3,3,7,At Risk
27110,44,1,9.98,5,3,1,9,Potential Loyalists
27111,202,1,14.56,2,3,1,6,Potential Loyalists
27112,184,1,143.7777,2,3,3,8,At Risk
27113,109,1,148.5742,4,3,3,10,Potential Loyalists
27114,90,2,4473.4696,4,5,5,14,Champions
27115,55,1,115.0562,4,3,2,9,Potential Loyalists
27116,64,2,4472.778,4,5,5,14,Champions
27117,65,2,4489.1338000000005,4,5,5,14,Champions
27118,177,1,775.9942,3,3,3,9,Potential Loyalists
27119,114,1,1242.81,3,3,4,10,Potential Loyalists
27120,117,1,1262.9172999999998,3,3,4,10,Potential Loyalists
27121,166,1,539.99,3,3,3,9,Potential Loyalists
27122,137,1,793.2826,3,3,3,9,Potential Loyalists
27123,124,1,777.34,3,3,3,9,Potential Loyalists
27124,97,1,843.9542,4,3,3,10,Potential Loyalists
27125,132,1,616.95,3,3,3,9,Potential Loyalists
27126,304,1,1034.0817,1,3,4,8,At Risk
27127,212,1,1000.4375,2,3,3,8,At Risk
27128,308,1,1034.0817,1,3,4,8,At Risk
27129,237,1,1023.4075,2,3,3,8,At Risk
27130,63,1,539.99,4,3,3,10,Potential Loyalists
27131,68,1,603.49,4,3,3,10,Potential Loyalists
27132,125,1,603.45,3,3,3,9,Potential Loyalists
27133,104,1,775.9942,4,3,3,10,Potential Loyalists
27134,119,1,777.34,3,3,3,9,Potential Loyalists
27136,94,1,1232.1383999999998,4,3,4,11,Potential Loyalists
27137,133,1,626.46,3,3,3,9,Potential Loyalists
27138,98,1,775.9942,4,3,3,10,Potential Loyalists
27139,63,1,1296.8,4,3,4,11,Potential Loyalists
27140,132,1,603.48,3,3,3,9,Potential Loyalists
27141,137,1,574.98,3,3,3,9,Potential Loyalists
27142,95,1,794.9642,4,3,3,10,Potential Loyalists
27143,286,1,1063.3875,1,3,4,8,At Risk
27144,110,1,44.980000000000004,4,3,1,8,Potential Loyalists
27145,139,1,35.0,3,3,1,7,Potential Loyalists
27146,205,1,78.6242,2,3,2,7,Potential Loyalists
27147,53,1,123.97999999999999,4,3,3,10,Potential Loyalists
27148,180,1,95.92259999999999,2,3,2,7,Potential Loyalists
27149,83,1,51.85,4,3,1,8,Potential Loyalists
27150,227,1,213.55,2,3,3,8,At Risk
27151,81,1,12.56,4,3,1,8,Potential Loyalists
27152,271,1,41.6242,1,3,1,5,Potential Loyalists
27153,276,1,80.2584,1,3,2,6,Potential Loyalists
27154,69,1,1242.81,4,3,4,11,Potential Loyalists
27155,287,1,107.94,1,3,2,6,Potential Loyalists
27156,218,1,10.27,2,3,1,6,Potential Loyalists
27157,199,1,84.60419999999999,2,3,2,7,Potential Loyalists
27158,92,1,12.56,4,3,1,8,Potential Loyalists
27159,120,1,805.3000000000001,3,3,3,9,Potential Loyalists
27160,81,1,63.459999999999994,4,3,2,9,Potential Loyalists
27161,30,1,1258.7099999999998,5,3,4,12,Potential Loyalists
27162,47,1,539.99,5,3,3,11,Potential Loyalists
27163,238,1,9.57,2,3,1,6,Potential Loyalists
27164,229,1,7.98,2,3,1,6,Potential Loyalists
27165,137,1,7.98,3,3,1,7,Potential Loyalists
27166,72,1,825.4073000000001,4,3,3,10,Potential Loyalists
27167,228,1,1112.3875,2,3,4,9,At Risk
27168,71,1,75.47,4,3,2,9,Potential Loyalists
27169,25,1,1214.85,5,3,4,12,Potential Loyalists
27170,78,1,770.3100000000001,4,3,3,10,Potential Loyalists
27171,138,1,602.94,3,3,3,9,Potential Loyalists
27172,63,1,47.559999999999995,4,3,1,8,Potential Loyalists
27173,295,1,84.60419999999999,1,3,2,6,Potential Loyalists
27174,109,1,14.56,4,3,1,8,Potential Loyalists
27175,42,1,569.46,5,3,3,11,Potential Loyalists
27176,312,1,21.49,1,3,1,5,Potential Loyalists
27177,25,1,55.0762,5,3,1,9,Potential Loyalists
27178,8,1,50.959999999999994,5,3,1,9,Potential Loyalists
27179,127,1,557.97,3,3,3,9,Potential Loyalists
27180,29,1,1268.84,5,3,4,12,Potential Loyalists
27181,183,1,1034.0817,2,3,4,9,At Risk
27182,186,1,1054.4275,2,3,4,9,At Risk
27183,207,1,1027.7175,2,3,3,8,At Risk
27184,329,1,96.6815,1,3,2,6,Potential Loyalists
27185,50,1,601.5942,5,3,3,11,Potential Loyalists
27186,49,1,624.5942,5,3,3,11,Potential Loyalists
27187,12,1,9.57,5,3,1,9,Potential Loyalists
27188,82,1,14.97,4,3,1,8,Potential Loyalists
27189,109,1,62.518100000000004,4,3,2,9,Potential Loyalists
27192,317,1,67.96,1,3,2,6,Potential Loyalists
27193,454,1,2049.0982,1,3,4,8,At Risk
27194,239,1,119.5842,2,3,2,7,Potential Loyalists
27195,76,2,4455.489600000001,4,5,5,14,Champions
27196,282,1,78.47,1,3,2,6,Potential Loyalists
27197,215,1,75.24,2,3,2,7,Potential Loyalists
27198,163,1,150.6715,3,3,3,9,Potential Loyalists
27199,68,2,4468.1582,4,5,5,14,Champions
27200,42,1,41.26,5,3,1,9,Potential Loyalists
27201,64,2,4515.2544,4,5,5,14,Champions
27202,293,1,162.85,1,3,3,7,At Risk
27203,72,1,51.92,4,3,1,8,Potential Loyalists
27204,153,1,14.97,3,3,1,7,Potential Loyalists
27205,430,1,2049.0982,1,3,4,8,At Risk
27206,440,1,2071.4196,1,3,4,8,At Risk
27207,296,1,9.98,1,3,1,5,Potential Loyalists
27208,3,1,44.97,5,3,1,9,Potential Loyalists
27209,150,1,27.2684,3,3,1,7,Potential Loyalists
27210,257,1,12.27,1,3,1,5,Potential Loyalists
27211,445,1,2071.4196,1,3,4,8,At Risk
27212,441,1,2071.4196,1,3,4,8,At Risk
27213,77,1,14.56,4,3,1,8,Potential Loyalists
27214,240,1,212.97,2,3,3,8,At Risk
27215,68,1,67.1723,4,3,2,9,Potential Loyalists
27217,212,1,32.97,2,3,1,6,Potential Loyalists
27218,258,1,12.56,1,3,1,5,Potential Loyalists
27219,214,1,71.48,2,3,2,7,Potential Loyalists
27220,107,1,37.6342,4,3,1,8,Potential Loyalists
27221,242,1,11.97,2,3,1,6,Potential Loyalists
27222,315,1,31.830000000000002,1,3,1,5,Potential Loyalists
27223,276,1,10.27,1,3,1,5,Potential Loyalists
27224,269,1,12.56,1,3,1,5,Potential Loyalists
27225,110,1,55.0762,4,3,1,8,Potential Loyalists
27226,448,1,2049.0982,1,3,4,8,At Risk
27227,431,1,2071.4196,1,3,4,8,At Risk
27228,444,1,2071.4196,1,3,4,8,At Risk
27229,308,1,125.1523,1,3,3,7,At Risk
27230,162,1,13.6342,3,3,1,7,Potential Loyalists
27231,449,1,2049.0982,1,3,4,8,At Risk
27232,443,1,2049.0982,1,3,4,8,At Risk
27233,238,1,86.06620000000001,2,3,2,7,Potential Loyalists
27234,442,1,2071.4196,1,3,4,8,At Risk
27235,432,1,2049.0982,1,3,4,8,At Risk
27236,49,1,67.96,5,3,2,10,Potential Loyalists
27238,44,1,131.94,5,3,3,11,Potential Loyalists
27239,437,1,2071.4196,1,3,4,8,At Risk
27240,445,1,2049.0982,1,3,4,8,At Risk
27241,209,1,28.99,2,3,1,6,Potential Loyalists
27242,552,1,699.0982,1,3,3,7,At Risk
27243,254,1,58.04730000000001,2,3,1,6,Potential Loyalists
27244,2,1,72.53999999999999,5,3,2,10,Potential Loyalists
27245,58,1,33.98,4,3,1,8,Potential Loyalists
27246,227,1,57.98,2,3,1,6,Potential Loyalists
27247,223,1,106.5942,2,3,2,7,Potential Loyalists
27248,138,1,72.53999999999999,3,3,2,8,Potential Loyalists
27249,307,1,57.98,1,3,1,5,Potential Loyalists
27250,87,2,4620.593800000001,4,5,5,14,Champions
27251,451,1,2049.0982,1,3,4,8,At Risk
27252,549,1,699.0982,1,3,3,7,At Risk
27253,549,1,699.0982,1,3,3,7,At Risk
27254,433,1,2049.0982,1,3,4,8,At Risk
27255,443,1,2049.0982,1,3,4,8,At Risk
27256,432,1,2071.4196,1,3,4,8,At Risk
27257,426,1,2071.4196,1,3,4,8,At Risk
27258,420,1,2071.4196,1,3,4,8,At Risk
27259,558,1,699.0982,1,3,3,7,At Risk
27260,421,1,2049.0982,1,3,4,8,At Risk
27261,404,1,2049.0982,1,3,4,8,At Risk
27262,400,1,2049.0982,1,3,4,8,At Risk
27263,422,1,2049.0982,1,3,4,8,At Risk
27264,406,1,2071.4196,1,3,4,8,At Risk
27265,573,1,699.0982,1,3,3,7,At Risk
27266,420,1,2071.4196,1,3,4,8,At Risk
27267,501,1,699.0982,1,3,3,7,At Risk
27268,418,1,2049.0982,1,3,4,8,At Risk
27269,412,1,2049.0982,1,3,4,8,At Risk
27270,463,1,699.0982,1,3,3,7,At Risk
27271,399,1,2071.4196,1,3,4,8,At Risk
27272,414,1,2049.0982,1,3,4,8,At Risk
27273,69,2,4490.479600000001,4,5,5,14,Champions
27274,74,2,4466.812400000001,4,5,5,14,Champions
27275,395,1,2049.0982,1,3,4,8,At Risk
27276,400,1,2049.0982,1,3,4,8,At Risk
27277,397,1,2071.4196,1,3,4,8,At Risk
27278,46,1,57.98,5,3,1,9,Potential Loyalists
27279,88,2,4489.1338000000005,4,5,5,14,Champions
27280,89,2,4461.1282,4,5,5,14,Champions
27281,73,2,4537.2011,4,5,5,14,Champions
27282,81,1,69.99,4,3,2,9,Potential Loyalists
27283,321,1,118.0573,1,3,2,6,Potential Loyalists
27285,466,1,699.0982,1,3,3,7,At Risk
27286,402,1,2071.4196,1,3,4,8,At Risk
27287,65,2,4542.4596,4,5,5,14,Champions
27288,63,2,4451.1482,4,5,5,14,Champions
27289,424,1,2071.4196,1,3,4,8,At Risk
27290,154,1,57.98,3,3,1,7,Potential Loyalists
27291,64,2,4455.489600000001,4,5,5,14,Champions
27292,422,1,2049.0982,1,3,4,8,At Risk
27293,311,1,127.94,1,3,3,7,At Risk
27294,85,2,4538.5469,4,5,5,14,Champions
27295,82,2,4450.4565999999995,4,5,5,14,Champions
27297,460,1,699.0982,1,3,3,7,At Risk
27298,461,1,699.0982,1,3,3,7,At Risk
27299,242,2,1239.0882000000001,2,5,4,11,At Risk
27300,284,1,14.56,1,3,1,5,Potential Loyalists
27301,65,1,101.60419999999999,4,3,2,9,Potential Loyalists
27302,15,1,43.55,5,3,1,9,Potential Loyalists
27303,158,1,86.97,3,3,2,8,Potential Loyalists
27304,89,1,76.6042,4,3,2,9,Potential Loyalists
27305,13,1,1728.95,5,3,4,12,Potential Loyalists
27306,133,1,57.98,3,3,1,7,Potential Loyalists
27307,162,1,102.95,3,3,2,8,Potential Loyalists
27308,264,1,16.55,1,3,1,5,Potential Loyalists
27309,301,1,2204.5325,1,3,4,8,At Risk
27310,71,1,97.96,4,3,2,9,Potential Loyalists
27311,162,1,72.95,3,3,2,8,Potential Loyalists
27312,80,1,67.96,4,3,2,9,Potential Loyalists
27313,236,1,96.95,2,3,2,7,Potential Loyalists
27314,163,1,101.60419999999999,3,3,2,8,Potential Loyalists
27316,299,1,2181.5625,1,3,4,8,At Risk
27317,66,1,12.56,4,3,1,8,Potential Loyalists
27319,3,1,1796.1535,5,3,4,12,Potential Loyalists
27320,41,1,62.97,5,3,2,10,Potential Loyalists
27321,307,1,57.98,1,3,1,5,Potential Loyalists
27322,269,1,72.53999999999999,1,3,2,6,Potential Loyalists
27323,327,1,145.0173,1,3,3,7,At Risk
27324,19,1,2125.0438000000004,5,3,4,12,Potential Loyalists
27325,289,1,230.6273,1,3,3,7,At Risk
27326,163,1,111.0373,3,3,2,8,Potential Loyalists
27327,216,1,67.96,2,3,2,7,Potential Loyalists
27329,195,1,43.6242,2,3,1,6,Potential Loyalists
27330,1,1,98.8826,5,3,2,10,Potential Loyalists
27331,328,1,7.98,1,3,1,5,Potential Loyalists
27332,108,1,9.57,4,3,1,8,Potential Loyalists
27333,63,1,57.98,4,3,1,8,Potential Loyalists
27334,118,1,9.98,3,3,1,7,Potential Loyalists
27335,10,1,43.6242,5,3,1,9,Potential Loyalists
27336,259,1,77.53,1,3,2,6,Potential Loyalists
27337,121,1,19.89,3,3,1,7,Potential Loyalists
27338,271,2,1272.9682,1,5,4,10,At Risk
27339,268,2,1267.0482000000002,1,5,4,10,At Risk
27340,242,2,1294.6282,2,5,4,11,At Risk
27341,226,2,1239.0882000000001,2,5,4,11,At Risk
27342,225,2,1286.0582,2,5,4,11,At Risk
27343,174,1,141.26839999999999,3,3,3,9,Potential Loyalists
27344,220,1,69.99,2,3,2,7,Potential Loyalists
27345,62,1,69.99,4,3,2,9,Potential Loyalists
27346,237,2,1316.0482000000002,2,5,4,11,At Risk
27347,196,1,87.97,2,3,2,7,Potential Loyalists
27348,192,2,1296.2805,2,5,4,11,At Risk
27350,270,1,69.99,1,3,2,6,Potential Loyalists
27351,205,1,123.97999999999999,2,3,3,8,At Risk
27352,211,2,1272.7323999999999,2,5,4,11,At Risk
27353,201,2,1302.0382,2,5,4,11,At Risk
27354,187,2,1239.0882000000001,2,5,4,11,At Risk
27355,201,2,1323.6924,2,5,4,11,At Risk
27356,204,2,1267.0482000000002,2,5,4,11,At Risk
27357,103,1,69.99,4,3,2,9,Potential Loyalists
27358,244,1,78.97999999999999,2,3,2,7,Potential Loyalists
27359,181,2,1282.0682000000002,2,5,4,11,At Risk
27360,257,1,69.99,1,3,2,6,Potential Loyalists
27361,100,1,69.99,4,3,2,9,Potential Loyalists
27362,206,2,1361.9908,2,5,4,11,At Risk
27363,171,1,141.26839999999999,3,3,3,9,Potential Loyalists
27364,301,1,87.27839999999999,1,3,2,6,Potential Loyalists
27365,191,2,1305.6824000000001,2,5,4,11,At Risk
27366,201,2,1239.0882000000001,2,5,4,11,At Risk
27367,141,1,69.99,3,3,2,8,Potential Loyalists
27368,296,1,141.26839999999999,1,3,3,7,At Risk
27369,221,1,87.27839999999999,2,3,2,7,Potential Loyalists
27370,203,2,1239.0882000000001,2,5,4,11,At Risk
27371,200,2,1290.6381999999999,2,5,4,11,At Risk
27373,217,1,37.6342,2,3,1,6,Potential Loyalists
27374,42,1,12.56,5,3,1,9,Potential Loyalists
27375,282,1,12.56,1,3,1,5,Potential Loyalists
27376,45,1,12.56,5,3,1,9,Potential Loyalists
27378,75,1,95.92259999999999,4,3,2,9,Potential Loyalists
27379,144,1,186.45,3,3,3,9,Potential Loyalists
27380,216,1,69.99,2,3,2,7,Potential Loyalists
27381,40,1,102.95,5,3,2,10,Potential Loyalists
27382,258,1,72.53999999999999,1,3,2,6,Potential Loyalists
27384,204,1,78.63419999999999,2,3,2,7,Potential Loyalists
27385,103,1,102.95,4,3,2,9,Potential Loyalists
27386,148,1,72.53999999999999,3,3,2,8,Potential Loyalists
27387,275,1,72.95,1,3,2,6,Potential Loyalists
27388,259,1,121.0173,1,3,2,6,Potential Loyalists
27389,296,1,57.98,1,3,1,5,Potential Loyalists
27390,20,1,71.92,5,3,2,10,Potential Loyalists
27391,165,1,91.96,3,3,2,8,Potential Loyalists
27393,290,1,123.97999999999999,1,3,3,7,At Risk
27394,115,1,38.7784,3,3,1,7,Potential Loyalists
27395,86,1,99.0273,4,3,2,9,Potential Loyalists
27396,134,1,92.97,3,3,2,8,Potential Loyalists
27397,35,1,62.87,5,3,2,10,Potential Loyalists
27398,90,1,55.54,4,3,1,8,Potential Loyalists
27399,247,1,116.31569999999999,2,3,2,7,Potential Loyalists
27400,327,1,69.99,1,3,2,6,Potential Loyalists
27401,241,1,69.99,2,3,2,7,Potential Loyalists
27402,68,1,136.03730000000002,4,3,3,10,Potential Loyalists
27403,42,1,141.26839999999999,5,3,3,11,Potential Loyalists
27405,423,1,2071.4196,1,3,4,8,At Risk
27406,82,2,1272.7323999999999,4,5,4,13,Champions
27407,70,2,4489.1338000000005,4,5,5,14,Champions
27408,116,1,125.91999999999999,3,3,3,9,Potential Loyalists
27409,191,1,106.0942,2,3,2,7,Potential Loyalists
27411,206,1,47.559999999999995,2,3,1,6,Potential Loyalists
27412,64,1,72.6142,4,3,2,9,Potential Loyalists
27413,211,1,102.13419999999999,2,3,2,7,Potential Loyalists
27414,162,1,9.98,3,3,1,7,Potential Loyalists
27415,329,1,69.99,1,3,2,6,Potential Loyalists
27416,399,1,2049.0982,1,3,4,8,At Risk
27417,68,1,42.98,4,3,1,8,Potential Loyalists
27418,77,2,4489.1338000000005,4,5,5,14,Champions
27419,202,1,69.99,2,3,2,7,Potential Loyalists
27420,321,1,69.99,1,3,2,6,Potential Loyalists
27421,417,1,2049.0982,1,3,4,8,At Risk
27422,84,1,85.95,4,3,2,9,Potential Loyalists
27423,407,1,2071.4196,1,3,4,8,At Risk
27424,402,1,2049.0982,1,3,4,8,At Risk
27425,424,1,2049.0982,1,3,4,8,At Risk
27426,145,1,47.559999999999995,3,3,1,7,Potential Loyalists
27427,70,2,4489.1338000000005,4,5,5,14,Champions
27428,181,1,117.08619999999999,2,3,2,7,Potential Loyalists
27429,430,1,699.0982,1,3,3,7,At Risk
27430,156,1,58.910000000000004,3,3,1,7,Potential Loyalists
27431,397,1,2049.0982,1,3,4,8,At Risk
27432,46,1,55.54,5,3,1,9,Potential Loyalists
27433,152,1,53.25,3,3,1,7,Potential Loyalists
27435,232,1,122.95,2,3,3,8,At Risk
27436,42,1,117.08619999999999,5,3,2,10,Potential Loyalists
27437,269,1,87.27839999999999,1,3,2,6,Potential Loyalists
27438,220,1,53.839999999999996,2,3,1,6,Potential Loyalists
27439,77,2,4491.1482,4,5,5,14,Champions
27440,74,2,4461.1282,4,5,5,14,Champions
27441,324,1,95.92259999999999,1,3,2,6,Potential Loyalists
27442,213,1,55.54,2,3,1,6,Potential Loyalists
27443,244,1,47.559999999999995,2,3,1,6,Potential Loyalists
27444,67,1,60.269999999999996,4,3,2,9,Potential Loyalists
27445,63,1,67.96,4,3,2,9,Potential Loyalists
27447,81,2,4490.479600000001,4,5,5,14,Champions
27448,403,1,2071.4196,1,3,4,8,At Risk
27449,84,2,4503.7624,4,5,5,14,Champions
27450,77,2,4536.2300000000005,4,5,5,14,Champions
27451,149,1,72.9762,3,3,2,8,Potential Loyalists
27452,66,2,4543.1238,4,5,5,14,Champions
27453,88,2,4468.1582,4,5,5,14,Champions
27454,196,1,9.57,2,3,1,6,Potential Loyalists
27455,64,2,4537.9596,4,5,5,14,Champions
27456,74,1,115.0562,4,3,2,9,Potential Loyalists
27457,121,1,115.0562,3,3,2,8,Potential Loyalists
27458,178,1,96.6142,3,3,2,8,Potential Loyalists
27459,70,2,4582.8397,4,5,5,14,Champions
27460,64,2,4489.1338000000005,4,5,5,14,Champions
27461,170,1,128.6815,3,3,3,9,Potential Loyalists
27462,53,1,71.44,4,3,2,9,Potential Loyalists
27463,291,1,47.559999999999995,1,3,1,5,Potential Loyalists
27464,101,1,12.56,4,3,1,8,Potential Loyalists
27465,201,1,23.880000000000003,2,3,1,6,Potential Loyalists
27466,201,1,79.2584,2,3,2,7,Potential Loyalists
27467,372,1,2049.0982,1,3,4,8,At Risk
27468,376,1,2071.4196,1,3,4,8,At Risk
27469,4,2,1257.0682000000002,5,5,4,14,Champions
27470,13,2,1293.0482000000002,5,5,4,14,Champions
27471,2,2,1302.5882000000001,5,5,4,14,Champions
27472,28,2,1270.7024000000001,5,5,4,14,Champions
27473,0,2,1336.0582,5,5,4,14,Champions
27474,165,1,80.6142,3,3,2,8,Potential Loyalists
27475,2,1,58.910000000000004,5,3,1,9,Potential Loyalists
27476,34,1,50.959999999999994,5,3,1,9,Potential Loyalists
27477,180,1,47.559999999999995,2,3,1,6,Potential Loyalists
27478,262,1,34.05,1,3,1,5,Potential Loyalists
27479,274,1,47.559999999999995,1,3,1,5,Potential Loyalists
27481,141,1,81.0762,3,3,2,8,Potential Loyalists
27482,296,1,41.6242,1,3,1,5,Potential Loyalists
27483,13,2,1321.1743999999999,5,5,4,14,Champions
27484,17,2,1239.0882000000001,5,5,4,14,Champions
27485,29,2,1302.5482000000002,5,5,4,14,Champions
27486,21,2,1300.6924,5,5,4,14,Champions
27487,13,2,1239.0882000000001,5,5,4,14,Champions
27488,13,2,1239.0882000000001,5,5,4,14,Champions
27489,4,2,1323.6924,5,5,4,14,Champions
27490,13,2,1248.0782,5,5,4,14,Champions
27491,168,1,41.6242,3,3,1,7,Potential Loyalists
27492,27,2,1282.9482,5,5,4,14,Champions
27493,17,2,1290.7124,5,5,4,14,Champions
27494,60,2,1761.1399000000001,4,5,4,13,Champions
27495,101,1,35.0,4,3,1,8,Potential Loyalists
27496,242,1,46.86,2,3,1,6,Potential Loyalists
27497,197,1,39.58,2,3,1,6,Potential Loyalists
27498,193,2,1290.6381999999999,2,5,4,11,At Risk
27499,200,2,1257.0682000000002,2,5,4,11,At Risk
27500,178,2,1302.0382,3,5,4,12,Loyal Customers
27501,169,1,638.5943,3,3,3,9,Potential Loyalists
27502,331,1,69.99,1,3,2,6,Potential Loyalists
27503,146,1,42.98,3,3,1,7,Potential Loyalists
27504,385,1,2071.4196,1,3,4,8,At Risk
27505,121,1,50.959999999999994,3,3,1,7,Potential Loyalists
27506,165,1,70.85,3,3,2,8,Potential Loyalists
27508,378,1,2071.4196,1,3,4,8,At Risk
27509,282,1,81.96,1,3,2,6,Potential Loyalists
27510,62,1,63.459999999999994,4,3,2,9,Potential Loyalists
27511,155,1,566.96,3,3,3,9,Potential Loyalists
27512,178,1,539.99,3,3,3,9,Potential Loyalists
27513,175,1,587.55,3,3,3,9,Potential Loyalists
27514,158,1,539.99,3,3,3,9,Potential Loyalists
27515,179,1,539.99,3,3,3,9,Potential Loyalists
27517,150,1,539.99,3,3,3,9,Potential Loyalists
27518,235,1,123.97999999999999,2,3,3,8,At Risk
27519,28,1,87.27839999999999,5,3,2,10,Potential Loyalists
27520,223,1,78.97999999999999,2,3,2,7,Potential Loyalists
27521,83,2,4491.1482,4,5,5,14,Champions
27522,147,1,69.99,3,3,2,8,Potential Loyalists
27523,373,1,2049.0982,1,3,4,8,At Risk
27524,369,1,2049.0982,1,3,4,8,At Risk
27525,294,1,204.26999999999998,1,3,3,7,At Risk
27526,280,1,26.07,1,3,1,5,Potential Loyalists
27527,69,2,4561.1239000000005,4,5,5,14,Champions
27528,109,1,122.95,4,3,3,10,Potential Loyalists
27529,127,1,133.6143,3,3,3,9,Potential Loyalists
27530,278,1,95.92,1,3,2,6,Potential Loyalists
27531,380,1,2071.4196,1,3,4,8,At Risk
27533,255,1,68.46,2,3,2,7,Potential Loyalists
27534,385,1,2071.4196,1,3,4,8,At Risk
27535,387,1,2049.0982,1,3,4,8,At Risk
27536,397,1,699.0982,1,3,3,7,At Risk
27537,87,2,4492.4396,4,5,5,14,Champions
27539,34,2,4466.812400000001,5,5,5,15,Champions
27540,56,2,4517.093800000001,4,5,5,14,Champions
27541,60,2,4490.479600000001,4,5,5,14,Champions
27542,30,2,4537.9596,5,5,5,15,Champions
27543,45,2,4466.812400000001,5,5,5,15,Champions
27544,373,1,2071.4196,1,3,4,8,At Risk
27545,397,1,699.0982,1,3,3,7,At Risk
27546,371,1,2049.0982,1,3,4,8,At Risk
27547,389,1,2071.4196,1,3,4,8,At Risk
27548,5,1,34.05,5,3,1,9,Potential Loyalists
27549,394,1,2071.4196,1,3,4,8,At Risk
27550,395,1,699.0982,1,3,3,7,At Risk
27551,386,1,2049.0982,1,3,4,8,At Risk
27552,385,1,2071.4196,1,3,4,8,At Risk
27553,393,1,2049.0982,1,3,4,8,At Risk
27554,376,1,2071.4196,1,3,4,8,At Risk
27555,382,1,2049.0982,1,3,4,8,At Risk
27556,366,1,2049.0982,1,3,4,8,At Risk
27557,420,1,699.0982,1,3,3,7,At Risk
27558,386,1,2049.0982,1,3,4,8,At Risk
27559,368,1,2049.0982,1,3,4,8,At Risk
27560,400,1,699.0982,1,3,3,7,At Risk
27561,304,1,135.6904,1,3,3,7,At Risk
27563,182,1,153.1904,2,3,3,8,At Risk
27564,215,1,111.43,2,3,2,7,Potential Loyalists
27565,303,1,53.32,1,3,1,5,Potential Loyalists
27566,191,1,55.54,2,3,1,6,Potential Loyalists
27567,48,1,42.98,5,3,1,9,Potential Loyalists
27568,52,2,4490.479600000001,4,5,5,14,Champions
27569,30,2,4472.778,5,5,5,15,Champions
27570,50,2,4526.768,5,5,5,15,Champions
27571,39,2,4513.4696,5,5,5,15,Champions
27572,38,2,4489.1338000000005,5,5,5,15,Champions
27573,47,2,4490.479600000001,5,5,5,15,Champions
27574,51,2,4469.7724,5,5,5,15,Champions
27575,392,1,2071.4196,1,3,4,8,At Risk
27576,381,1,2071.4196,1,3,4,8,At Risk
27579,71,1,101.60419999999999,4,3,2,9,Potential Loyalists
27580,83,1,38.6342,4,3,1,8,Potential Loyalists
27581,139,1,539.99,3,3,3,9,Potential Loyalists
27582,141,1,588.84,3,3,3,9,Potential Loyalists
27583,141,1,558.96,3,3,3,9,Potential Loyalists
27584,128,1,622.0762,3,3,3,9,Potential Loyalists
27585,135,1,576.5942,3,3,3,9,Potential Loyalists
27586,42,1,1000.4375,5,3,3,11,Potential Loyalists
27587,34,1,1050.4175,5,3,4,12,Potential Loyalists
27588,35,1,28.17,5,3,1,9,Potential Loyalists
27589,27,1,1080.3600999999999,5,3,4,12,Potential Loyalists
27590,5,1,1088.3775,5,3,4,12,Potential Loyalists
27591,7,1,9.98,5,3,1,9,Potential Loyalists
27592,139,1,14.97,3,3,1,7,Potential Loyalists
27593,104,1,27.2684,4,3,1,8,Potential Loyalists
27594,290,1,43.6242,1,3,1,5,Potential Loyalists
27595,10,1,92.06620000000001,5,3,2,10,Potential Loyalists
27596,251,1,67.1723,2,3,2,7,Potential Loyalists
27597,91,1,588.4300000000001,4,3,3,10,Potential Loyalists
27598,118,1,574.82,3,3,3,9,Potential Loyalists
27599,108,1,603.49,4,3,3,10,Potential Loyalists
27600,72,1,69.05,4,3,2,9,Potential Loyalists
27602,375,1,699.0982,1,3,3,7,At Risk
27603,174,1,172.24849999999998,3,3,3,9,Potential Loyalists
27606,39,1,2417.7142000000003,5,3,4,12,Potential Loyalists
27607,281,1,14.56,1,3,1,5,Potential Loyalists
27608,54,1,67.96,4,3,2,9,Potential Loyalists
27609,178,1,72.53999999999999,3,3,2,8,Potential Loyalists
27610,223,1,90.92999999999999,2,3,2,7,Potential Loyalists
27613,388,1,699.0982,1,3,3,7,At Risk
27615,50,1,2429.9100000000003,5,3,4,12,Potential Loyalists
27616,49,1,2461.6000000000004,5,3,4,12,Potential Loyalists
27617,31,1,2412.03,5,3,4,12,Potential Loyalists
27618,146,1,130.5942,3,3,3,9,Potential Loyalists
27619,169,1,72.95,3,3,2,8,Potential Loyalists
27620,97,1,122.95,4,3,3,10,Potential Loyalists
27621,38,1,2402.05,5,3,4,12,Potential Loyalists
27622,117,1,57.98,3,3,1,7,Potential Loyalists
27623,52,1,2423.9300000000003,4,3,4,11,Potential Loyalists
27624,329,1,57.98,1,3,1,5,Potential Loyalists
27625,49,1,2401.3584,5,3,4,12,Potential Loyalists
27626,36,1,67.96,5,3,2,10,Potential Loyalists
27627,138,1,72.53999999999999,3,3,2,8,Potential Loyalists
27628,144,1,9.98,3,3,1,7,Potential Loyalists
27630,222,1,85.2484,2,3,2,7,Potential Loyalists
27631,285,1,67.96,1,3,2,6,Potential Loyalists
27632,90,1,43.6242,4,3,1,8,Potential Loyalists
27633,168,1,54.51,3,3,1,7,Potential Loyalists
27634,43,1,613.03,5,3,3,11,Potential Loyalists
27635,13,1,143.7104,5,3,3,11,Potential Loyalists
27636,32,1,2445.6742000000004,5,3,4,12,Potential Loyalists
27638,208,1,77.53,2,3,2,7,Potential Loyalists
27639,152,1,42.98,3,3,1,7,Potential Loyalists
27641,60,1,2384.07,4,3,4,11,Potential Loyalists
27642,98,1,73.1142,4,3,2,9,Potential Loyalists
27644,101,1,69.05,4,3,2,9,Potential Loyalists
27645,39,1,2507.02,5,3,4,12,Potential Loyalists
27646,38,1,2417.7142000000003,5,3,4,12,Potential Loyalists
27648,168,1,49.849999999999994,3,3,1,7,Potential Loyalists
27650,98,1,47.559999999999995,4,3,1,8,Potential Loyalists
27651,39,1,2466.1562000000004,5,3,4,12,Potential Loyalists
27652,144,1,99.0273,3,3,2,8,Potential Loyalists
27653,223,1,136.03730000000002,2,3,3,8,At Risk
27654,274,1,42.98,1,3,1,5,Potential Loyalists
27655,78,1,42.98,4,3,1,8,Potential Loyalists
27656,144,1,69.99,3,3,2,8,Potential Loyalists
27657,30,1,106.2204,5,3,2,10,Potential Loyalists
27658,268,1,55.54,1,3,1,5,Potential Loyalists
27659,333,1,96.97,1,3,2,6,Potential Loyalists
27660,4,1,42.98,5,3,1,9,Potential Loyalists
27661,306,1,47.559999999999995,1,3,1,5,Potential Loyalists
27662,56,1,2417.7142000000003,4,3,4,11,Potential Loyalists
27663,42,1,2465.7815,5,3,4,12,Potential Loyalists
27664,256,1,84.60419999999999,2,3,2,7,Potential Loyalists
27665,213,1,42.98,2,3,1,6,Potential Loyalists
27667,30,1,2419.06,5,3,4,12,Potential Loyalists
27668,47,1,2474.8,5,3,4,12,Potential Loyalists
27669,52,1,2419.06,4,3,4,11,Potential Loyalists
27670,55,1,2412.03,4,3,4,11,Potential Loyalists
27671,45,1,2419.06,5,3,4,12,Potential Loyalists
27672,856,1,3578.27,1,3,5,9,At Risk
27674,129,1,47.559999999999995,3,3,1,7,Potential Loyalists
27675,196,1,55.54,2,3,1,6,Potential Loyalists
27677,158,1,101.4126,3,3,2,8,Potential Loyalists
27679,151,1,63.459999999999994,3,3,2,8,Potential Loyalists
27680,264,1,71.44,1,3,2,6,Potential Loyalists
27682,33,1,49.849999999999994,5,3,1,9,Potential Loyalists
27683,118,1,38.980000000000004,3,3,1,7,Potential Loyalists
27684,116,1,110.0842,3,3,2,8,Potential Loyalists
27685,15,1,74.98,5,3,2,10,Potential Loyalists
27687,6,1,1071.7159,5,3,4,12,Potential Loyalists
27689,106,1,539.99,4,3,3,10,Potential Loyalists
27690,101,1,573.6342,4,3,3,10,Potential Loyalists
27691,114,1,603.49,3,3,3,9,Potential Loyalists
27692,118,1,603.49,3,3,3,9,Potential Loyalists
27693,109,1,539.99,4,3,3,10,Potential Loyalists
27694,10,1,1092.0417,5,3,4,12,Potential Loyalists
27695,28,1,1000.4375,5,3,3,11,Potential Loyalists
27696,21,1,1063.0717,5,3,4,12,Potential Loyalists
27697,21,1,1000.4375,5,3,3,11,Potential Loyalists
27698,20,1,1081.1779,5,3,4,12,Potential Loyalists
27699,9,1,1034.0817,5,3,4,12,Potential Loyalists
27700,230,1,43.6242,2,3,1,6,Potential Loyalists
27701,8,1,1034.0817,5,3,4,12,Potential Loyalists
27702,22,1,1034.0817,5,3,4,12,Potential Loyalists
27703,188,1,9.98,2,3,1,6,Potential Loyalists
27704,293,1,47.269999999999996,1,3,1,5,Potential Loyalists
27705,26,1,43.6242,5,3,1,9,Potential Loyalists
27706,111,1,567.95,3,3,3,9,Potential Loyalists
27707,104,1,582.97,4,3,3,10,Potential Loyalists
27708,119,1,90.7204,3,3,2,8,Potential Loyalists
27709,117,1,628.97,3,3,3,9,Potential Loyalists
27710,79,1,587.55,4,3,3,10,Potential Loyalists
27711,89,1,631.45,4,3,3,10,Potential Loyalists
27712,2,1,1054.4275,5,3,4,12,Potential Loyalists
27713,20,1,1070.5037,5,3,4,12,Potential Loyalists
27714,16,1,1034.0817,5,3,4,12,Potential Loyalists
27715,21,1,1052.7075,5,3,4,12,Potential Loyalists
27716,181,1,9.57,2,3,1,6,Potential Loyalists
27717,24,1,33.83,5,3,1,9,Potential Loyalists
27718,199,1,63.97,2,3,2,7,Potential Loyalists
27719,84,1,620.7304,4,3,3,10,Potential Loyalists
27720,300,1,43.6242,1,3,1,5,Potential Loyalists
27721,66,1,173.56,4,3,3,10,Potential Loyalists
27722,81,1,588.4300000000001,4,3,3,10,Potential Loyalists
27723,8,1,1034.0817,5,3,4,12,Potential Loyalists
27724,93,1,69.99,4,3,2,9,Potential Loyalists
27725,65,1,118.0573,4,3,2,9,Potential Loyalists
27727,280,1,16.55,1,3,1,5,Potential Loyalists
27728,35,1,67.49,5,3,2,10,Potential Loyalists
27729,319,1,34.95,1,3,1,5,Potential Loyalists
27730,235,1,7.98,2,3,1,6,Potential Loyalists
27731,16,1,69.99,5,3,2,10,Potential Loyalists
27732,49,1,60.2684,5,3,2,10,Potential Loyalists
27733,16,1,157.29000000000002,5,3,3,11,Potential Loyalists
27734,205,1,118.0573,2,3,2,7,Potential Loyalists
27736,27,1,88.5942,5,3,2,10,Potential Loyalists
27737,219,1,47.559999999999995,2,3,1,6,Potential Loyalists
27738,99,1,87.27839999999999,4,3,2,9,Potential Loyalists
27739,226,1,69.99,2,3,2,7,Potential Loyalists
27740,285,1,50.959999999999994,1,3,1,5,Potential Loyalists
27742,55,1,21.49,4,3,1,8,Potential Loyalists
27743,19,1,1034.0817,5,3,4,12,Potential Loyalists
27744,340,1,668.4881,1,3,3,7,At Risk
27745,355,1,640.44,1,3,3,7,At Risk
27746,303,1,654.45,1,3,3,7,At Risk
27747,27,1,133.0462,5,3,3,11,Potential Loyalists
27748,87,1,45.269999999999996,4,3,1,8,Potential Loyalists
27749,135,1,42.98,3,3,1,7,Potential Loyalists
27750,103,1,45.269999999999996,4,3,1,8,Potential Loyalists
27751,212,1,96.97,2,3,2,7,Potential Loyalists
27752,862,1,3578.27,1,3,5,9,At Risk
27753,281,1,54.949999999999996,1,3,1,5,Potential Loyalists
27754,127,1,47.559999999999995,3,3,1,7,Potential Loyalists
27755,235,1,88.5942,2,3,2,7,Potential Loyalists
27756,163,1,69.99,3,3,2,8,Potential Loyalists
27757,277,1,141.26839999999999,1,3,3,7,At Risk
27758,277,1,69.99,1,3,2,6,Potential Loyalists
27760,211,1,1071.0317,2,3,4,9,At Risk
27761,199,1,1034.0817,2,3,4,9,At Risk
27762,52,1,573.6342,4,3,3,10,Potential Loyalists
27763,84,1,832.5884,4,3,3,10,Potential Loyalists
27764,75,1,810.3100000000001,4,3,3,10,Potential Loyalists
27765,341,1,742.35,1,3,3,7,At Risk
27766,358,1,824.0615,1,3,3,7,At Risk
27767,364,1,834.3100000000001,1,3,3,7,At Risk
27768,72,1,742.35,4,3,3,10,Potential Loyalists
27769,66,1,839.3000000000001,4,3,3,10,Potential Loyalists
27770,308,1,760.33,1,3,3,7,At Risk
27771,84,1,777.34,4,3,3,10,Potential Loyalists
27772,295,1,128.47,1,3,3,7,At Risk
27773,38,1,777.34,5,3,3,11,Potential Loyalists
27774,310,1,829.32,1,3,3,7,At Risk
27775,186,1,1000.4375,2,3,3,8,At Risk
27776,45,1,760.33,5,3,3,11,Potential Loyalists
27777,310,1,843.88,1,3,3,7,At Risk
27778,148,1,539.99,3,3,3,9,Potential Loyalists
27779,43,1,43.6242,5,3,1,9,Potential Loyalists
27780,44,1,775.9942,5,3,3,11,Potential Loyalists
27781,122,1,574.98,3,3,3,9,Potential Loyalists
27782,305,1,60.2584,1,3,2,6,Potential Loyalists
27783,269,1,171.56,1,3,3,7,At Risk
27784,38,1,760.33,5,3,3,11,Potential Loyalists
27785,156,1,46.96,3,3,1,7,Potential Loyalists
27786,114,1,573.6342,3,3,3,9,Potential Loyalists
27787,305,1,110.5368,1,3,2,6,Potential Loyalists
27788,291,1,16.55,1,3,1,5,Potential Loyalists
27789,120,1,567.95,3,3,3,9,Potential Loyalists
27790,114,1,585.9300000000001,3,3,3,9,Potential Loyalists
27791,300,1,775.9942,1,3,3,7,At Risk
27792,292,1,759.6384,1,3,3,7,At Risk
27794,299,1,72.45,1,3,2,6,Potential Loyalists
27796,146,1,1028.3975,3,3,3,9,Potential Loyalists
27797,211,1,1000.4375,2,3,3,8,At Risk
27798,167,1,1054.4275,3,3,4,10,Potential Loyalists
27799,343,1,1054.4275,1,3,4,8,At Risk
27800,328,1,1000.4375,1,3,3,7,At Risk
27801,302,1,775.9942,1,3,3,7,At Risk
27802,102,1,582.97,4,3,3,10,Potential Loyalists
27803,228,1,43.6242,2,3,1,6,Potential Loyalists
27804,94,1,56.04730000000001,4,3,1,8,Potential Loyalists
27805,47,1,62.2584,5,3,2,10,Potential Loyalists
27806,311,1,7.98,1,3,1,5,Potential Loyalists
27807,313,1,9.98,1,3,1,5,Potential Loyalists
27808,45,1,898.9442,5,3,3,11,Potential Loyalists
27809,162,1,1051.3701,3,3,4,10,Potential Loyalists
27810,14,1,586.5081,5,3,3,11,Potential Loyalists
27811,160,1,1034.0817,3,3,4,10,Potential Loyalists
27812,131,1,44.97,3,3,1,7,Potential Loyalists
27813,131,1,69.05,3,3,2,8,Potential Loyalists
27814,286,1,228.05,1,3,3,7,At Risk
27815,315,1,132.6715,1,3,3,7,At Risk
27816,217,1,60.9126,2,3,2,7,Potential Loyalists
27817,11,1,609.04,5,3,3,11,Potential Loyalists
27818,1,1,617.94,5,3,3,11,Potential Loyalists
27819,347,1,2417.7142000000003,1,3,4,8,At Risk
27820,363,1,2417.7142000000003,1,3,4,8,At Risk
27821,318,1,2436.3484000000003,1,3,4,8,At Risk
27822,156,1,68.94,3,3,2,8,Potential Loyalists
27823,175,1,1052.7159,3,3,4,10,Potential Loyalists
27824,57,1,793.2826,4,3,3,10,Potential Loyalists
27825,246,1,901.35,2,3,3,8,At Risk
27826,250,1,47.559999999999995,2,3,1,6,Potential Loyalists
27827,51,1,46.97,5,3,1,9,Potential Loyalists
27828,279,1,55.54,1,3,1,5,Potential Loyalists
27829,25,1,39.980000000000004,5,3,1,9,Potential Loyalists
27830,50,1,84.60419999999999,5,3,2,10,Potential Loyalists
27832,138,1,42.98,3,3,1,7,Potential Loyalists
27833,40,1,42.98,5,3,1,9,Potential Loyalists
27834,171,1,18.624200000000002,3,3,1,7,Potential Loyalists
27835,307,1,81.03620000000001,1,3,2,6,Potential Loyalists
27836,285,1,9.98,1,3,1,5,Potential Loyalists
27837,315,1,88.5942,1,3,2,6,Potential Loyalists
27838,34,1,60.2684,5,3,2,10,Potential Loyalists
27839,289,1,2417.7142000000003,1,3,4,8,At Risk
27840,211,1,62.2584,2,3,2,7,Potential Loyalists
27841,283,1,88.5942,1,3,2,6,Potential Loyalists
27842,182,1,69.05,2,3,2,7,Potential Loyalists
27843,171,1,36.34,3,3,1,7,Potential Loyalists
27845,56,1,769.32,4,3,3,10,Potential Loyalists
27846,25,1,807.9542,5,3,3,11,Potential Loyalists
27847,192,1,47.559999999999995,2,3,1,6,Potential Loyalists
27848,61,1,77.03,4,3,2,9,Potential Loyalists
27849,51,1,44.97,5,3,1,9,Potential Loyalists
27850,275,1,87.93,1,3,2,6,Potential Loyalists
27851,263,1,39.980000000000004,1,3,1,5,Potential Loyalists
27852,108,1,574.98,4,3,3,10,Potential Loyalists
27853,97,1,46.93,4,3,1,8,Potential Loyalists
27854,26,1,766.2,5,3,3,11,Potential Loyalists
27855,56,1,47.559999999999995,4,3,1,8,Potential Loyalists
27856,93,1,624.0362,4,3,3,10,Potential Loyalists
27857,288,1,44.97,1,3,1,5,Potential Loyalists
27859,259,1,777.34,1,3,3,7,At Risk
27860,7,1,636.96,5,3,3,11,Potential Loyalists
27861,8,1,539.99,5,3,3,11,Potential Loyalists
27862,7,1,557.97,5,3,3,11,Potential Loyalists
27863,10,1,590.95,5,3,3,11,Potential Loyalists
27864,208,1,2446.7042,2,3,4,9,At Risk
27865,203,1,2417.7142000000003,2,3,4,9,At Risk
27866,174,1,2417.02,3,3,4,10,Potential Loyalists
27867,142,1,2441.2623000000003,3,3,4,10,Potential Loyalists
27868,90,1,2419.06,4,3,4,11,Potential Loyalists
27869,66,1,2485.1562000000004,4,3,4,11,Potential Loyalists
27870,46,1,2419.06,5,3,4,12,Potential Loyalists
27871,5,1,2384.07,5,3,4,12,Potential Loyalists
27872,11,1,2401.3584,5,3,4,12,Potential Loyalists
27873,364,1,1248.4941999999999,1,3,4,8,At Risk
27874,291,1,1332.5403999999999,1,3,4,8,At Risk
27875,291,1,1268.84,1,3,4,8,At Risk
27876,183,1,1214.85,2,3,4,9,At Risk
27877,169,1,1251.8,3,3,4,10,Potential Loyalists
27878,146,1,1345.4442,3,3,4,10,Potential Loyalists
27879,138,1,1311.9941999999999,3,3,4,10,Potential Loyalists
27880,260,1,2401.3584,1,3,4,8,At Risk
27881,12,1,775.9942,5,3,3,11,Potential Loyalists
27882,259,1,800.3100000000001,1,3,3,7,At Risk
27883,249,1,814.89,2,3,3,8,At Risk
27884,256,1,770.3100000000001,2,3,3,8,At Risk
27885,91,1,603.49,4,3,3,10,Potential Loyalists
27886,52,1,44.97,4,3,1,8,Potential Loyalists
27887,236,1,62.0762,2,3,2,7,Potential Loyalists
27888,11,1,45.86,5,3,1,9,Potential Loyalists
27889,64,1,78.2142,4,3,2,9,Potential Loyalists
27890,107,1,582.97,4,3,3,10,Potential Loyalists
27891,106,1,618.8826,4,3,3,10,Potential Loyalists
27892,87,1,668.7977000000001,4,3,3,10,Potential Loyalists
27893,89,1,37.18,4,3,1,8,Potential Loyalists
27894,71,1,548.98,4,3,3,10,Potential Loyalists
27895,13,1,819.9542,5,3,3,11,Potential Loyalists
27896,62,1,539.99,4,3,3,10,Potential Loyalists
27897,216,1,758.25,2,3,3,8,At Risk
27898,15,1,760.33,5,3,3,11,Potential Loyalists
27899,19,1,775.9942,5,3,3,11,Potential Loyalists
27900,223,1,777.34,2,3,3,8,At Risk
27901,252,1,2456.01,2,3,4,9,At Risk
27902,150,1,1054.4275,3,3,4,10,Potential Loyalists
27903,274,1,42.870000000000005,1,3,1,5,Potential Loyalists
27904,306,1,218.3084,1,3,3,7,At Risk
27905,192,1,42.98,2,3,1,6,Potential Loyalists
27906,68,1,539.99,4,3,3,10,Potential Loyalists
27907,65,1,615.0462,4,3,3,10,Potential Loyalists
27908,213,1,793.2826,2,3,3,8,At Risk
27909,79,1,557.97,4,3,3,10,Potential Loyalists
27910,317,1,573.6342,1,3,3,7,At Risk
27912,9,1,81.96,5,3,2,10,Potential Loyalists
27913,138,1,9.98,3,3,1,7,Potential Loyalists
27914,259,1,43.6242,1,3,1,5,Potential Loyalists
27915,74,1,39.980000000000004,4,3,1,8,Potential Loyalists
27916,6,1,43.6242,5,3,1,9,Potential Loyalists
27918,32,1,2485.6000000000004,5,3,4,12,Potential Loyalists
27919,58,1,2438.06,4,3,4,11,Potential Loyalists
27920,51,1,2417.7142000000003,5,3,4,12,Potential Loyalists
27921,130,1,14.56,3,3,1,7,Potential Loyalists
27922,70,1,107.44,4,3,2,9,Potential Loyalists
27923,66,1,86.97,4,3,2,9,Potential Loyalists
27924,273,1,2262.2298,1,3,4,8,At Risk
27925,45,1,41.6242,5,3,1,9,Potential Loyalists
27926,285,1,9.98,1,3,1,5,Potential Loyalists
27927,4,1,11.97,5,3,1,9,Potential Loyalists
27928,122,1,1000.4375,3,3,3,9,Potential Loyalists
27929,279,1,3.99,1,3,1,5,Potential Loyalists
27930,270,1,72.53999999999999,1,3,2,6,Potential Loyalists
27931,36,1,14.56,5,3,1,9,Potential Loyalists
27932,140,1,128.47,3,3,3,9,Potential Loyalists
27933,38,1,30.87,5,3,1,9,Potential Loyalists
27934,15,1,9.98,5,3,1,9,Potential Loyalists
27935,123,1,168.6515,3,3,3,9,Potential Loyalists
27936,193,1,49.98,2,3,1,6,Potential Loyalists
27937,284,1,2383.4325,1,3,4,8,At Risk
27938,168,1,41.6242,3,3,1,7,Potential Loyalists
27939,261,1,92.97,1,3,2,6,Potential Loyalists
27940,230,1,41.6242,2,3,1,6,Potential Loyalists
27941,186,1,40.7,2,3,1,6,Potential Loyalists
27942,331,1,57.0762,1,3,1,5,Potential Loyalists
27943,252,1,2181.5625,2,3,4,9,At Risk
27944,213,1,2319.4209,2,3,4,9,At Risk
27945,245,1,25.2684,2,3,1,6,Potential Loyalists
27946,39,1,1032.0517,5,3,3,11,Potential Loyalists
27947,61,1,9.98,4,3,1,8,Potential Loyalists
27948,211,1,2209.5225,2,3,4,9,At Risk
27949,357,1,567.95,1,3,3,7,At Risk
27950,52,1,9.98,4,3,1,8,Potential Loyalists
27951,14,1,2106.3696,5,3,4,12,Potential Loyalists
27952,183,1,2222.1425,2,3,4,9,At Risk
27953,318,1,557.97,1,3,3,7,At Risk
27954,128,1,44.97,3,3,1,7,Potential Loyalists
27955,190,1,41.6242,2,3,1,6,Potential Loyalists
27956,309,1,567.95,1,3,3,7,At Risk
27957,271,1,12.56,1,3,1,5,Potential Loyalists
27958,12,1,41.6242,5,3,1,9,Potential Loyalists
27959,148,1,58.04730000000001,3,3,1,7,Potential Loyalists
27960,251,1,9.57,2,3,1,6,Potential Loyalists
27961,279,1,33.5281,1,3,1,5,Potential Loyalists
27962,150,1,9.57,3,3,1,7,Potential Loyalists
27963,16,1,14.56,5,3,1,9,Potential Loyalists
27964,237,1,12.56,2,3,1,6,Potential Loyalists
27965,293,1,590.95,1,3,3,7,At Risk
27966,278,1,44.97,1,3,1,5,Potential Loyalists
27967,253,1,567.95,2,3,3,8,At Risk
27968,328,1,44.97,1,3,1,5,Potential Loyalists
27969,33,1,597.1823,5,3,3,11,Potential Loyalists
27970,267,1,90.7204,1,3,2,6,Potential Loyalists
27971,59,1,63.97,4,3,2,9,Potential Loyalists
27972,35,1,80.87,5,3,2,10,Potential Loyalists
27973,34,1,539.99,5,3,3,11,Potential Loyalists
27974,42,1,576.94,5,3,3,11,Potential Loyalists
27975,108,1,116.0562,4,3,2,9,Potential Loyalists
27976,103,1,63.97,4,3,2,9,Potential Loyalists
27977,49,1,567.95,5,3,3,11,Potential Loyalists
27978,326,1,57.0762,1,3,1,5,Potential Loyalists
27979,147,1,9.98,3,3,1,7,Potential Loyalists
27980,225,1,62.0662,2,3,2,7,Potential Loyalists
27981,330,1,44.97,1,3,1,5,Potential Loyalists
27982,56,1,603.49,4,3,3,10,Potential Loyalists
27983,58,1,539.99,4,3,3,10,Potential Loyalists
27984,30,1,582.97,5,3,3,11,Potential Loyalists
27985,41,1,539.99,5,3,3,11,Potential Loyalists
27986,19,1,567.95,5,3,3,11,Potential Loyalists
27987,24,1,567.95,5,3,3,11,Potential Loyalists
27988,70,1,16.85,4,3,1,8,Potential Loyalists
27990,135,1,41.6242,3,3,1,7,Potential Loyalists
27991,104,1,6.87,4,3,1,8,Potential Loyalists
27992,39,1,4.58,5,3,1,9,Potential Loyalists
27993,236,1,4.58,2,3,1,6,Potential Loyalists
27994,126,1,19.55,3,3,1,7,Potential Loyalists
27995,300,1,14.97,1,3,1,5,Potential Loyalists
27996,321,1,75.88,1,3,2,6,Potential Loyalists
27997,57,1,9.98,4,3,1,8,Potential Loyalists
27998,109,1,165.1535,4,3,3,10,Potential Loyalists
27999,48,1,111.2584,5,3,2,10,Potential Loyalists
28000,112,1,140.6343,3,3,3,9,Potential Loyalists
28001,76,1,44.97,4,3,1,8,Potential Loyalists
28002,270,1,43.6242,1,3,1,5,Potential Loyalists
28003,310,1,14.97,1,3,1,5,Potential Loyalists
28004,256,1,14.56,2,3,1,6,Potential Loyalists
28005,275,1,14.56,1,3,1,5,Potential Loyalists
28006,201,1,9.57,2,3,1,6,Potential Loyalists
28007,134,1,43.6242,3,3,1,7,Potential Loyalists
28008,156,1,14.56,3,3,1,7,Potential Loyalists
28009,169,1,9.57,3,3,1,7,Potential Loyalists
28010,138,1,114.2685,3,3,2,8,Potential Loyalists
28011,247,1,14.56,2,3,1,6,Potential Loyalists
28012,126,1,14.56,3,3,1,7,Potential Loyalists
28013,868,1,3578.27,1,3,5,9,At Risk
28015,214,1,33.5281,2,3,1,6,Potential Loyalists
28016,79,1,2.29,4,3,1,8,Potential Loyalists
28019,7,1,14.56,5,3,1,9,Potential Loyalists
28020,233,1,44.97,2,3,1,6,Potential Loyalists
28021,171,1,95.92259999999999,3,3,2,8,Potential Loyalists
28026,31,1,14.56,5,3,1,9,Potential Loyalists
28027,51,1,118.0573,5,3,2,10,Potential Loyalists
28028,263,1,90.7204,1,3,2,6,Potential Loyalists
28029,125,1,39.980000000000004,3,3,1,7,Potential Loyalists
28030,38,1,2393.06,5,3,4,12,Potential Loyalists
28031,39,1,2465.7815,5,3,4,12,Potential Loyalists
28032,309,1,77.5373,1,3,2,6,Potential Loyalists
28033,59,1,50.959999999999994,4,3,1,8,Potential Loyalists
28034,24,1,69.99,5,3,2,10,Potential Loyalists
28035,242,1,69.99,2,3,2,7,Potential Loyalists
28036,878,1,3578.27,1,3,5,9,At Risk
28037,14,1,47.45,5,3,1,9,Potential Loyalists
28038,37,1,2438.3084000000003,5,3,4,12,Potential Loyalists
28043,247,1,43.6242,2,3,1,6,Potential Loyalists
28045,112,1,118.0573,3,3,2,8,Potential Loyalists
28046,15,1,69.99,5,3,2,10,Potential Loyalists
28048,58,1,114.2584,4,3,2,9,Potential Loyalists
28049,317,1,55.54,1,3,1,5,Potential Loyalists
28050,79,1,42.98,4,3,1,8,Potential Loyalists
28051,853,1,3578.27,1,3,5,9,At Risk
28052,54,1,85.86,4,3,2,9,Potential Loyalists
28053,256,1,91.94,2,3,2,7,Potential Loyalists
28054,272,1,50.959999999999994,1,3,1,5,Potential Loyalists
28055,194,1,118.46000000000001,2,3,2,7,Potential Loyalists
28056,31,1,60.2684,5,3,2,10,Potential Loyalists
28057,277,1,42.98,1,3,1,5,Potential Loyalists
28058,25,1,21.49,5,3,1,9,Potential Loyalists
28059,157,1,101.44,3,3,2,8,Potential Loyalists
28060,141,1,44.97,3,3,1,7,Potential Loyalists
28061,57,1,2435.6942000000004,4,3,4,11,Potential Loyalists
28062,31,1,2384.07,5,3,4,12,Potential Loyalists
28063,57,1,2465.0873,4,3,4,11,Potential Loyalists
28064,52,1,2384.07,4,3,4,11,Potential Loyalists
28065,43,1,2417.7142000000003,5,3,4,12,Potential Loyalists
28066,34,1,2419.06,5,3,4,12,Potential Loyalists
28067,40,1,2417.7142000000003,5,3,4,12,Potential Loyalists
28068,32,1,2488.3585000000003,5,3,4,12,Potential Loyalists
28069,31,1,567.95,5,3,3,11,Potential Loyalists
28070,19,1,2417.7142000000003,5,3,4,12,Potential Loyalists
28071,18,1,2410.0026000000003,5,3,4,12,Potential Loyalists
28072,60,1,557.97,4,3,3,10,Potential Loyalists
28073,217,1,19.55,2,3,1,6,Potential Loyalists
28074,72,1,17.93,4,3,1,8,Potential Loyalists
28075,35,1,125.81,5,3,3,11,Potential Loyalists
28076,4,1,2417.7142000000003,5,3,4,12,Potential Loyalists
28077,206,1,21.49,2,3,1,6,Potential Loyalists
28078,12,1,2450.6642,5,3,4,12,Potential Loyalists
28079,28,1,44.97,5,3,1,9,Potential Loyalists
28080,302,1,43.6242,1,3,1,5,Potential Loyalists
28081,14,1,50.959999999999994,5,3,1,9,Potential Loyalists
28082,300,1,84.60419999999999,1,3,2,6,Potential Loyalists
28083,3,1,2384.07,5,3,4,12,Potential Loyalists
28084,113,1,84.60419999999999,3,3,2,8,Potential Loyalists
28085,208,1,9.98,2,3,1,6,Potential Loyalists
28086,263,1,168.57000000000002,1,3,3,7,At Risk
28087,212,1,14.56,2,3,1,6,Potential Loyalists
28089,107,1,30.46,4,3,1,8,Potential Loyalists
28090,270,1,43.6242,1,3,1,5,Potential Loyalists
28091,33,1,1248.4941999999999,5,3,4,12,Potential Loyalists
28092,870,1,3578.27,1,3,5,9,At Risk
28093,99,1,2.29,4,3,1,8,Potential Loyalists
28094,309,1,4.58,1,3,1,5,Potential Loyalists
28095,183,1,4.58,2,3,1,6,Potential Loyalists
28098,47,1,1248.4941999999999,5,3,4,12,Potential Loyalists
28099,2,1,2466.1562000000004,5,3,4,12,Potential Loyalists
28100,137,1,74.5081,3,3,2,8,Potential Loyalists
28101,320,1,87.27839999999999,1,3,2,6,Potential Loyalists
28102,1,1,1296.5614999999998,5,3,4,12,Potential Loyalists
28103,16,1,1214.85,5,3,4,12,Potential Loyalists
28104,29,1,9.57,5,3,1,9,Potential Loyalists
28105,109,1,14.56,4,3,1,8,Potential Loyalists
28106,256,1,25.880000000000003,2,3,1,6,Potential Loyalists
28107,316,1,815.3100000000001,1,3,3,7,At Risk
28108,295,1,759.6384,1,3,3,7,At Risk
28109,290,1,814.89,1,3,3,7,At Risk
28110,290,1,868.28,1,3,3,7,At Risk
28111,275,1,897.9442,1,3,3,7,At Risk
28113,253,1,901.35,2,3,3,8,At Risk
28114,305,1,600.2584,1,3,3,7,At Risk
28115,293,1,576.94,1,3,3,7,At Risk
28116,248,1,631.45,2,3,3,8,At Risk
28117,263,1,590.95,1,3,3,7,At Risk
28118,6,1,602.94,5,3,3,11,Potential Loyalists
28119,18,1,573.6342,5,3,3,11,Potential Loyalists
28120,22,1,539.99,5,3,3,11,Potential Loyalists
28121,52,1,118.0573,4,3,2,9,Potential Loyalists
28122,216,1,44.97,2,3,1,6,Potential Loyalists
28123,91,1,14.97,4,3,1,8,Potential Loyalists
28124,30,1,33.53,5,3,1,9,Potential Loyalists
28125,15,1,9.98,5,3,1,9,Potential Loyalists
28126,262,1,27.2684,1,3,1,5,Potential Loyalists
28127,264,1,9.98,1,4,1,6,Potential Loyalists
28128,27,1,25.880000000000003,5,4,1,10,Potential Loyalists
28129,868,1,3578.27,1,4,5,10,At Risk
28130,867,1,3578.27,1,4,5,10,At Risk
28131,19,1,2445.6742000000004,5,4,4,13,Champions
28132,23,1,557.97,5,4,3,12,Loyal Customers
28133,28,1,573.6342,5,4,3,12,Loyal Customers
28135,26,1,548.6342,5,4,3,12,Loyal Customers
28136,359,1,2384.07,1,4,4,9,At Risk
28137,76,1,12.27,4,4,1,9,Potential Loyalists
28139,118,1,134.56,3,4,3,10,Loyal Customers
28140,0,1,43.6242,5,4,1,10,Potential Loyalists
28141,308,1,140.6343,1,4,3,8,At Risk
28143,284,1,27.2684,1,4,1,6,Potential Loyalists
28144,163,1,35.45,3,4,1,8,Potential Loyalists
28146,173,1,81.96,3,4,2,9,Potential Loyalists
28151,182,1,9.98,2,4,1,7,Potential Loyalists
28152,8,1,2455.3484000000003,5,4,4,13,Champions
28153,55,1,600.2584,4,4,3,11,Loyal Customers
28154,21,1,2402.05,5,4,4,13,Champions
28155,24,1,2384.07,5,4,4,13,Champions
28156,21,1,2417.7142000000003,5,4,4,13,Champions
28157,109,1,14.56,4,4,1,9,Potential Loyalists
28158,4,1,2417.7142000000003,5,4,4,13,Champions
28159,4,1,2414.9,5,4,4,13,Champions
28160,32,1,573.6342,5,4,3,12,Loyal Customers
28161,870,1,3578.27,1,4,5,10,At Risk
28165,869,1,3578.27,1,4,5,10,At Risk
28169,867,1,3578.27,1,4,5,10,At Risk
28173,855,1,3578.27,1,4,5,10,At Risk
28175,306,1,14.56,1,4,1,6,Potential Loyalists
28176,868,1,3578.27,1,4,5,10,At Risk
28177,859,1,3578.27,1,4,5,10,At Risk
28178,875,1,3578.27,1,4,5,10,At Risk
28187,167,1,44.97,3,4,1,8,Potential Loyalists
28188,24,1,57.0762,5,4,1,10,Potential Loyalists
28189,7,1,595.53,5,4,3,12,Loyal Customers
28190,24,1,2417.7142000000003,5,4,4,13,Champions
28191,26,1,2417.7142000000003,5,4,4,13,Champions
28192,68,1,60.2684,4,4,2,10,Potential Loyalists
28193,7,1,2438.06,5,4,4,13,Champions
28194,8,1,2570.52,5,4,4,13,Champions
28195,23,1,573.6342,5,4,3,12,Loyal Customers
28196,10,1,2429.3184,5,4,4,13,Champions
28197,870,1,3578.27,1,4,5,10,At Risk
28198,869,1,3578.27,1,4,5,10,At Risk
28201,342,1,2419.06,1,4,4,9,At Risk
28202,362,1,2417.7142000000003,1,4,4,9,At Risk
28203,356,1,2384.07,1,4,4,9,At Risk
28204,361,1,2419.06,1,4,4,9,At Risk
28205,245,1,603.49,2,4,3,9,At Risk
28206,337,1,2412.03,1,4,4,9,At Risk
28207,356,1,2480.52,1,4,4,9,At Risk
28208,307,1,2403.04,1,4,4,9,At Risk
28209,254,1,573.6342,2,4,3,9,At Risk
28210,256,1,587.0862,2,4,3,9,At Risk
28211,260,1,539.99,1,4,3,8,At Risk
28212,252,1,666.4300000000001,2,4,3,9,At Risk
28213,138,1,43.6242,3,4,1,8,Potential Loyalists
28214,89,1,64.97,4,4,2,10,Potential Loyalists
28215,267,1,638.0462,1,4,3,8,At Risk
28216,300,1,14.56,1,4,1,6,Potential Loyalists
28217,305,1,2432.51,1,4,4,9,At Risk
28218,111,1,42.93,3,4,1,8,Potential Loyalists
28219,34,1,44.97,5,4,1,10,Potential Loyalists
28220,42,1,27.2684,5,4,1,10,Potential Loyalists
28224,14,1,2438.06,5,4,4,13,Champions
28225,175,1,85.95,3,4,2,9,Potential Loyalists
28226,329,1,84.60419999999999,1,4,2,7,Potential Loyalists
28227,122,1,81.96,3,4,2,9,Potential Loyalists
28228,115,1,42.98,3,4,1,8,Potential Loyalists
28229,128,1,55.54,3,4,1,8,Potential Loyalists
28230,218,1,29.47,2,4,1,7,Potential Loyalists
28231,139,1,45.269999999999996,3,4,1,8,Potential Loyalists
28232,176,1,167.56,3,4,3,10,Loyal Customers
28233,225,1,42.98,2,4,1,7,Potential Loyalists
28234,7,1,2412.03,5,4,4,13,Champions
28235,286,1,51.624199999999995,1,4,1,6,Potential Loyalists
28236,154,1,84.60419999999999,3,4,2,9,Potential Loyalists
28237,332,1,66.86,1,4,2,7,Potential Loyalists
28239,301,1,14.56,1,4,1,6,Potential Loyalists
28240,6,1,2432.61,5,4,4,13,Champions
28241,296,1,154.0173,1,4,3,8,At Risk
28242,136,1,21.84,3,4,1,8,Potential Loyalists
28243,6,1,2482.5600000000004,5,4,4,13,Champions
28244,15,1,2469.0873,5,4,4,13,Champions
28246,5,1,2412.03,5,4,4,13,Champions
28247,13,1,2384.07,5,4,4,13,Champions
28248,309,1,9.98,1,4,1,6,Potential Loyalists
28249,75,1,55.92,4,4,1,9,Potential Loyalists
28250,25,1,2438.06,5,4,4,13,Champions
28251,196,1,9.98,2,4,1,7,Potential Loyalists
28252,70,1,9.98,4,4,1,9,Potential Loyalists
28253,178,1,23.6142,3,4,1,8,Potential Loyalists
28254,189,1,173.56,2,4,3,9,At Risk
28255,14,1,2512.01,5,4,4,13,Champions
28256,214,1,57.0762,2,4,1,7,Potential Loyalists
28257,23,1,2403.04,5,4,4,13,Champions
28259,6,1,2578.9,5,4,4,13,Champions
28260,182,1,14.56,2,4,1,7,Potential Loyalists
28261,61,1,40.86,4,4,1,9,Potential Loyalists
28263,39,1,49.96,5,4,1,10,Potential Loyalists
28264,17,1,2417.7142000000003,5,4,4,13,Champions
28265,30,1,43.6242,5,4,1,10,Potential Loyalists
28266,269,1,9.98,1,4,1,6,Potential Loyalists
28267,302,1,92.06620000000001,1,4,2,7,Potential Loyalists
28269,292,1,27.2684,1,4,1,6,Potential Loyalists
28272,46,1,136.9973,5,4,3,12,Loyal Customers
28273,6,1,2384.07,5,4,4,13,Champions
28275,13,1,43.6242,5,4,1,10,Potential Loyalists
28276,107,1,90.7204,4,4,2,10,Potential Loyalists
28278,235,1,43.6242,2,4,1,7,Potential Loyalists
28279,231,1,14.56,2,4,1,7,Potential Loyalists
28280,123,1,9.98,3,4,1,8,Potential Loyalists
28281,244,1,11.86,2,4,1,7,Potential Loyalists
28282,170,1,9.98,3,4,1,8,Potential Loyalists
28283,7,1,44.97,5,4,1,10,Potential Loyalists
28284,9,1,587.55,5,4,3,12,Loyal Customers
28285,10,1,2417.7142000000003,5,4,4,13,Champions
28287,248,1,107.1242,2,4,2,8,Potential Loyalists
28288,1,1,2483.3084000000003,5,4,4,13,Champions
28289,12,1,53.057300000000005,5,4,1,10,Potential Loyalists
28290,229,1,90.7204,2,4,2,8,Potential Loyalists
28291,105,1,48.6142,4,4,1,9,Potential Loyalists
28292,242,1,109.5642,2,4,2,8,Potential Loyalists
28296,16,1,2417.7142000000003,5,4,4,13,Champions
28297,22,1,2392.7142000000003,5,4,4,13,Champions
28298,355,1,1248.4941999999999,1,4,4,9,At Risk
28300,260,1,4.58,1,4,1,6,Potential Loyalists
28301,323,1,163.58,1,4,3,8,At Risk
28302,296,1,87.97,1,4,2,7,Potential Loyalists
28303,162,1,79.97,3,4,2,9,Potential Loyalists
28304,295,1,113.95,1,4,2,7,Potential Loyalists
28305,81,1,57.0762,4,4,1,9,Potential Loyalists
28306,150,1,9.98,3,4,1,8,Potential Loyalists
28307,236,1,561.48,2,4,3,9,At Risk
28308,238,1,602.94,2,4,3,9,At Risk
28309,310,1,2419.06,1,4,4,9,At Risk
28310,51,1,9.98,5,4,1,10,Potential Loyalists
28311,333,1,2402.05,1,4,4,9,At Risk
28312,228,1,573.6342,2,4,3,9,At Risk
28313,221,1,668.2957,2,4,3,9,At Risk
28314,230,1,558.96,2,4,3,9,At Risk
28315,201,1,573.87,2,4,3,9,At Risk
28316,209,1,539.99,2,4,3,9,At Risk
28317,205,1,539.99,2,4,3,9,At Risk
28318,184,1,573.6342,2,4,3,9,At Risk
28319,189,1,573.87,2,4,3,9,At Risk
28320,197,1,539.99,2,4,3,9,At Risk
28321,184,1,620.7304,2,4,3,9,At Risk
28322,267,1,57.0762,1,4,1,6,Potential Loyalists
28323,316,1,2384.07,1,4,4,9,At Risk
28324,187,1,557.97,2,4,3,9,At Risk
28325,211,1,573.6342,2,4,3,9,At Risk
28326,317,1,2551.6643000000004,1,4,4,9,At Risk
28327,315,1,2438.3084000000003,1,4,4,9,At Risk
28328,26,1,9.98,5,4,1,10,Potential Loyalists
28329,109,1,12.56,4,4,1,9,Potential Loyalists
28330,280,1,20.48,1,4,1,6,Potential Loyalists
28331,295,1,53.99,1,4,1,6,Potential Loyalists
28332,203,1,140.6343,2,4,3,9,At Risk
28333,324,1,53.99,1,4,1,6,Potential Loyalists
28334,112,1,53.99,3,4,1,8,Potential Loyalists
28335,82,1,71.2784,4,4,2,10,Potential Loyalists
28336,129,1,157.94,3,4,3,10,Loyal Customers
28337,20,1,64.97,5,4,2,11,Potential Loyalists
28338,205,1,59.6042,2,4,1,7,Potential Loyalists
28341,122,1,143.9899,3,4,3,10,Loyal Customers
28342,174,1,69.99,3,4,2,9,Potential Loyalists
28343,195,1,53.99,2,4,1,7,Potential Loyalists
28344,266,1,53.99,1,4,1,6,Potential Loyalists
28345,200,1,9.98,2,4,1,7,Potential Loyalists
28347,229,1,106.91,2,4,2,8,Potential Loyalists
28348,97,1,73.48,4,4,2,10,Potential Loyalists
28349,68,1,43.6242,4,4,1,9,Potential Loyalists
28350,131,1,23.6142,3,4,1,8,Potential Loyalists
28351,161,1,574.98,3,4,3,10,Loyal Customers
28352,172,1,585.2384,3,4,3,10,Loyal Customers
28353,152,1,566.96,3,4,3,10,Loyal Customers
28354,855,1,3578.27,1,4,5,10,At Risk
28356,102,1,59.980000000000004,4,4,1,9,Potential Loyalists
28357,10,1,133.49,5,4,3,12,Loyal Customers
28358,76,1,9.98,4,4,1,9,Potential Loyalists
28359,173,1,87.97,3,4,2,9,Potential Loyalists
28360,209,1,14.56,2,4,1,7,Potential Loyalists
28361,78,1,32.2584,4,4,1,9,Potential Loyalists
28363,875,1,3578.27,1,4,5,10,At Risk
28364,139,1,1048.5048,3,4,4,11,Loyal Customers
28365,245,1,2447.02,2,4,4,10,At Risk
28366,77,1,595.4981,4,4,3,11,Loyal Customers
28367,79,1,604.45,4,4,3,11,Loyal Customers
28368,0,1,794.9642,5,4,3,12,Loyal Customers
28369,230,1,777.34,2,4,3,9,At Risk
28370,82,1,654.6515,4,4,3,11,Loyal Customers
28371,78,1,539.99,4,4,3,11,Loyal Customers
28372,62,1,621.94,4,4,3,11,Loyal Customers
28373,144,1,38.88,3,4,1,8,Potential Loyalists
28374,294,1,101.60419999999999,1,4,2,7,Potential Loyalists
28375,55,1,597.82,4,4,3,11,Loyal Customers
28376,154,1,1037.3875,3,4,4,11,Loyal Customers
28377,234,1,2445.6742000000004,2,4,4,10,At Risk
28378,7,1,42.870000000000005,5,4,1,10,Potential Loyalists
28380,57,1,37.18,4,4,1,9,Potential Loyalists
28381,105,1,128.32569999999998,4,4,3,11,Loyal Customers
28382,194,1,793.2826,2,4,3,9,At Risk
28383,202,1,742.35,2,4,3,9,At Risk
28384,142,1,66.2442,3,4,2,9,Potential Loyalists
28385,8,1,74.2242,5,4,2,11,Potential Loyalists
28386,55,1,624.5942,4,4,3,11,Loyal Customers
28387,40,1,592.2684,5,4,3,12,Loyal Customers
28388,192,1,750.9942,2,4,3,9,At Risk
28391,315,1,32.6,1,4,1,6,Potential Loyalists
28392,326,1,47.559999999999995,1,4,1,6,Potential Loyalists
28393,148,1,1051.3701,3,4,4,11,Loyal Customers
28394,129,1,1034.0817,3,4,4,11,Loyal Customers
28395,109,1,1065.7932,4,4,4,12,Champions
28396,130,1,1034.0817,3,4,4,11,Loyal Customers
28397,233,1,2417.7142000000003,2,4,4,10,At Risk
28398,171,1,75.57000000000001,3,4,2,9,Potential Loyalists
28399,60,1,567.95,4,4,3,11,Loyal Customers
28400,202,1,775.9942,2,4,3,9,At Risk
28402,318,1,74.2242,1,4,2,7,Potential Loyalists
28403,214,1,2419.06,2,4,4,10,At Risk
28404,78,1,98.19839999999999,4,4,2,10,Potential Loyalists
28405,142,1,1034.0817,3,4,4,11,Loyal Customers
28408,235,1,47.559999999999995,2,4,1,7,Potential Loyalists
28409,325,1,86.97,1,4,2,7,Potential Loyalists
28410,310,1,80.6142,1,4,2,7,Potential Loyalists
28411,305,1,179.7677,1,4,3,8,At Risk
28412,307,1,58.56,1,4,1,6,Potential Loyalists
28413,100,1,47.559999999999995,4,4,1,9,Potential Loyalists
28415,224,1,2435.0026000000003,2,4,4,10,At Risk
28416,211,1,2462.9626000000003,2,4,4,10,At Risk
28417,206,1,2480.8700000000003,2,4,4,10,At Risk
28418,97,1,1051.3701,4,4,4,12,Champions
28419,104,2,4460.0043,4,5,5,14,Champions
28420,76,2,4433.3775,4,5,5,14,Champions
28421,198,1,839.3000000000001,2,4,3,9,At Risk
28422,11,1,37.18,5,4,1,10,Potential Loyalists
28423,285,1,72.95,1,4,2,7,Potential Loyalists
28424,45,1,587.0862,5,4,3,12,Loyal Customers
28425,57,1,601.5942,4,4,3,11,Loyal Customers
28426,78,1,106.0942,4,4,2,10,Potential Loyalists
28427,47,1,539.99,5,4,3,12,Loyal Customers
28428,38,1,603.49,5,4,3,12,Loyal Customers
28429,215,1,37.18,2,4,1,7,Potential Loyalists
28430,144,1,98.8826,3,4,2,9,Potential Loyalists
28431,128,1,206.45,3,4,3,10,Loyal Customers
28432,60,1,57.98,4,4,1,9,Potential Loyalists
28433,6,1,32.6,5,4,1,10,Potential Loyalists
28434,197,1,751.34,2,4,3,9,At Risk
28436,58,1,636.44,4,4,3,11,Loyal Customers
28437,28,1,595.53,5,4,3,12,Loyal Customers
28438,24,1,573.6342,5,4,3,12,Loyal Customers
28440,126,1,41.17,3,4,1,8,Potential Loyalists
28441,100,1,40.58,4,4,1,9,Potential Loyalists
28442,275,1,69.99,1,4,2,7,Potential Loyalists
28443,878,1,3374.99,1,4,5,10,At Risk
28444,282,1,123.97999999999999,1,4,3,8,At Risk
28445,48,1,67.96,5,4,2,11,Potential Loyalists
28447,212,1,69.99,2,4,2,8,Potential Loyalists
28448,86,1,42.98,4,4,1,9,Potential Loyalists
28449,876,1,3374.99,1,4,5,10,At Risk
28450,318,1,97.96,1,4,2,7,Potential Loyalists
28451,53,1,60.2684,4,4,2,10,Potential Loyalists
28452,256,1,69.99,2,4,2,8,Potential Loyalists
28453,146,1,74.83,3,4,2,9,Potential Loyalists
28454,182,1,122.95,2,4,3,9,At Risk
28455,229,1,85.2484,2,4,2,8,Potential Loyalists
28456,326,1,69.99,1,4,2,7,Potential Loyalists
28458,842,1,3374.99,1,4,5,10,At Risk
28459,150,1,42.98,3,4,1,8,Potential Loyalists
28460,287,1,118.0573,1,4,2,7,Potential Loyalists
28461,40,1,67.96,5,4,2,11,Potential Loyalists
28462,276,1,69.99,1,4,2,7,Potential Loyalists
28463,112,1,64.47,3,4,2,9,Potential Loyalists
28464,15,1,69.99,5,4,2,11,Potential Loyalists
28465,292,1,101.60419999999999,1,4,2,7,Potential Loyalists
28467,82,1,72.53999999999999,4,4,2,10,Potential Loyalists
28468,229,1,111.43,2,4,2,8,Potential Loyalists
28469,63,1,84.60419999999999,4,4,2,10,Potential Loyalists
28470,846,1,3399.99,1,4,5,10,At Risk
28471,829,1,3374.99,1,4,5,10,At Risk
28472,185,1,758.25,2,4,3,9,At Risk
28473,102,1,42.98,4,4,1,9,Potential Loyalists
28474,22,1,569.46,5,4,3,12,Loyal Customers
28475,277,1,123.97999999999999,1,4,3,8,At Risk
28476,54,1,118.0573,4,4,2,10,Potential Loyalists
28477,24,1,566.96,5,4,3,12,Loyal Customers
28478,840,1,3374.99,1,4,5,10,At Risk
28479,250,1,829.9842,2,4,3,9,At Risk
28480,228,1,742.35,2,4,3,9,At Risk
28481,221,1,843.88,2,4,3,9,At Risk
28482,229,1,775.9942,2,4,3,9,At Risk
28483,219,1,787.5984000000001,2,4,3,9,At Risk
28484,213,1,819.88,2,4,3,9,At Risk
28485,227,1,750.9942,2,4,3,9,At Risk
28486,202,1,810.3100000000001,2,4,3,9,At Risk
28487,183,1,813.6284,2,4,3,9,At Risk
28488,193,1,742.35,2,4,3,9,At Risk
28489,150,1,801.9268000000001,3,4,3,10,Loyal Customers
28490,173,1,812.19,3,4,3,10,Loyal Customers
28491,770,1,3374.99,1,4,5,10,At Risk
28492,780,1,3374.99,1,4,5,10,At Risk
28493,150,1,832.8281000000001,3,4,3,10,Loyal Customers
28494,161,1,759.6384,3,4,3,10,Loyal Customers
28495,234,1,118.0573,2,4,2,8,Potential Loyalists
28496,139,1,69.99,3,4,2,9,Potential Loyalists
28497,173,1,839.3000000000001,3,4,3,10,Loyal Customers
28498,313,1,87.27839999999999,1,4,2,7,Potential Loyalists
28499,171,1,817.1800000000001,3,4,3,10,Loyal Customers
28500,167,1,775.9942,3,4,3,10,Loyal Customers
28501,124,1,793.2826,3,4,3,10,Loyal Customers
28502,149,1,775.9942,3,4,3,10,Loyal Customers
28503,17,1,615.0462,5,4,3,12,Loyal Customers
28504,742,1,3374.99,1,4,5,10,At Risk
28505,127,1,824.0615,3,4,3,10,Loyal Customers
28507,129,1,775.9942,3,4,3,10,Loyal Customers
28508,17,1,573.6342,5,4,3,12,Loyal Customers
28509,135,1,777.34,3,4,3,10,Loyal Customers
28510,713,1,2071.4196,1,4,4,9,At Risk
28511,7,1,585.2384,5,4,3,12,Loyal Customers
28512,676,1,2049.0982,1,4,4,9,At Risk
28513,121,1,814.9642,3,4,3,10,Loyal Customers
28514,244,1,87.27839999999999,2,4,2,8,Potential Loyalists
28515,9,1,590.95,5,4,3,12,Loyal Customers
28516,27,1,587.55,5,4,3,12,Loyal Customers
28517,0,1,606.0562,5,4,3,12,Loyal Customers
28518,149,1,750.3000000000001,3,4,3,10,Loyal Customers
28519,676,1,2049.0982,1,4,4,9,At Risk
28520,45,2,3106.8471,5,5,5,15,Champions
28521,115,1,1060.0143,3,4,4,11,Loyal Customers
28522,94,1,1091.8975,4,4,4,12,Champions
28523,194,1,2445.6742000000004,2,4,4,10,At Risk
28524,189,1,2417.02,2,4,4,10,At Risk
28525,5,1,574.98,5,4,3,12,Loyal Customers
28526,7,1,85.95,5,4,2,11,Potential Loyalists
28527,7,1,587.55,5,4,3,12,Loyal Customers
28528,96,1,759.6384,4,4,3,11,Loyal Customers
28529,671,1,2049.0982,1,4,4,9,At Risk
28530,29,1,615.5742,5,4,3,12,Loyal Customers
28531,117,1,759.6384,3,4,3,10,Loyal Customers
28532,696,1,2071.4196,1,4,4,9,At Risk
28533,327,1,9.98,1,4,1,6,Potential Loyalists
28534,163,1,603.49,3,4,3,10,Loyal Customers
28535,325,1,2445.6742000000004,1,4,4,9,At Risk
28536,307,1,18.624200000000002,1,4,1,6,Potential Loyalists
28537,199,1,43.6242,2,4,1,7,Potential Loyalists
28538,125,1,72.53999999999999,3,4,2,9,Potential Loyalists
28539,259,1,118.0573,1,4,2,7,Potential Loyalists
28540,680,1,2049.0982,1,4,4,9,At Risk
28541,694,1,2049.0982,1,4,4,9,At Risk
28542,312,1,87.27839999999999,1,4,2,7,Potential Loyalists
28543,272,1,158.1335,1,4,3,8,At Risk
28544,69,1,67.96,4,4,2,10,Potential Loyalists
28545,187,1,132.6242,2,4,3,9,At Risk
28546,181,1,118.0573,2,4,2,8,Potential Loyalists
28547,689,1,2049.0982,1,4,4,9,At Risk
28548,118,1,750.9942,3,4,3,10,Loyal Customers
28549,171,1,2452.03,3,4,4,11,Loyal Customers
28550,47,1,123.97999999999999,5,4,3,12,Loyal Customers
28551,239,1,69.99,2,4,2,8,Potential Loyalists
28552,42,1,42.98,5,4,1,10,Potential Loyalists
28553,59,2,3121.8371,4,5,5,14,Champions
28554,90,1,1034.0817,4,4,4,12,Champions
28555,90,1,1028.3975,4,4,3,11,Loyal Customers
28556,65,1,1035.4275,4,4,4,12,Champions
28557,169,1,2417.7142000000003,3,4,4,11,Loyal Customers
28558,28,1,102.95,5,4,2,11,Potential Loyalists
28559,658,1,2049.0982,1,4,4,9,At Risk
28560,665,1,2071.4196,1,4,4,9,At Risk
28561,35,1,69.05,5,4,2,11,Potential Loyalists
28562,50,2,3101.4271000000003,5,5,5,15,Champions
28563,81,1,1086.9075,4,4,4,12,Champions
28564,30,1,1054.4275,5,4,4,13,Champions
28565,4,1,115.0562,5,4,2,11,Potential Loyalists
28567,58,1,69.99,4,4,2,10,Potential Loyalists
28568,35,1,1050.4175,5,4,4,13,Champions
28569,46,2,3084.5257,5,5,5,15,Champions
28570,176,1,71.48,3,4,2,9,Potential Loyalists
28571,8,1,57.0762,5,4,1,10,Potential Loyalists
28572,233,1,41.54,2,4,1,7,Potential Loyalists
28574,855,1,3578.27,1,4,5,10,At Risk
28575,111,1,69.99,3,4,2,9,Potential Loyalists
28576,60,1,43.6242,4,4,1,9,Potential Loyalists
28577,157,1,14.56,3,4,1,8,Potential Loyalists
28579,25,1,14.56,5,4,1,10,Potential Loyalists
28580,201,1,1214.85,2,4,4,10,At Risk
28581,26,1,118.0573,5,4,2,11,Potential Loyalists
28582,91,1,33.6442,4,4,1,9,Potential Loyalists
28585,130,1,33.6442,3,4,1,8,Potential Loyalists
28589,261,1,69.99,1,4,2,7,Potential Loyalists
28590,283,1,57.1923,1,4,1,6,Potential Loyalists
28591,153,1,34.99,3,4,1,8,Potential Loyalists
28592,14,1,33.6442,5,4,1,10,Potential Loyalists
28593,15,1,33.6442,5,4,1,10,Potential Loyalists
28594,136,1,48.0673,3,4,1,8,Potential Loyalists
28595,262,1,48.0673,1,4,1,6,Potential Loyalists
28596,14,1,7.95,5,4,1,10,Potential Loyalists
28597,253,1,15.9,2,4,1,7,Potential Loyalists
28599,243,1,15.9,2,4,1,7,Potential Loyalists
28600,272,1,118.0573,1,4,2,7,Potential Loyalists
28601,268,1,15.9,1,4,1,6,Potential Loyalists
28602,72,1,141.6054,4,4,3,11,Loyal Customers
28603,116,1,7.95,3,4,1,8,Potential Loyalists
28604,325,1,7.95,1,4,1,6,Potential Loyalists
28606,291,1,15.9,1,4,1,6,Potential Loyalists
28607,332,1,15.9,1,4,1,6,Potential Loyalists
28608,46,1,87.27839999999999,5,4,2,11,Potential Loyalists
28609,73,1,76.0273,4,4,2,10,Potential Loyalists
28610,78,1,8.6442,4,4,1,9,Potential Loyalists
28611,286,1,25.9326,1,4,1,6,Potential Loyalists
28612,197,1,8.6442,2,4,1,7,Potential Loyalists
28613,33,1,17.2884,5,4,1,10,Potential Loyalists
28614,226,1,25.9326,2,4,1,7,Potential Loyalists
28615,238,1,17.2884,2,4,1,7,Potential Loyalists
28616,25,1,120.0,5,4,2,11,Potential Loyalists
28617,11,1,185.3557,5,4,3,12,Loyal Customers
28620,870,1,3578.27,1,4,5,10,At Risk
28622,134,1,112.5081,3,4,2,9,Potential Loyalists
28623,280,1,77.26,1,4,2,7,Potential Loyalists
28624,864,1,3578.27,1,4,5,10,At Risk
28626,855,1,3578.27,1,4,5,10,At Risk
28630,879,1,3578.27,1,4,5,10,At Risk
28631,320,1,188.70159999999998,1,4,3,8,At Risk
28632,237,1,123.0373,2,4,3,9,At Risk
28633,244,1,245.94,2,4,3,9,At Risk
28636,2,1,106.0273,5,4,2,11,Potential Loyalists
28637,95,1,66.53,4,4,2,10,Potential Loyalists
28638,264,1,75.2484,1,4,2,7,Potential Loyalists
28639,184,1,223.82999999999998,2,4,3,9,At Risk
28640,157,1,69.99,3,4,2,9,Potential Loyalists
28641,111,1,112.95,3,4,2,9,Potential Loyalists
28642,197,1,54.559999999999995,2,4,1,7,Potential Loyalists
28646,861,1,3578.27,1,4,5,10,At Risk
28647,861,1,3578.27,1,4,5,10,At Risk
28652,841,1,3578.27,1,4,5,10,At Risk
28656,852,1,3578.27,1,4,5,10,At Risk
28659,704,1,2443.35,1,4,4,9,At Risk
28662,171,1,1282.81,3,4,4,11,Loyal Customers
28664,79,1,1214.85,4,4,4,12,Champions
28665,34,1,1296.9361999999999,5,4,4,13,Champions
28666,11,1,1272.83,5,4,4,13,Champions
28667,351,1,790.4173000000001,1,4,3,8,At Risk
28668,279,1,96.96,1,4,2,7,Potential Loyalists
28669,705,1,2181.5625,1,4,4,9,At Risk
28671,343,1,742.35,1,4,3,8,At Risk
28672,351,1,777.34,1,4,3,8,At Risk
28673,321,1,823.0904,1,4,3,8,At Risk
28674,309,1,871.1577,1,4,3,8,At Risk
28678,319,1,776.23,1,4,3,8,At Risk
28679,15,1,54.559999999999995,5,4,1,10,Potential Loyalists
28680,65,1,62.54,4,4,2,10,Potential Loyalists
28681,55,1,49.98,4,4,1,9,Potential Loyalists
28682,285,1,116.5942,1,4,2,7,Potential Loyalists
28683,655,1,2049.0982,1,4,4,9,At Risk
28684,117,1,775.9942,3,4,3,10,Loyal Customers
28685,666,1,2049.0982,1,4,4,9,At Risk
28686,101,1,829.8868,4,4,3,11,Loyal Customers
28687,171,1,57.98,3,4,1,8,Potential Loyalists
28688,88,1,901.35,4,4,3,11,Loyal Customers
28689,618,1,2049.0982,1,4,4,9,At Risk
28690,609,1,2049.0982,1,4,4,9,At Risk
28691,86,1,775.9942,4,4,3,11,Loyal Customers
28692,18,1,539.99,5,4,3,12,Loyal Customers
28693,14,1,574.98,5,4,3,12,Loyal Customers
28694,346,1,2410.0026000000003,1,4,4,9,At Risk
28695,166,1,2417.7142000000003,3,4,4,11,Loyal Customers
28696,142,1,2436.3484000000003,3,4,4,11,Loyal Customers
28697,121,1,2466.02,3,4,4,11,Loyal Customers
28698,83,1,787.5984000000001,4,4,3,11,Loyal Customers
28699,89,1,775.9942,4,4,3,11,Loyal Customers
28700,60,1,1048.5048,4,4,4,12,Champions
28701,59,1,1034.0817,4,4,4,12,Champions
28702,40,1,1105.3401,5,4,4,13,Champions
28703,110,1,2419.06,4,4,4,12,Champions
28704,121,1,2419.06,3,4,4,11,Loyal Customers
28705,87,1,777.34,4,4,3,11,Loyal Customers
28706,72,1,804.91,4,4,3,11,Loyal Customers
28707,623,1,2071.4196,1,4,4,9,At Risk
28708,630,1,2071.4196,1,4,4,9,At Risk
28709,299,1,2417.7142000000003,1,4,4,9,At Risk
28710,147,1,62.97,3,4,2,9,Potential Loyalists
28711,633,1,2071.4196,1,4,4,9,At Risk
28712,259,1,2402.05,1,4,4,9,At Risk
28714,305,1,2442.03,1,4,4,9,At Risk
28715,162,1,606.5842,3,4,3,10,Loyal Customers
28716,129,1,57.0762,3,4,1,8,Potential Loyalists
28717,241,1,57.0762,2,4,1,7,Potential Loyalists
28718,123,1,94.8926,3,4,2,9,Potential Loyalists
28719,326,1,2384.07,1,4,4,9,At Risk
28720,328,1,2419.06,1,4,4,9,At Risk
28721,59,1,43.6242,4,4,1,9,Potential Loyalists
28722,156,1,118.0573,3,4,2,9,Potential Loyalists
28723,267,1,2417.7142000000003,1,4,4,9,At Risk
28724,614,1,2049.0982,1,4,4,9,At Risk
28725,245,1,87.27839999999999,2,4,2,8,Potential Loyalists
28726,34,1,817.1800000000001,5,4,3,12,Loyal Customers
28727,579,1,2071.4196,1,4,4,9,At Risk
28728,559,1,2049.0982,1,4,4,9,At Risk
28729,264,1,2466.02,1,4,4,9,At Risk
28730,327,1,47.559999999999995,1,4,1,6,Potential Loyalists
28731,250,1,2466.02,2,4,4,10,At Risk
28732,97,1,2417.7142000000003,4,4,4,12,Champions
28733,107,1,2429.3184,4,4,4,12,Champions
28734,90,1,2419.06,4,4,4,12,Champions
28735,233,1,2456.61,2,4,4,10,At Risk
28736,548,1,2071.4196,1,4,4,9,At Risk
28737,317,1,69.99,1,4,2,7,Potential Loyalists
28738,123,1,64.46000000000001,3,4,2,9,Potential Loyalists
28739,560,1,2049.0982,1,4,4,9,At Risk
28740,29,2,3071.8571,5,5,5,15,Champions
28741,13,1,1063.3875,5,4,4,13,Champions
28742,89,1,2436.3484000000003,4,4,4,12,Champions
28743,82,1,87.27839999999999,4,4,2,10,Potential Loyalists
28744,57,1,815.3000000000001,4,4,3,11,Loyal Customers
28745,33,1,34.05,5,4,1,10,Potential Loyalists
28746,263,1,47.559999999999995,1,4,1,6,Potential Loyalists
28747,217,1,2412.03,2,4,4,10,At Risk
28748,165,1,26.07,3,4,1,8,Potential Loyalists
28749,554,1,2049.0982,1,4,4,9,At Risk
28750,5,2,3100.4683,5,5,5,15,Champions
28751,7,2,3133.4613,5,5,5,15,Champions
28752,15,1,1034.0817,5,4,4,13,Champions
28753,304,1,47.559999999999995,1,4,1,6,Potential Loyalists
28754,149,1,96.6142,3,4,2,9,Potential Loyalists
28755,199,1,2429.3184,2,4,4,10,At Risk
28756,25,2,3111.1399,5,5,5,15,Champions
28757,338,2,2611.4096,1,5,4,10,At Risk
28758,356,2,2617.0482,1,5,4,10,At Risk
28759,1,1,103.60419999999999,5,4,2,11,Potential Loyalists
28760,21,1,32.97,5,4,1,10,Potential Loyalists
28764,322,1,54.559999999999995,1,4,1,6,Potential Loyalists
28766,723,1,2443.35,1,4,4,9,At Risk
28767,215,1,69.99,2,4,2,8,Potential Loyalists
28768,57,1,9.98,4,4,1,9,Potential Loyalists
28769,318,1,759.6384,1,4,3,8,At Risk
28770,312,1,775.9942,1,4,3,8,At Risk
28771,2,1,69.99,5,4,2,11,Potential Loyalists
28773,185,1,135.9,2,4,3,9,At Risk
28776,165,1,4.58,3,4,1,8,Potential Loyalists
28777,34,1,53.99,5,4,1,10,Potential Loyalists
28778,879,1,3578.27,1,4,5,10,At Risk
28779,95,1,40.9126,4,4,1,9,Potential Loyalists
28780,197,1,15.9,2,4,1,7,Potential Loyalists
28781,144,1,6.87,3,4,1,8,Potential Loyalists
28783,243,1,33.6442,2,4,1,7,Potential Loyalists
28784,7,1,51.6242,5,4,1,10,Potential Loyalists
28785,189,1,34.99,2,4,1,7,Potential Loyalists
28786,214,1,135.9,2,4,3,9,At Risk
28787,93,1,22.97,4,4,1,9,Potential Loyalists
28788,333,1,17.2884,1,4,1,6,Potential Loyalists
28791,304,1,62.54,1,4,2,7,Potential Loyalists
28793,309,1,49.98,1,4,1,6,Potential Loyalists
28796,269,1,87.6142,1,4,2,7,Potential Loyalists
28798,673,1,2443.35,1,4,4,9,At Risk
28800,51,1,49.98,5,4,1,10,Potential Loyalists
28801,185,1,81.84,2,4,2,8,Potential Loyalists
28802,696,1,2443.35,1,4,4,9,At Risk
28803,244,1,54.559999999999995,2,4,1,7,Potential Loyalists
28806,281,1,116.5942,1,4,2,7,Potential Loyalists
28808,180,1,74.97,2,4,2,8,Potential Loyalists
28809,266,1,49.98,1,4,1,6,Potential Loyalists
28810,309,1,103.97,1,4,2,7,Potential Loyalists
28811,138,1,66.6142,3,4,2,9,Potential Loyalists
28812,135,1,49.98,3,4,1,8,Potential Loyalists
28813,289,1,75.2484,1,4,2,7,Potential Loyalists
28814,32,1,58.55,5,4,1,10,Potential Loyalists
28815,40,1,87.53,5,4,2,11,Potential Loyalists
28816,128,1,29.57,3,4,1,8,Potential Loyalists
28817,309,1,69.99,1,4,2,7,Potential Loyalists
28818,685,1,2181.5625,1,4,4,9,At Risk
28819,694,1,2181.5625,1,4,4,9,At Risk
28828,286,1,750.9942,1,4,3,8,At Risk
28832,693,1,2181.5625,1,4,4,9,At Risk
28834,680,1,2443.35,1,4,4,9,At Risk
28836,682,1,2443.35,1,4,4,9,At Risk
28837,688,1,2181.5625,1,4,4,9,At Risk
28840,300,1,843.4362,1,4,3,8,At Risk
28841,285,1,765.32,1,4,3,8,At Risk
28842,290,1,835.6657,1,4,3,8,At Risk
28844,279,1,776.23,1,4,3,8,At Risk
28845,243,1,742.35,2,4,3,9,At Risk
28846,272,1,742.35,1,4,3,8,At Risk
28847,259,1,775.9942,1,4,3,8,At Risk
28848,686,1,2181.5625,1,4,4,9,At Risk
28850,694,1,2443.35,1,4,4,9,At Risk
28854,233,1,775.9942,2,4,3,9,At Risk
28855,165,1,153.1235,3,4,3,10,Loyal Customers
28858,203,1,25.880000000000003,2,4,1,7,Potential Loyalists
28859,212,1,777.34,2,4,3,9,At Risk
28860,226,1,57.959999999999994,2,4,1,7,Potential Loyalists
28861,74,1,57.959999999999994,4,4,1,9,Potential Loyalists
28862,305,1,49.98,1,4,1,6,Potential Loyalists
28864,94,1,86.94,4,4,2,10,Potential Loyalists
28865,196,1,62.54,2,4,2,8,Potential Loyalists
28866,243,1,146.94,2,4,3,9,At Risk
28867,183,1,91.60419999999999,2,4,2,8,Potential Loyalists
28868,4,1,57.959999999999994,5,4,1,10,Potential Loyalists
28869,237,1,775.9942,2,4,3,9,At Risk
28870,235,1,765.32,2,4,3,9,At Risk
28871,241,1,841.3499,2,4,3,9,At Risk
28872,291,1,64.97,1,4,2,7,Potential Loyalists
28874,219,1,9.98,2,4,1,7,Potential Loyalists
28875,16,1,43.6242,5,4,1,10,Potential Loyalists
28876,198,1,2214.1625,2,4,4,10,At Risk
28877,302,1,25.96,1,4,1,6,Potential Loyalists
28878,68,1,16.55,4,4,1,9,Potential Loyalists
28879,167,1,113.9026,3,4,2,9,Potential Loyalists
28880,263,1,644.9126,1,4,3,8,At Risk
28881,197,1,44.97,2,4,1,7,Potential Loyalists
28882,229,1,14.56,2,4,1,7,Potential Loyalists
28883,76,1,41.6242,4,4,1,9,Potential Loyalists
28884,10,1,23.880000000000003,5,4,1,10,Potential Loyalists
28885,27,2,4244.9254,5,5,5,15,Champions
28886,25,1,62.2584,5,4,2,11,Potential Loyalists
28887,121,1,43.6242,3,4,1,8,Potential Loyalists
28889,134,1,22.92,3,4,1,8,Potential Loyalists
28890,174,1,113.03730000000002,3,4,2,9,Potential Loyalists
28891,128,1,41.6242,3,4,1,8,Potential Loyalists
28892,135,1,42.98,3,4,1,8,Potential Loyalists
28893,236,1,30.46,2,4,1,7,Potential Loyalists
28894,33,1,64.97,5,4,2,11,Potential Loyalists
28896,283,1,42.98,1,4,1,6,Potential Loyalists
28898,296,1,90.3926,1,4,2,7,Potential Loyalists
28899,3,1,88.5942,5,4,2,11,Potential Loyalists
28900,212,1,62.0662,2,4,2,8,Potential Loyalists
28901,159,1,2181.5625,3,4,4,11,Loyal Customers
28902,152,1,2270.2098,3,4,4,11,Loyal Customers
28903,319,1,69.05,1,4,2,7,Potential Loyalists
28904,285,2,2878.5681999999997,1,5,5,11,At Risk
28905,246,1,18.624200000000002,2,4,1,7,Potential Loyalists
28906,75,1,9.98,4,4,1,9,Potential Loyalists
28907,97,1,47.559999999999995,4,4,1,9,Potential Loyalists
28908,329,1,70.82,1,4,2,7,Potential Loyalists
28909,126,1,14.56,3,4,1,8,Potential Loyalists
28910,100,1,61.6042,4,4,2,10,Potential Loyalists
28911,145,1,9.98,3,4,1,8,Potential Loyalists
28912,87,1,58.04730000000001,4,4,1,9,Potential Loyalists
28913,67,1,47.559999999999995,4,4,1,9,Potential Loyalists
28914,231,1,51.55,2,4,1,7,Potential Loyalists
28915,196,1,43.6242,2,4,1,7,Potential Loyalists
28916,243,1,583.85,2,4,3,9,At Risk
28918,308,1,47.559999999999995,1,4,1,6,Potential Loyalists
28919,300,1,14.97,1,4,1,6,Potential Loyalists
28920,51,1,12.27,5,4,1,10,Potential Loyalists
28921,280,1,209.95999999999998,1,4,3,8,At Risk
28922,128,1,57.0762,3,4,1,8,Potential Loyalists
28923,287,1,2401.3584,1,4,4,9,At Risk
28924,6,1,14.97,5,4,1,10,Potential Loyalists
28925,42,1,14.56,5,4,1,10,Potential Loyalists
28926,45,1,14.56,5,4,1,10,Potential Loyalists
28927,297,1,2417.7142000000003,1,4,4,9,At Risk
28928,273,1,2471.7042,1,4,4,9,At Risk
28929,78,1,16.85,4,4,1,9,Potential Loyalists
28930,18,1,38.410000000000004,5,4,1,10,Potential Loyalists
28931,193,1,171.27,2,4,3,9,At Risk
28932,16,1,93.97,5,4,2,11,Potential Loyalists
28933,67,1,57.0762,4,4,1,9,Potential Loyalists
28934,132,1,90.7204,3,4,2,9,Potential Loyalists
28935,284,1,2417.7142000000003,1,4,4,9,At Risk
28936,289,1,14.56,1,4,1,6,Potential Loyalists
28937,188,1,14.56,2,4,1,7,Potential Loyalists
28938,55,1,19.98,4,4,1,9,Potential Loyalists
28939,299,1,29.96,1,4,1,6,Potential Loyalists
28940,277,1,2410.0026000000003,1,4,4,9,At Risk
28941,67,1,84.95,4,4,2,10,Potential Loyalists
28942,255,1,19.98,2,4,1,7,Potential Loyalists
28943,179,1,64.95,3,4,2,9,Potential Loyalists
28944,128,1,42.2584,3,4,1,8,Potential Loyalists
28945,251,1,88.94,2,4,2,8,Potential Loyalists
28947,202,1,29.96,2,4,1,7,Potential Loyalists
28948,301,1,2419.06,1,4,4,9,At Risk
28949,287,1,2471.7042,1,4,4,9,At Risk
28950,255,1,53.6242,2,4,1,7,Potential Loyalists
28951,165,1,29.97,3,4,1,8,Potential Loyalists
28952,276,1,2536.01,1,4,4,9,At Risk
28953,279,1,2485.1562000000004,1,4,4,9,At Risk
28954,252,1,2410.0026000000003,2,4,4,10,At Risk
28955,0,1,19.97,5,4,1,10,Potential Loyalists
28956,163,1,29.96,3,4,1,8,Potential Loyalists
28957,242,1,2417.7142000000003,2,4,4,10,At Risk
28958,25,1,24.97,5,4,1,10,Potential Loyalists
28959,248,1,34.95,2,4,1,7,Potential Loyalists
28961,259,1,2483.7615,1,4,4,9,At Risk
28962,251,1,2509.1262,2,4,4,10,At Risk
28963,250,1,2421.02,2,4,4,10,At Risk
28964,247,1,69.99,2,4,2,8,Potential Loyalists
28965,53,1,95.5942,4,4,2,10,Potential Loyalists
28967,310,1,17.2884,1,4,1,6,Potential Loyalists
28968,131,1,4.58,3,4,1,8,Potential Loyalists
28969,229,1,71.2784,2,4,2,8,Potential Loyalists
28970,53,1,87.6142,4,4,2,10,Potential Loyalists
28971,324,1,54.559999999999995,1,4,1,6,Potential Loyalists
28972,124,1,91.60419999999999,3,4,2,9,Potential Loyalists
28973,61,1,24.99,4,4,1,9,Potential Loyalists
28974,84,1,49.98,4,4,1,9,Potential Loyalists
28975,52,1,104.2284,4,4,2,10,Potential Loyalists
28976,227,1,93.5381,2,4,2,8,Potential Loyalists
28977,211,1,98.0473,2,4,2,8,Potential Loyalists
28979,278,1,66.95,1,4,2,7,Potential Loyalists
28980,220,1,73.86,2,4,2,8,Potential Loyalists
28981,284,1,54.559999999999995,1,4,1,6,Potential Loyalists
28982,237,1,54.559999999999995,2,4,1,7,Potential Loyalists
28983,138,1,91.60419999999999,3,4,2,9,Potential Loyalists
28984,157,1,82.95,3,4,2,9,Potential Loyalists
28985,279,1,101.0662,1,4,2,7,Potential Loyalists
28986,148,1,87.27839999999999,3,4,2,9,Potential Loyalists
28991,273,1,120.5842,1,4,2,7,Potential Loyalists
28992,161,1,87.27839999999999,3,4,2,9,Potential Loyalists
28994,153,1,49.98,3,4,1,8,Potential Loyalists
28995,209,1,64.83,2,4,2,8,Potential Loyalists
28996,133,1,87.27839999999999,3,4,2,9,Potential Loyalists
28998,310,1,57.959999999999994,1,4,1,6,Potential Loyalists
28999,155,1,9.98,3,4,1,8,Potential Loyalists
29000,310,1,14.56,1,4,1,6,Potential Loyalists
29001,24,1,621.7015,5,4,3,12,Loyal Customers
29002,283,1,80.87,1,4,2,7,Potential Loyalists
29003,111,1,9.98,3,4,1,8,Potential Loyalists
29004,214,1,742.35,2,4,3,9,At Risk
29005,297,1,69.99,1,4,2,7,Potential Loyalists
29006,146,1,205.24,3,4,3,10,Loyal Customers
29007,25,1,49.98,5,4,1,10,Potential Loyalists
29009,166,1,57.959999999999994,3,4,1,8,Potential Loyalists
29011,188,1,770.3100000000001,2,4,3,9,At Risk
29012,66,1,87.27839999999999,4,4,2,10,Potential Loyalists
29013,676,1,2181.5625,1,4,4,9,At Risk
29014,326,1,117.94,1,4,2,7,Potential Loyalists
29015,217,1,49.98,2,4,1,7,Potential Loyalists
29018,39,1,92.95,5,4,2,11,Potential Loyalists
29019,208,1,777.34,2,4,3,9,At Risk
29020,183,1,22.278399999999998,2,4,1,7,Potential Loyalists
29021,147,1,69.99,3,4,2,9,Potential Loyalists
29022,89,1,88.96,4,4,2,10,Potential Loyalists
29023,77,1,68.17,4,4,2,10,Potential Loyalists
29025,307,1,54.559999999999995,1,4,1,6,Potential Loyalists
29026,131,1,49.98,3,4,1,8,Potential Loyalists
29027,13,1,573.6342,5,4,3,12,Loyal Customers
29028,78,1,7.28,4,4,1,9,Potential Loyalists
29029,36,1,57.0762,5,4,1,10,Potential Loyalists
29031,48,1,92.06620000000001,5,4,2,11,Potential Loyalists
29032,199,1,830.29,2,4,3,9,At Risk
29033,196,1,62.54,2,4,2,8,Potential Loyalists
29034,195,1,192.56,2,4,3,9,At Risk
29035,12,1,53.97,5,4,1,10,Potential Loyalists
29037,234,1,69.99,2,4,2,8,Potential Loyalists
29038,9,1,16.55,5,4,1,10,Potential Loyalists
29039,60,1,14.97,4,4,1,9,Potential Loyalists
29040,324,1,44.97,1,4,1,6,Potential Loyalists
29041,3,1,663.1135,5,4,3,12,Loyal Customers
29042,350,1,2456.61,1,4,4,9,At Risk
29043,345,1,2455.3484000000003,1,4,4,9,At Risk
29044,206,1,742.35,2,4,3,9,At Risk
29045,247,1,91.6915,2,4,2,8,Potential Loyalists
29046,163,1,83.53999999999999,3,4,2,9,Potential Loyalists
29047,152,1,101.03620000000001,3,4,2,9,Potential Loyalists
29048,189,1,777.34,2,4,3,9,At Risk
29049,266,1,142.1235,1,4,3,8,At Risk
29050,18,1,112.2685,5,4,2,11,Potential Loyalists
29051,116,1,3.99,3,4,1,8,Potential Loyalists
29052,270,1,41.6242,1,4,1,6,Potential Loyalists
29053,226,1,42.97,2,4,1,7,Potential Loyalists
29054,194,1,769.32,2,4,3,9,At Risk
29055,210,1,787.5984000000001,2,4,3,9,At Risk
29057,192,1,17.2884,2,4,1,7,Potential Loyalists
29061,18,1,7.98,5,4,1,10,Potential Loyalists
29062,193,1,742.35,2,4,3,9,At Risk
29063,203,1,799.5423000000001,2,4,3,9,At Risk
29064,189,1,879.5885000000001,2,4,3,9,At Risk
29065,197,1,775.9942,2,4,3,9,At Risk
29066,163,1,539.99,3,4,3,10,Loyal Customers
29067,142,1,539.99,3,4,3,10,Loyal Customers
29068,207,1,759.6384,2,4,3,9,At Risk
29071,225,1,69.99,2,4,2,8,Potential Loyalists
29072,4,1,135.3457,5,4,3,12,Loyal Customers
29073,241,1,46.96,2,4,1,7,Potential Loyalists
29074,202,1,75.47,2,4,2,8,Potential Loyalists
29075,269,1,71.48,1,4,2,7,Potential Loyalists
29076,12,1,3.99,5,4,1,10,Potential Loyalists
29077,51,1,92.95,5,4,2,11,Potential Loyalists
29078,131,1,92.95,3,4,2,9,Potential Loyalists
29079,333,1,106.47,1,4,2,7,Potential Loyalists
29080,155,1,775.9942,3,4,3,10,Loyal Customers
29081,156,1,742.35,3,4,3,10,Loyal Customers
29082,180,1,742.35,2,4,3,9,At Risk
29083,93,1,11.97,4,4,1,9,Potential Loyalists
29084,179,1,742.35,3,4,3,10,Loyal Customers
29085,163,1,775.9942,3,4,3,10,Loyal Customers
29086,170,1,813.6284,3,4,3,10,Loyal Customers
29087,135,1,815.3100000000001,3,4,3,10,Loyal Customers
29088,143,1,770.3100000000001,3,4,3,10,Loyal Customers
29089,264,1,10.27,1,4,1,6,Potential Loyalists
29090,122,1,814.89,3,4,3,10,Loyal Customers
29091,145,1,770.3100000000001,3,4,3,10,Loyal Customers
29092,211,1,12.56,2,4,1,7,Potential Loyalists
29093,130,1,31.528100000000002,3,4,1,8,Potential Loyalists
29094,138,1,796.34,3,4,3,10,Loyal Customers
29095,141,1,777.34,3,4,3,10,Loyal Customers
29096,142,1,574.98,3,4,3,10,Loyal Customers
29097,129,1,566.96,3,4,3,10,Loyal Customers
29098,147,1,627.6242,3,4,3,10,Loyal Customers
29099,97,1,557.97,4,4,3,11,Loyal Customers
29100,29,1,111.2484,5,4,2,11,Potential Loyalists
29101,58,1,12.27,4,4,1,9,Potential Loyalists
29102,270,1,2384.07,1,4,4,9,At Risk
29103,270,1,2419.06,1,4,4,9,At Risk
29104,52,1,87.27839999999999,4,4,2,10,Potential Loyalists
29107,252,1,166.98,2,4,3,9,At Risk
29109,240,1,12.56,2,4,1,7,Potential Loyalists
29111,203,1,825.3000000000001,2,4,3,9,At Risk
29112,230,1,12.56,2,4,1,7,Potential Loyalists
29113,247,1,2487.02,2,4,4,10,At Risk
29114,258,1,2384.07,1,4,4,9,At Risk
29115,258,1,2420.6742000000004,1,4,4,9,At Risk
29116,263,1,34.54,1,4,1,6,Potential Loyalists
29117,207,1,19.98,2,4,1,7,Potential Loyalists
29118,144,1,86.67150000000001,3,4,2,9,Potential Loyalists
29119,58,1,94.94,4,4,2,10,Potential Loyalists
29120,202,1,63.6042,2,4,2,8,Potential Loyalists
29121,109,1,84.95,4,4,2,10,Potential Loyalists
29122,150,1,63.6042,3,4,2,9,Potential Loyalists
29123,63,1,57.2384,4,4,1,9,Potential Loyalists
29124,227,1,69.99,2,4,2,8,Potential Loyalists
29125,47,1,28.46,5,4,1,10,Potential Loyalists
29127,278,1,57.959999999999994,1,4,1,6,Potential Loyalists
29128,209,1,800.33,2,4,3,9,At Risk
29129,238,1,49.98,2,4,1,7,Potential Loyalists
29130,324,1,14.56,1,4,1,6,Potential Loyalists
29131,18,1,7.98,5,4,1,10,Potential Loyalists
29133,3,1,89.6915,5,4,2,11,Potential Loyalists
29134,83,1,16.55,4,4,1,9,Potential Loyalists
29135,675,1,2181.5625,1,4,4,9,At Risk
29137,336,1,2419.06,1,4,4,9,At Risk
29140,906,1,3578.27,1,4,5,10,At Risk
29141,904,1,3578.27,1,4,5,10,At Risk
29142,906,1,3578.27,1,4,5,10,At Risk
29143,910,1,3578.27,1,4,5,10,At Risk
29144,888,1,3578.27,1,4,5,10,At Risk
29145,893,1,3578.27,1,4,5,10,At Risk
29146,904,1,3578.27,1,4,5,10,At Risk
29147,885,1,3578.27,1,4,5,10,At Risk
29148,891,1,3578.27,1,4,5,10,At Risk
29149,651,1,2443.35,1,4,4,9,At Risk
29150,881,1,3578.27,1,4,5,10,At Risk
29151,908,1,3578.27,1,4,5,10,At Risk
29152,650,1,2181.5625,1,4,4,9,At Risk
29153,227,1,7.98,2,4,1,7,Potential Loyalists
29154,612,1,2181.5625,1,4,4,9,At Risk
29155,884,1,3578.27,1,4,5,10,At Risk
29156,890,1,3578.27,1,4,5,10,At Risk
29157,895,1,3578.27,1,4,5,10,At Risk
29158,902,1,3578.27,1,4,5,10,At Risk
29159,614,1,2443.35,1,4,4,9,At Risk
29160,171,1,23.880000000000003,3,4,1,8,Potential Loyalists
29161,60,1,41.6242,4,4,1,9,Potential Loyalists
29162,221,1,60.0373,2,4,1,7,Potential Loyalists
29163,901,1,3578.27,1,4,5,10,At Risk
29164,201,1,71.48,2,4,2,8,Potential Loyalists
29165,304,1,2429.6642,1,4,4,9,At Risk
29166,209,2,4348.58,2,5,5,12,At Risk
29167,151,2,4409.0599999999995,3,5,5,13,Loyal Customers
29168,157,2,4348.2342,3,5,5,13,Loyal Customers
29169,903,1,3578.27,1,4,5,10,At Risk
29170,909,1,3578.27,1,4,5,10,At Risk
29171,106,1,24.99,4,4,1,9,Potential Loyalists
29172,4,1,54.559999999999995,5,4,1,10,Potential Loyalists
29173,244,1,54.559999999999995,2,4,1,7,Potential Loyalists
29174,161,2,4339.59,3,5,5,13,Loyal Customers
29175,174,2,4348.58,3,5,5,13,Loyal Customers
29177,243,1,57.959999999999994,2,4,1,7,Potential Loyalists
29178,247,1,2471.01,2,4,4,10,At Risk
29179,272,1,2392.7142000000003,1,4,4,9,At Risk
29180,243,1,2475.01,2,4,4,10,At Risk
29181,96,1,567.95,4,4,3,11,Loyal Customers
29182,120,1,539.99,3,4,3,10,Loyal Customers
29183,258,1,2411.04,1,4,4,9,At Risk
29184,249,1,2456.61,2,4,4,10,At Risk
29185,103,1,587.55,4,4,3,11,Loyal Customers
29186,102,1,603.49,4,4,3,11,Loyal Customers
29187,66,1,607.9300000000001,4,4,3,11,Loyal Customers
29188,176,1,84.95,3,4,2,9,Potential Loyalists
29189,132,1,47.94,3,4,1,8,Potential Loyalists
29190,254,1,2446.7042,2,4,4,10,At Risk
29191,255,1,2401.3584,2,4,4,10,At Risk
29192,248,1,2419.06,2,4,4,10,At Risk
29193,18,1,63.6042,5,4,2,11,Potential Loyalists
29194,256,1,2417.7142000000003,2,4,4,10,At Risk
29195,265,1,2417.7142000000003,1,4,4,9,At Risk
29196,262,1,2438.06,1,4,4,9,At Risk
29197,46,1,78.63419999999999,5,4,2,11,Potential Loyalists
29198,895,1,3578.27,1,4,5,10,At Risk
29199,113,1,41.6242,3,4,1,8,Potential Loyalists
29200,156,1,12.56,3,4,1,8,Potential Loyalists
29201,179,2,4348.58,3,5,5,13,Loyal Customers
29202,160,2,4320.62,3,5,5,13,Loyal Customers
29203,175,2,4348.58,3,5,5,13,Loyal Customers
29204,173,2,4320.62,3,5,5,13,Loyal Customers
29205,30,1,57.959999999999994,5,4,1,10,Potential Loyalists
29206,253,1,177.95999999999998,2,4,3,9,At Risk
29207,888,1,3578.27,1,4,5,10,At Risk
29208,889,1,3578.27,1,4,5,10,At Risk
29209,304,1,43.6242,1,4,1,6,Potential Loyalists
29210,125,1,54.559999999999995,3,4,1,8,Potential Loyalists
29211,23,1,62.54,5,4,2,11,Potential Loyalists
29212,78,1,221.54,4,4,3,11,Loyal Customers
29213,104,1,73.48,4,4,2,10,Potential Loyalists
29214,315,1,64.97,1,4,2,7,Potential Loyalists
29217,251,1,91.60419999999999,2,4,2,8,Potential Loyalists
29218,120,1,75.94,3,4,2,9,Potential Loyalists
29220,144,1,49.98,3,4,1,8,Potential Loyalists
29221,177,2,4320.62,3,5,5,13,Loyal Customers
29222,132,2,4374.61,3,5,5,13,Loyal Customers
29223,141,2,4354.2642,3,5,5,13,Loyal Customers
29224,297,1,54.559999999999995,1,4,1,6,Potential Loyalists
29225,134,2,4320.62,3,5,5,13,Loyal Customers
29226,162,1,41.6242,3,4,1,8,Potential Loyalists
29227,46,1,116.5942,5,4,2,11,Potential Loyalists
29228,312,1,49.98,1,4,1,6,Potential Loyalists
29229,112,1,49.96,3,4,1,8,Potential Loyalists
29230,303,1,14.97,1,4,1,6,Potential Loyalists
29231,52,1,43.6242,4,4,1,9,Potential Loyalists
29232,270,1,200.0662,1,4,3,8,At Risk
29233,66,1,91.60419999999999,4,4,2,10,Potential Loyalists
29234,171,1,57.959999999999994,3,4,1,8,Potential Loyalists
29235,133,1,54.559999999999995,3,4,1,8,Potential Loyalists
29236,123,2,4337.9084,3,5,5,13,Loyal Customers
29237,137,2,4355.61,3,5,5,13,Loyal Customers
29238,102,2,4412.08,4,5,5,14,Champions
29239,97,2,4348.2342,4,5,5,14,Champions
29240,8,1,82.2584,5,4,2,11,Potential Loyalists
29241,274,1,49.98,1,4,1,6,Potential Loyalists
29243,64,1,156.9599,4,4,3,11,Loyal Customers
29245,24,1,54.559999999999995,5,4,1,10,Potential Loyalists
29246,89,1,138.7004,4,4,3,11,Loyal Customers
29247,315,1,2463.9926,1,4,4,9,At Risk
29248,315,1,29.57,1,4,1,6,Potential Loyalists
29249,313,1,24.99,1,4,1,6,Potential Loyalists
29250,246,1,79.92999999999999,2,4,2,8,Potential Loyalists
29251,268,1,21.278399999999998,1,4,1,6,Potential Loyalists
29252,92,2,4403.57,4,5,5,14,Champions
29253,194,1,65.1723,2,4,2,8,Potential Loyalists
29254,895,1,3578.27,1,4,5,10,At Risk
29255,108,2,4403.57,4,5,5,14,Champions
29256,283,1,2410.0026000000003,1,4,4,9,At Risk
29257,70,1,171.56,4,4,3,11,Loyal Customers
29258,92,2,4329.61,4,5,5,14,Champions
29259,84,1,13.6342,4,4,1,9,Potential Loyalists
29260,109,1,109.0173,4,4,2,10,Potential Loyalists
29261,76,2,4320.62,4,5,5,14,Champions
29263,30,1,37.6342,5,4,1,10,Potential Loyalists
29264,84,2,4396.6473,4,5,5,14,Champions
29265,80,2,4320.62,4,5,5,14,Champions
29266,266,1,43.6242,1,4,1,6,Potential Loyalists
29267,156,1,4.99,3,4,1,8,Potential Loyalists
29268,311,1,41.6242,1,4,1,6,Potential Loyalists
29269,84,1,3.99,4,4,1,9,Potential Loyalists
29270,124,1,27.840000000000003,3,4,1,8,Potential Loyalists
29271,230,1,41.6242,2,4,1,7,Potential Loyalists
29272,123,1,41.6242,3,4,1,8,Potential Loyalists
29273,123,1,92.71039999999999,3,4,2,9,Potential Loyalists
29274,86,2,4479.62,4,5,5,14,Champions
29275,89,2,4337.9084,4,5,5,14,Champions
29276,68,2,4337.9084,4,5,5,14,Champions
29277,300,1,2419.06,1,4,4,9,At Risk
29278,70,2,4354.2642,4,5,5,14,Champions
29279,75,2,4411.2142,4,5,5,14,Champions
29280,859,1,3578.27,1,4,5,10,At Risk
29281,612,1,2443.35,1,4,4,9,At Risk
29283,209,1,53.99,2,4,1,7,Potential Loyalists
29284,17,1,48.0673,5,4,1,10,Potential Loyalists
29285,871,1,3578.27,1,4,5,10,At Risk
29286,278,1,35.9126,1,4,1,6,Potential Loyalists
29287,330,1,9.98,1,4,1,6,Potential Loyalists
29289,268,1,2450.6642,1,4,4,9,At Risk
29290,318,1,9.98,1,4,1,6,Potential Loyalists
29291,90,1,587.0862,4,4,3,11,Loyal Customers
29292,264,1,2401.3584,1,4,4,9,At Risk
29293,257,1,2384.07,1,4,4,9,At Risk
29294,61,1,572.94,4,4,3,11,Loyal Customers
29295,242,1,2384.07,2,4,4,10,At Risk
29296,53,1,69.95,4,4,2,10,Potential Loyalists
29297,80,1,639.7004,4,4,3,11,Loyal Customers
29298,65,1,557.97,4,4,3,11,Loyal Customers
29299,52,1,557.97,4,4,3,11,Loyal Customers
29300,214,1,2417.7142000000003,2,4,4,10,At Risk
29301,246,1,149.96,2,4,3,9,At Risk
29302,235,1,45.86,2,4,1,7,Potential Loyalists
29303,218,1,2419.06,2,4,4,10,At Risk
29304,269,1,60.882600000000004,1,4,2,7,Potential Loyalists
29306,225,1,2384.07,2,4,4,10,At Risk
29307,332,1,34.95,1,4,1,6,Potential Loyalists
29308,234,1,2438.06,2,4,4,10,At Risk
29309,220,1,2417.7142000000003,2,4,4,10,At Risk
29310,224,1,2417.7142000000003,2,4,4,10,At Risk
29311,35,1,616.0173,5,4,3,12,Loyal Customers
29312,226,1,94.94,2,4,2,8,Potential Loyalists
29313,51,1,539.99,5,4,3,12,Loyal Customers
29314,38,1,610.6343,5,4,3,12,Loyal Customers
29315,231,1,128.93,2,4,3,9,At Risk
29316,228,1,2438.03,2,4,4,10,At Risk
29317,216,1,2438.06,2,4,4,10,At Risk
29318,232,1,2384.07,2,4,4,10,At Risk
29319,239,1,2455.3484000000003,2,4,4,10,At Risk
29320,121,1,57.93,3,4,1,8,Potential Loyalists
29321,216,1,68.60419999999999,2,4,2,8,Potential Loyalists
29322,9,1,48.0673,5,4,1,10,Potential Loyalists
29323,136,1,78.63419999999999,3,4,2,9,Potential Loyalists
29324,268,1,41.6242,1,4,1,6,Potential Loyalists
29325,131,1,84.7304,3,4,2,9,Potential Loyalists
29326,871,1,3578.27,1,4,5,10,At Risk
29327,171,1,53.99,3,4,1,8,Potential Loyalists
29328,133,1,48.0673,3,4,1,8,Potential Loyalists
29329,43,1,53.99,5,4,1,10,Potential Loyalists
29330,110,1,42.97,4,4,1,9,Potential Loyalists
29331,130,1,72.5842,3,4,2,9,Potential Loyalists
29332,286,1,171.56,1,4,3,8,At Risk
29333,294,1,58.04730000000001,1,4,1,6,Potential Loyalists
29334,867,1,3578.27,1,4,5,10,At Risk
29335,866,1,3578.27,1,4,5,10,At Risk
29336,615,1,2181.5625,1,4,4,9,At Risk
29337,226,1,48.0673,2,4,1,7,Potential Loyalists
29338,156,1,43.6242,3,4,1,8,Potential Loyalists
29339,5,1,103.9599,5,4,2,11,Potential Loyalists
29340,855,1,3578.27,1,4,5,10,At Risk
29341,112,1,107.61420000000001,3,4,2,9,Potential Loyalists
29342,138,1,823.0904,3,4,3,10,Loyal Customers
29343,9,1,567.95,5,4,3,12,Loyal Customers
29344,2,1,557.97,5,4,3,12,Loyal Customers
29345,1,1,573.6342,5,4,3,12,Loyal Customers
29346,29,1,591.54,5,4,3,12,Loyal Customers
29347,304,1,60.95,1,4,2,7,Potential Loyalists
29348,126,1,41.6242,3,4,1,8,Potential Loyalists
29349,155,1,41.6242,3,4,1,8,Potential Loyalists
29350,866,1,3578.27,1,4,5,10,At Risk
29351,78,1,118.0573,4,4,2,10,Potential Loyalists
29352,873,1,3578.27,1,4,5,10,At Risk
29353,118,1,88.7204,3,4,2,9,Potential Loyalists
29354,858,1,3578.27,1,4,5,10,At Risk
29355,361,1,617.02,1,4,3,8,At Risk
29356,357,1,654.45,1,4,3,8,At Risk
29357,86,1,2412.03,4,4,4,12,Champions
29358,58,1,2384.07,4,4,4,12,Champions
29359,45,1,2482.03,5,4,4,13,Champions
29360,56,1,2423.04,4,4,4,12,Champions
29361,539,1,2071.4196,1,4,4,9,At Risk
29362,47,1,777.34,5,4,3,12,Loyal Customers
29363,54,1,777.34,4,4,3,11,Loyal Customers
29364,523,1,2049.0982,1,4,4,9,At Risk
29365,57,1,809.9,4,4,3,11,Loyal Customers
29366,38,1,2419.06,5,4,4,13,Champions
29367,37,1,2419.06,5,4,4,13,Champions
29369,15,1,2487.6643000000004,5,4,4,13,Champions
29370,88,1,140.93,4,4,3,11,Loyal Customers
29371,58,1,777.34,4,4,3,11,Loyal Customers
29372,188,1,44.980000000000004,2,4,1,7,Potential Loyalists
29373,231,1,209.95999999999998,2,4,3,9,At Risk
29374,26,1,742.35,5,4,3,12,Loyal Customers
29375,3,1,770.3100000000001,5,4,3,12,Loyal Customers
29376,148,1,42.98,3,4,1,8,Potential Loyalists
29377,166,1,62.97,3,4,2,9,Potential Loyalists
29378,47,1,44.980000000000004,5,4,1,10,Potential Loyalists
29379,246,1,69.05,2,4,2,8,Potential Loyalists
29380,521,1,2071.4196,1,4,4,9,At Risk
29381,5,1,845.3000000000001,5,4,3,12,Loyal Customers
29382,211,1,2384.07,2,4,4,10,At Risk
29383,118,1,47.559999999999995,3,4,1,8,Potential Loyalists
29384,196,1,49.849999999999994,2,4,1,7,Potential Loyalists
29386,288,1,55.54,1,4,1,6,Potential Loyalists
29387,198,1,42.98,2,4,1,7,Potential Loyalists
29388,327,2,2666.9496,1,5,4,10,At Risk
29389,289,2,2589.0882,1,5,4,10,At Risk
29390,290,2,2589.0882,1,5,4,10,At Risk
29391,316,1,573.6342,1,4,3,8,At Risk
29392,20,1,2402.05,5,4,4,13,Champions
29393,332,1,49.849999999999994,1,4,1,6,Potential Loyalists
29394,280,1,72.53999999999999,1,4,2,7,Potential Loyalists
29395,23,1,27.96,5,4,1,10,Potential Loyalists
29396,235,1,106.52,2,4,2,8,Potential Loyalists
29397,507,1,2049.0982,1,4,4,9,At Risk
29398,322,1,587.0862,1,4,3,8,At Risk
29399,292,1,561.48,1,4,3,8,At Risk
29400,286,1,640.44,1,4,3,8,At Risk
29401,339,1,1240.7826,1,4,4,9,At Risk
29402,88,1,53.99,4,4,1,9,Potential Loyalists
29403,268,1,639.2284,1,4,3,8,At Risk
29404,510,1,2049.0982,1,4,4,9,At Risk
29405,136,1,53.99,3,4,1,8,Potential Loyalists
29406,148,1,73.96000000000001,3,4,2,9,Potential Loyalists
29408,149,1,53.99,3,4,1,8,Potential Loyalists
29409,259,1,67.55,1,4,2,7,Potential Loyalists
29411,316,1,1240.7826,1,4,4,9,At Risk
29412,280,2,2697.3596000000002,1,5,4,10,At Risk
29413,14,1,53.99,5,4,1,10,Potential Loyalists
29414,495,1,2071.4196,1,4,4,9,At Risk
29415,513,1,2049.0982,1,4,4,9,At Risk
29416,166,1,55.54,3,4,1,8,Potential Loyalists
29417,170,1,231.54,3,4,3,10,Loyal Customers
29418,6,1,87.0373,5,4,2,11,Potential Loyalists
29419,82,1,53.99,4,4,1,9,Potential Loyalists
29420,103,1,53.99,4,4,1,9,Potential Loyalists
29421,26,1,124.6343,5,4,3,12,Loyal Customers
29422,75,1,62.6342,4,4,2,10,Potential Loyalists
29423,36,1,42.98,5,4,1,10,Potential Loyalists
29424,186,1,38.97,2,4,1,7,Potential Loyalists
29425,326,1,47.559999999999995,1,4,1,6,Potential Loyalists
29426,77,1,50.959999999999994,4,4,1,9,Potential Loyalists
29427,224,1,42.98,2,4,1,7,Potential Loyalists
29428,325,1,80.91,1,4,2,7,Potential Loyalists
29429,16,1,84.60419999999999,5,4,2,11,Potential Loyalists
29430,125,1,28.99,3,4,1,8,Potential Loyalists
29431,295,1,1248.4941999999999,1,4,4,9,At Risk
29432,264,1,1343.8962,1,4,4,9,At Risk
29433,266,1,1333.5616,1,4,4,9,At Risk
29434,268,1,156.5268,1,4,3,8,At Risk
29435,249,1,101.60419999999999,2,4,2,8,Potential Loyalists
29436,241,1,57.98,2,4,1,7,Potential Loyalists
29437,92,1,54.949999999999996,4,4,1,9,Potential Loyalists
29438,230,1,67.96,2,4,2,8,Potential Loyalists
29439,175,1,45.269999999999996,3,4,1,8,Potential Loyalists
29440,25,1,45.84,5,4,1,10,Potential Loyalists
29441,3,1,101.60419999999999,5,4,2,11,Potential Loyalists
29442,252,1,72.95,2,4,2,8,Potential Loyalists
29444,81,1,50.959999999999994,4,4,1,9,Potential Loyalists
29445,112,1,206.56,3,4,3,10,Loyal Customers
29446,27,1,72.53999999999999,5,4,2,11,Potential Loyalists
29447,2,1,45.269999999999996,5,4,1,10,Potential Loyalists
29450,467,1,2049.0982,1,4,4,9,At Risk
29451,322,1,72.45,1,4,2,7,Potential Loyalists
29452,139,1,742.35,3,4,3,10,Loyal Customers
29453,116,1,742.35,3,4,3,10,Loyal Customers
29454,105,1,742.35,4,4,3,11,Loyal Customers
29455,92,1,759.6384,4,4,3,11,Loyal Customers
29456,111,1,787.5984000000001,3,4,3,10,Loyal Customers
29457,107,1,765.32,4,4,3,11,Loyal Customers
29458,105,1,840.3100000000001,4,4,3,11,Loyal Customers
29459,100,1,813.6284,4,4,3,11,Loyal Customers
29460,113,1,760.33,3,4,3,10,Loyal Customers
29461,70,1,775.9942,4,4,3,11,Loyal Customers
29462,89,1,872.4442,4,4,3,11,Loyal Customers
29463,80,1,751.34,4,4,3,11,Loyal Customers
29464,74,1,770.3100000000001,4,4,3,11,Loyal Customers
29465,69,1,805.3000000000001,4,4,3,11,Loyal Customers
29468,206,1,2436.3484000000003,2,4,4,10,At Risk
29469,194,1,2402.05,2,4,4,10,At Risk
29470,23,1,84.60419999999999,5,4,2,11,Potential Loyalists
29472,118,1,135.95,3,4,3,10,Loyal Customers
29473,207,1,2419.06,2,4,4,10,At Risk
29476,891,1,3399.99,1,4,5,10,At Risk
29477,192,1,2435.0026000000003,2,4,4,10,At Risk
29478,184,1,2412.03,2,4,4,10,At Risk
29479,479,1,2049.0982,1,4,4,9,At Risk
29480,163,1,2471.6068,3,4,4,11,Loyal Customers
29481,868,1,3374.99,1,4,5,10,At Risk
29482,465,1,2049.0982,1,4,4,9,At Risk
29483,474,1,2049.0982,1,4,4,9,At Risk
